account_age_days,historical_return_rate,lifetime_value_usd,orders_last_7d,failed_payment_attempts,is_fraudulent_return
302,0.33920962585685616,3819.1746329966936,9,1,0
457,0.2705807795503292,4297.485720961651,1,1,0
943,0.02698488071369587,3797.6256142571833,7,0,0
334,0.31365706850513125,234.637711914317,6,1,0
5,0.08271007606420466,2765.733897897017,2,1,0
66,0.15702200150882206,1324.3724898208247,2,1,0
767,0.05596728906739462,3182.2151689245165,0,0,0
148,0.215246791715755,1850.9451031387187,4,0,0
607,0.06860740598201215,4811.457395058291,5,0,0
517,0.16288977187280912,4188.867600454766,8,0,0
994,0.20954387683548298,1273.386479099013,6,1,0
998,0.016428348870198173,2535.6922763229336,7,0,0
357,0.1303167273785007,4327.062967284044,7,0,0
229,0.3117058656681323,2004.996132702452,4,0,0
431,0.2460827529276029,2188.618557488264,6,0,0
364,0.05463077829542862,2361.1835705442,2,1,0
649,0.22398759606926333,3327.511031144675,3,0,0
273,0.31542551932255586,4304.819686634653,3,0,0
929,0.3339622367980423,562.4932365660212,4,1,0
382,0.2625319350953478,1116.1157624401253,0,0,0
142,0.15286149965161472,579.5599477786777,7,0,0
583,0.04921735452249487,3874.710237577641,3,0,0
237,0.29822312444942234,74.45450977453831,5,1,0
749,0.3213139676054658,2555.113154946497,9,0,0
374,0.303101126805166,3719.2580697466424,4,1,0
897,0.32823575876508243,4511.274523764248,5,1,0
628,0.27987924646464535,1959.810429926428,5,1,0
47,0.3697551165785324,738.12946118317,5,1,0
658,0.30494687083464966,1131.3568408048634,0,0,0
790,0.36707479865207543,2130.4269397736853,9,0,0
414,0.34395504572766217,748.651917304931,2,0,0
134,0.3659520995065159,4650.285096214322,6,1,0
588,0.03949029968311585,4075.603128857851,0,1,0
834,0.01878644292230508,340.2714690909226,3,0,0
910,0.10031604507328673,4437.761119641556,2,0,0
369,0.17403518543057006,2348.102002341117,6,0,0
261,0.2746631825930075,1838.2455588984546,1,1,0
495,0.1531905184681448,1436.9147663073757,7,0,0
629,0.020687191233629942,1215.6972588363658,4,1,0
524,0.008856925304694507,1600.956603189083,4,0,0
283,0.23047775705659135,3681.620163114671,1,0,0
658,0.20017779713497924,1851.1488800804775,8,1,0
735,0.09479774508834637,881.3733116187005,4,0,0
82,0.3064002860680654,4446.636605679767,7,0,0
762,0.23577006329408262,475.593064531456,9,0,0
517,0.27161004718358045,3149.2399149109947,4,1,0
855,0.20769671498439918,633.5197828550034,9,0,0
484,0.24012700054307734,3216.2424716023665,6,1,0
678,0.2647892082571252,1800.6792432550862,6,0,0
268,0.1064697738161714,4104.6692536265955,4,0,0
816,0.1275467164161897,2437.2684744585645,0,1,0
825,0.24087791486449073,2060.540341488312,9,0,0
581,0.31527801545459766,1335.0897884359058,1,1,0
283,0.2656340024804179,1837.3284301917417,6,1,0
727,0.397830115330721,2649.1848350862974,6,1,0
738,0.207054541061998,2842.0805330517514,4,1,0
973,0.08837843371173038,3315.125773953828,7,0,0
602,0.2013356041269989,628.7221822691774,7,0,0
797,0.16292204541246386,4297.36818608141,2,0,0
743,0.355841029677543,1039.5255213379544,1,0,0
526,0.06285295325605783,1545.774820492655,4,1,0
97,0.3007132926124004,4729.349602896434,6,0,0
847,0.21344334785458297,4477.122753150673,4,1,0
939,0.17143436976370746,3645.2511909998834,5,1,0
154,0.28671591267783053,3487.674722669294,2,0,0
227,0.034118841551520396,452.90073563907555,9,1,0
327,0.30070536100180567,1041.8171189785862,7,0,0
856,0.19622594243425395,2513.2193233570024,3,1,0
774,0.09574670496540116,4480.890933389317,8,0,0
611,0.24731797020779472,3489.38724200678,6,1,0
781,0.25535664347251563,3590.7135261944477,3,1,0
121,0.16628147620350908,3423.8374345322204,8,0,0
610,0.246046005175049,4344.190551372856,6,0,0
979,0.2570213948391021,1699.4029793034451,4,1,0
673,0.3192718637009567,4160.77497262534,0,0,0
945,0.16845691829573023,3520.360598249897,0,0,0
776,0.12532799002078476,3984.9314021144287,5,1,0
563,0.21622367980260687,3403.9478675856367,2,0,0
704,0.24463963052580157,4098.00052565956,0,0,0
288,0.31302976572141455,564.8033453607804,3,0,0
230,0.3842875862046992,179.47291543544486,7,1,0
309,0.10369935891456827,562.1832948985576,8,1,0
859,0.063896744128911,2199.2950884883244,8,0,0
13,0.33787262758209163,3820.1773453924284,5,1,0
989,0.13811947081157178,4070.0539237250428,3,1,0
352,0.23425502495991224,2771.0556908270196,5,0,0
164,0.08156055793355677,4734.11348989018,3,1,0
593,0.028352325685023327,1203.1397577727255,9,1,0
831,0.08553004626667582,2088.656472044997,5,0,0
547,0.3511066842041623,3514.1274800519486,6,1,0
936,0.3327781943943722,992.3964228377954,7,1,0
609,0.1738912015244436,3685.305168299681,7,0,0
44,0.19338511744084103,374.97104874928925,3,1,0
423,0.3109572106419391,73.00843618013916,0,1,0
270,0.00784746767122324,2817.584206909858,5,1,0
921,0.0013037316963168677,1982.3829312120693,2,1,0
481,0.3674914858149477,478.52840702024173,0,0,0
581,0.06705981135489508,3673.1131726349186,8,0,0
678,0.217345196331793,3977.019248543381,3,1,0
842,0.017201604226729117,4320.860168937199,4,0,0
528,0.29661886078270866,269.72903566717105,1,0,0
728,0.3424018478229281,4445.5200772164035,9,1,0
360,0.29253890818660805,2516.871774757467,4,1,0
62,0.3818015335440068,4806.270940595801,1,1,0
709,0.19281029869304595,1566.8739950702238,0,1,0
444,0.3235556304870473,3255.6381237344203,3,0,0
872,0.27339356241414187,2946.265719824708,2,1,0
945,0.12628053563476271,4873.184873825676,2,1,0
529,0.354399632453077,957.8768449058863,4,1,0
474,0.04777955197916761,2833.2937424206925,0,0,0
191,0.052850301939650346,3676.5791000904787,6,0,0
166,0.04734268736396141,1299.1903246403222,5,1,0
569,0.09342450972664351,4217.19394815839,1,1,0
437,0.058735970136429505,1934.5985012909812,9,0,0
93,0.0714049628913348,1220.0038824931917,4,1,0
129,0.04926863358387035,3583.352815900056,3,1,0
314,0.18231999550689149,3307.589479797141,5,1,0
69,0.29405259912099896,1908.1070659599059,1,1,0
223,0.0654381667288435,2345.214766236794,6,1,0
796,0.19645466780244664,3839.380091160615,7,1,0
882,0.25474136892195726,699.8874508178353,9,1,0
172,0.29622159270453813,1304.0029071727758,1,0,0
948,0.002434203827751613,257.2208388184545,6,1,0
158,0.10037247458476478,2026.0425613854432,0,1,0
113,0.19599902194457425,2975.5687415668426,5,0,0
237,0.10694786818739588,2860.2772609060453,2,1,0
735,0.3575683884055878,2572.789360397297,3,1,0
747,0.18964939633609373,4606.889409490978,5,0,0
826,0.21754546334976216,426.4443824480626,9,0,0
269,0.039735832927247305,4961.683058643979,1,0,0
229,0.22663373037751067,234.3013943338906,5,1,0
228,0.16323636490931032,965.8627460894078,2,1,0
516,0.07008271669136518,1590.7402776403383,9,0,0
959,0.010321719772896643,2446.3817784581665,4,1,0
87,0.16897278552264539,3702.8949309511945,7,0,0
166,0.0892420371735424,3371.9156174696095,4,0,0
154,0.1212886014489683,1593.265397709796,4,0,0
700,0.14902878589740476,4122.4452583886205,1,1,0
88,0.11278997208054753,1595.334247022887,9,1,0
391,0.15637055809420009,3095.1179808202023,3,1,0
73,0.13666443833294534,2323.0369478071657,9,0,0
426,0.05329872491467502,1127.2452971201888,4,0,0
81,0.09814360007153805,2397.3887384613095,8,1,0
591,0.03583968983766733,234.2522911925062,9,1,0
128,0.056793658689337445,800.8677228929408,9,1,0
628,0.176438675252167,2380.752134449173,9,0,0
868,0.1428324944233615,4127.1793440640395,4,0,0
824,0.2467718297947265,1926.159867558035,6,0,0
972,0.08526902444911294,3122.518775492947,7,0,0
226,0.22187968889016774,2121.473910393789,6,1,0
505,0.022790493539091294,2314.8081721613507,7,1,0
192,0.034653886519147414,857.9493254257638,9,1,0
936,0.1696186702644335,1017.9645718627057,2,0,0
194,0.3088096907769777,652.0163206321031,8,1,0
248,0.032964444678741156,569.3670941094862,2,0,0
772,0.15825088963131018,3980.5927012850393,0,1,0
848,0.2115294045983624,4962.495169210093,1,1,0
743,0.355841029677543,1039.5255213379544,1,0,0
827,0.1073189814522143,403.5668513280321,6,0,0
664,0.026888452666526008,2215.418225120994,6,0,0
213,0.08145829650080955,1678.082990772636,6,0,0
774,0.2510742263184926,2498.096107537753,3,1,0
774,0.09574670496540116,4480.890933389317,8,0,0
949,0.1734835378122419,705.8429917167141,4,1,0
87,0.2847606393410163,659.9440097487994,7,1,0
86,0.20867396015207068,803.8055612280031,7,0,0
935,0.2459339109586034,1152.8938698814115,8,0,0
615,0.01779107289673132,186.6994834482371,0,0,0
468,0.29825800034931543,2691.2652499324904,7,1,0
140,0.18779443700496196,1049.8754723427448,2,1,0
776,0.3649966123224818,2886.3167273534505,5,0,0
869,0.2972046919045365,1120.4695721783646,4,1,0
583,0.21202609260724614,1728.757648132806,4,0,0
41,0.11304959681334609,4245.419483744214,2,1,0
104,0.09341724996720968,2325.466946198379,6,1,0
643,0.14927396299108198,3093.840349959494,2,1,0
761,0.09528802325859692,3309.2064437757203,7,1,0
49,0.23112762142205023,4294.148216055394,3,1,0
974,0.3466909503074277,739.5640400301517,6,1,0
7,0.2605510071472476,1409.9089471959926,0,1,0
451,0.36836121325069826,1416.814188318281,7,0,0
187,0.18435146200198066,1770.2926201687267,7,1,0
729,0.18247859383411258,1946.0668736079137,3,1,0
548,0.014584946145371647,3428.2580762941243,9,0,0
919,0.1090383910305765,3591.52832004,8,1,0
920,0.32623797775361607,1195.4924797768858,0,1,0
900,0.10775642877388442,4293.128056761543,2,1,0
66,0.019562402409859903,1925.109276117441,1,1,0
932,0.13557112669029403,2489.484125702455,7,1,0
947,0.24958491663133087,3606.73980020168,9,0,0
179,0.02752398149710722,3461.4497067690477,7,0,0
627,0.11336711344918071,4520.881208667857,8,1,0
741,0.22604425516948623,4012.5227466886554,4,1,0
76,0.010255801511694751,2496.712291454003,1,0,0
554,0.12888294343111156,407.96922355379155,5,0,0
963,0.3498531778749594,3293.5824152483065,5,0,0
749,0.38866625704109664,2491.796271633406,2,1,0
540,0.28275036567775075,59.5896802274909,9,1,0
764,0.04478301215815533,1047.128643115713,1,0,0
944,0.09394497513625705,1129.393459627571,6,0,0
628,0.16133406875485962,2619.580559323096,7,0,0
353,0.02457631436235519,1800.3521852851077,2,0,0
476,0.3520204966553684,4384.820425442379,0,0,0
63,0.3200151941758402,1636.4917986850032,1,0,0
1,0.3110045944044903,2912.3565344167573,3,0,0
613,0.13124250395029552,3938.1825944106295,7,1,0
22,0.14579406408057866,1113.3296173154663,0,1,0
769,0.28052641976193954,1404.9925013067013,1,0,0
568,0.28511898228852406,4955.453168462188,4,0,0
995,0.2770630816791371,352.84041054611237,4,0,0
464,0.15446017479748475,4181.017054578338,2,1,0
183,0.3741035591975638,1712.9799266050472,0,0,0
670,0.053780695885217056,998.1431813371071,3,0,0
724,0.030833103653702065,2816.9491113284826,2,0,0
847,0.21344334785458297,4477.122753150673,4,1,0
628,0.08277039741154363,2262.988131667699,6,0,0
967,0.2990937499692643,3755.5782147831906,6,1,0
71,0.09460450265288822,522.4836884168766,6,0,0
885,0.028001154469500078,1309.8572518555263,5,1,0
524,0.18831992589859786,289.3942046965459,7,0,0
587,0.21571573351874412,3046.8120925411577,5,1,0
385,0.059765434773538906,297.0244085089463,7,1,0
722,0.033776441488767184,3815.767878540119,8,0,0
196,0.3417080661468546,2751.791286683946,3,0,0
655,0.19613352076177354,149.0727312060174,3,1,0
680,0.18037387252760462,2750.6792579592825,7,1,0
879,0.24638021199954502,2967.6329907251456,2,1,0
915,0.13685031474429793,2551.280932800893,5,1,0
664,0.07906328481653413,2482.1113149124412,0,1,0
230,0.22092404358692852,4699.218249037232,9,0,0
729,0.07275865019371247,952.4509517885156,8,1,0
447,0.2714631945498922,3384.9878910787247,9,0,0
459,0.10761032263318943,4757.388305052548,4,0,0
878,0.3929334283529425,651.6282931547606,4,0,0
435,0.2924963668029109,794.4714494357376,9,0,0
737,0.070389170006116,66.30148287622993,0,1,0
826,0.2649476482769706,4084.3841660417315,5,0,0
990,0.30012651646675254,2472.859950925636,0,0,0
790,0.36707479865207543,2130.4269397736853,9,0,0
492,0.32939305884045644,4088.1905745721365,4,1,0
923,0.3649556568961818,3188.5314989727817,7,0,0
384,0.38449009761431474,3482.9558147686416,0,1,0
588,0.18754970265917498,442.17136251055314,5,1,0
129,0.3280725212796791,3853.586051987481,6,0,0
283,0.12446449385729685,1373.8548012572878,5,0,0
646,0.31148644384404783,4747.039175025404,0,1,0
107,0.1572820754636826,2503.5386923697497,2,1,0
391,0.17907239059790275,2582.732826921885,7,0,0
998,0.17458019328287488,608.0161340411685,8,0,0
221,0.32593247383359375,4495.076628632847,6,1,0
769,0.04900270743547086,3588.4441297867106,7,0,0
509,0.10174399727765626,491.2265647400161,0,0,0
712,0.13400449184261176,4911.27377433892,3,1,0
968,0.273024965941383,2323.758755140782,4,0,0
899,0.004073124097117575,2484.5832748486946,2,0,0
792,0.15535766415572372,2108.8665533104845,5,1,0
606,0.25046934587494724,3133.730585145109,4,0,0
828,0.281406305476815,4244.344512553427,3,0,0
576,0.21196862794679072,934.2775580463409,5,0,0
423,0.17546104748283975,1771.2875360298963,6,0,0
641,0.07684206790362341,3602.2059815953335,8,0,0
964,0.207887156790787,1778.140387214047,2,1,0
343,0.06250684505790488,1013.4050906926308,0,1,0
910,0.2667398741346657,3692.352050400363,6,1,0
848,0.2667607154904919,582.3539966758758,5,0,0
827,0.08909821339406304,1715.4155556153057,8,1,0
130,0.1731967840250545,3143.6016898688513,8,0,0
613,0.17943434549692938,338.07896214492087,5,1,0
405,0.1590863457492132,4961.3759079857455,8,1,0
279,0.3526533212679636,3068.0718717472423,1,1,0
120,0.2540844031719816,4467.541064719463,4,0,0
599,0.19979925581043395,3639.419353408416,6,1,0
256,0.2916380985695483,3518.6486417047963,7,1,0
62,0.24776231165592233,4989.441773322183,1,1,0
879,0.2539743459532041,4943.522871180343,9,1,0
609,0.1738912015244436,3685.305168299681,7,0,0
314,0.2494364105769405,686.3304094092242,3,0,0
32,0.2000148179931457,1491.9718590587145,5,0,0
806,0.1555973689020046,533.4223302098981,0,0,0
736,0.38033067101180323,2273.033741138339,7,0,0
377,0.028870539733517997,2589.00195456685,2,0,0
496,0.024283326529647986,590.3900236837299,6,1,0
668,0.36417641873828094,4397.9682274932175,8,0,0
242,0.24150592777418933,2884.4553643059553,8,1,0
672,0.2294034771345178,1683.4792278734312,4,0,0
819,0.2322594324058594,3144.351344575354,3,0,0
677,0.3600390803390011,1484.2668994558203,4,0,0
894,0.17479259789219603,4716.098425074339,7,1,0
602,0.008644022381681604,2409.2055483630465,5,0,0
478,0.2815471389362464,1003.1297040057622,4,1,0
214,0.21572249615400518,1221.6951448846978,1,0,0
233,0.3084505645198687,3682.0736346122108,9,1,0
778,0.3309391940223456,2182.2141927305256,8,1,0
100,0.21680301670476754,2316.4765582535388,7,1,0
234,0.33772780901162525,3809.086662090062,3,0,0
933,0.1653513941996555,1729.6773133344666,3,0,0
819,0.2694810596782105,1582.7388380504667,3,0,0
118,0.268503643296962,1155.800448763374,4,0,0
163,0.38499614060935206,3051.6382010927186,4,1,0
861,0.2241732352623168,4929.579642727883,2,0,0
822,0.20232251422004965,1706.1595611086714,7,1,0
377,0.14622090229475787,3649.509944898657,8,1,0
696,0.17282846777092964,4322.18658145478,7,0,0
764,0.13397137505342394,3033.396033560678,9,1,0
728,0.279697622319235,1883.549067495567,0,1,0
896,0.12590338302544074,3960.7737634008768,9,0,0
357,0.15605973266960227,4533.138207980093,0,0,0
654,0.13029894318588808,775.302807917775,3,1,0
762,0.296758446056932,1822.3718155503702,1,0,0
599,0.35400566543564477,1358.8181845769564,5,0,0
371,0.35274477428931733,3292.925562386689,3,1,0
817,0.07628711215118938,852.6023005049822,8,0,0
715,0.2775798648950774,1363.208644144371,6,1,0
352,0.07228985511979236,1510.0639600105744,8,1,0
159,0.07058301659851485,4639.289141190894,7,1,0
39,0.31197975471600714,768.7978492376192,1,0,0
892,0.16911548365864243,67.8518587269844,6,1,0
651,0.07282604553217825,4265.55086360582,8,0,0
257,0.16885957228110854,2064.328124446527,6,1,0
819,0.2015156556413683,2834.8773873728965,4,1,0
674,0.2935129409668813,3999.7598893614136,1,0,0
702,0.1411569171053601,1975.7052026351691,3,1,0
147,0.06965974118902318,988.7557685967059,9,0,0
146,0.1429531451974893,2918.7102687573833,3,0,0
611,0.1435015527545993,638.3627712502615,8,1,0
212,0.05312285423478025,2173.5257976688144,7,0,0
527,0.18769761032558657,2838.9884247972514,4,0,0
700,0.1583735916287175,2909.593159066267,6,1,0
681,0.2696741024204399,658.1972547731377,7,1,0
832,0.3203107745288443,971.7422842350572,9,0,0
902,0.010026354892004263,1445.9412670266274,3,0,0
73,0.007114111864582995,302.2078746786342,6,1,0
182,0.001957052867695319,2403.216990726221,0,1,0
649,0.1960699625580749,4671.260859460255,1,0,0
477,0.11722442440401976,4458.669571779532,1,1,0
318,0.3736180690197751,2929.654668843559,4,1,0
159,0.11380528932088624,4774.209868059795,3,1,0
429,0.34462200998101156,3196.9072185323303,2,0,0
214,0.08801984107748534,887.6187056904819,2,1,0
127,0.3042673216386192,1623.9164931811977,4,0,0
448,0.035590118159043116,2080.3133594569263,3,1,0
58,0.13311575074940513,1656.2986640690472,9,0,0
345,0.29226075771909654,2161.957302188579,2,0,0
284,0.1113924821049801,2890.5814228660442,8,0,0
315,0.39348036349270454,4386.287464771342,9,1,0
61,0.21934235144989678,1013.0529978868964,9,0,0
686,0.3155246966351103,4637.604476416412,4,1,0
466,0.15147258394504198,720.9471738769985,7,0,0
388,0.12977612433249408,4926.221667381708,5,1,0
621,0.2223126200307714,3024.7386878264206,1,0,0
288,0.39483423139025137,2126.1137980396174,4,0,0
52,0.06673450223482952,1639.637638882187,4,1,0
252,0.029812762193634434,2626.840989708405,0,0,0
318,0.03851599999205696,4216.365975010737,0,1,0
412,0.34285361464303793,3288.2298852345266,4,0,0
114,0.2185621368700062,371.0222781992628,8,1,0
909,0.07076060122498007,137.6888020693978,7,0,0
118,0.268503643296962,1155.800448763374,4,0,0
820,0.2453237496703634,176.12319620271745,0,0,0
925,0.1466780399969938,2632.985849104235,7,1,0
993,0.39634628642468894,2367.9411048092384,2,0,0
574,0.011246164817770243,3218.1713885135478,5,1,0
555,0.05110565746031126,2569.0340469780504,7,1,0
853,0.3973402877554036,4956.156730028528,6,0,0
691,0.35363395933321956,2966.817560868239,9,1,0
715,0.29217570849105645,4783.373160382062,4,0,0
780,0.06533631520663119,2492.909084287623,2,0,0
42,0.1530743254592874,2004.2758400230975,7,0,0
125,0.30383878074436194,3798.9110649900103,9,0,0
698,0.14813491797723471,1582.8135764477026,4,1,0
946,0.05164673377632156,2463.0069160345356,1,0,0
154,0.1212886014489683,1593.265397709796,4,0,0
983,0.32137595697977345,2148.0353462778544,7,0,0
104,0.15206192473401808,221.87819706357845,9,1,0
649,0.22398759606926333,3327.511031144675,3,0,0
297,0.22547216108811358,1654.2032228865862,1,0,0
619,0.24087845456133822,521.2892680984189,0,1,0
881,0.14854810958654052,4387.228245618816,4,0,0
119,0.32515357865362804,349.95859748934265,5,1,0
800,0.3382360717462055,2283.1729134131137,3,1,0
398,0.08231362328270758,894.6306624637191,8,1,0
197,0.07335028791682996,1468.9875849032712,6,0,0
823,0.16890852166078202,2910.464800545216,8,1,0
937,0.158422471825165,3128.659181561821,4,1,0
284,0.300693492990893,3693.922559757841,9,0,0
643,0.14927396299108198,3093.840349959494,2,1,0
688,0.018342002697271154,4959.691136476156,2,1,0
774,0.09574670496540116,4480.890933389317,8,0,0
268,0.3123664259478072,1311.8865018034996,1,1,0
233,0.19477656781304764,2143.9339145721246,6,0,0
146,0.32543319762707035,378.9598034878134,0,0,0
382,0.2625319350953478,1116.1157624401253,0,0,0
804,0.291877094391535,4060.965337096912,2,0,0
163,0.1497288619671273,724.572659103118,3,1,0
895,0.09338865331803503,2825.2296702728386,3,1,0
68,0.2308851831981395,3344.287284410363,1,0,0
899,0.20867016758,3387.9771650761672,1,1,0
974,0.24435308419580098,4805.743610707779,3,0,0
231,0.09634554734648398,1923.4515011004892,1,0,0
877,0.1962630992089136,1853.4067953212382,9,0,0
919,0.2783661538796089,1406.4025511419184,6,1,0
424,0.05327562360805649,2272.577617272863,1,1,0
535,0.014631054583666092,2607.540665620476,6,1,0
751,0.17642205918675002,1813.0473035872792,2,0,0
771,0.18687671021147662,1759.9732131670876,9,1,0
949,0.3163480207017565,798.6392376998216,9,1,0
398,0.3047529455024916,4918.774420322442,1,0,0
598,0.16195265828160094,4200.948336288936,6,1,0
446,0.3649578147562888,450.5510902696127,1,1,0
439,0.2739057923624013,530.7136441926116,6,1,0
824,0.041333518993271146,1825.1893222507108,9,1,0
109,0.28728725173650854,3584.3633661789263,0,0,0
617,0.33216968330284113,2033.4374363842717,9,1,0
237,0.2153526658492026,3897.8418557695545,1,0,0
760,0.21982786702958246,4532.435789065349,2,1,0
447,0.20244654841153314,836.5819026337075,0,1,0
932,0.13557112669029403,2489.484125702455,7,1,0
152,0.2497743506431876,571.9707618189062,9,0,0
553,0.21998688352119,4191.363136164484,1,0,0
738,0.207054541061998,2842.0805330517514,4,1,0
562,0.31443644849408775,4975.720460935247,9,1,0
602,0.2013356041269989,628.7221822691774,7,0,0
39,0.08080479029768195,1648.2498850429397,4,0,0
647,0.31727823387076237,2820.0939646549427,2,1,0
128,0.2863802664775434,4986.962598671033,6,0,0
833,0.2968753762035898,2664.3320099370517,4,0,0
967,0.2990937499692643,3755.5782147831906,6,1,0
302,0.35747641177588857,2442.026938200422,4,1,0
85,0.05780594409620737,1357.1664846139645,7,1,0
162,0.26612290357089036,160.52771123924737,8,1,0
278,0.2797874209779367,2078.247089944056,6,0,0
187,0.27928671085413304,3700.237309178893,2,0,0
111,0.22464791044812726,1182.6173029648671,7,1,0
509,0.011069976516935698,3529.9298065602443,8,0,0
601,0.22974165052508266,3777.3474033964258,2,0,0
973,0.04892850135822502,1793.7913494937056,1,1,0
811,0.28338228192618786,2928.5375143163947,9,1,0
85,0.05780594409620737,1357.1664846139645,7,1,0
647,0.1838935427402818,1340.5077630190651,6,1,0
393,0.06243503845296133,869.5393996725026,8,1,0
764,0.014738176062223829,4004.5664583611638,2,1,0
194,0.07969513287446056,615.5158724202885,0,1,0
984,0.36759197177566183,2625.034916083758,7,1,0
598,0.35394034761826765,650.6535768547927,2,0,0
749,0.2691001957049102,1056.9661356629808,3,0,0
915,0.0994458514690087,2192.260367681567,7,1,0
460,0.2793111684330947,471.939474090962,2,1,0
130,0.1731967840250545,3143.6016898688513,8,0,0
424,0.29831526617857057,4340.579700794812,9,0,0
56,0.09723175959115687,1643.8162820564135,5,0,0
495,0.07795946795322795,3996.03138839349,6,0,0
373,0.137585056244034,3063.570357867556,3,1,0
340,0.03489289200023238,2444.769935342103,2,1,0
129,0.23514423835158793,249.97841737098582,6,1,0
973,0.08837843371173038,3315.125773953828,7,0,0
110,0.024101121022918393,4977.462638095174,3,1,0
414,0.08029684752165428,3457.685663903671,6,0,0
942,0.34303657771135976,4571.113177797707,0,1,0
229,0.02632787972553996,3886.7349200064155,6,0,0
592,0.093576096299465,480.6834981876243,8,0,0
370,0.007887194885722981,1966.5692774251727,6,0,0
768,0.27005835468141004,3511.880908977309,7,0,0
923,0.18143290849755173,3426.8929993693127,9,1,0
494,0.11985453912122235,4034.387057699056,6,1,0
420,0.3841033839037454,857.5437105970498,8,0,0
157,0.2190558255166476,2278.5227497698415,7,0,0
390,0.17171030806533694,327.7518186727139,0,1,0
454,0.15907609290208002,1713.8016023815114,2,0,0
307,0.17792295562248528,325.2522452246125,9,0,0
668,0.36417641873828094,4397.9682274932175,8,0,0
313,0.2343009050607549,3475.7717049456387,4,1,0
72,0.21813443055778137,450.21756354611057,7,1,0
309,0.22190637049004042,755.0910374705556,0,1,0
876,0.02400115131506464,673.7316138366854,1,1,0
765,0.2711021943596575,3342.7319316444564,7,1,0
932,0.3514737743084533,914.4599843974548,4,1,0
859,0.184528079670902,2543.909488667504,3,1,0
41,0.3320165165556588,3081.3943951097117,5,0,0
47,0.3003336338528028,4340.197324437892,3,0,0
920,0.2898197277670099,4209.666431084282,8,1,0
94,0.2010042358254307,2264.2589535026013,1,1,0
815,0.12043903185274135,4893.146301898539,1,1,0
155,0.28228572930355567,2938.7234689619145,6,0,0
385,0.37826958361312035,708.8526160631396,3,1,0
192,0.1530292264625724,1301.8365537773382,7,1,0
824,0.30676394208178653,1233.75796138236,2,1,0
604,0.25375454723466573,4429.5467057991655,8,1,0
547,0.12163654223534931,1726.832855510592,6,1,0
70,0.34147084731266514,4241.724161716284,0,0,0
321,0.18285792858952354,1877.809647043199,5,1,0
968,0.17812494730189005,3216.525207687558,4,1,0
443,0.25085640834424594,1290.5293302700043,7,0,0
106,0.009717577591150994,4464.839527227888,9,1,0
288,0.39483423139025137,2126.1137980396174,4,0,0
54,0.31863990506154377,4865.097800586635,7,1,0
512,0.2970607332495941,4548.650400868349,5,0,0
731,0.17823833542389372,2039.254102463782,7,1,0
674,0.23501010478634837,3996.6333080008685,2,1,0
154,0.3975437303301298,3888.9648314317305,0,1,0
618,0.03833619098414498,4774.651908816248,5,1,0
317,0.3260413414398717,1367.8048101995923,2,0,0
759,0.12607197791947178,4190.160236055779,2,1,0
194,0.10113859054533447,1205.4915136246636,1,0,0
278,0.3385799789611604,524.1797253922438,7,1,0
193,0.34239770107507655,1516.2416770101834,3,0,0
76,0.30705757723122373,4663.010257982105,5,1,0
533,0.3787010991655137,4451.5474173814555,5,0,0
514,0.11223643471430139,3565.9173766337967,6,1,0
849,0.3998703218564196,552.2095371129709,0,0,0
18,0.2066113387458856,3338.5920805566134,5,0,0
233,0.3084505645198687,3682.0736346122108,9,1,0
101,0.0927059089135871,3822.4988281033225,9,1,0
271,0.24212652811501084,3433.038035011415,5,0,0
984,0.12080123102001994,137.2190135120842,6,0,0
443,0.3955149385058756,1059.613470678395,2,0,0
192,0.057645629941800114,2542.564941232476,0,1,0
473,0.31781599932001997,3280.9810258005828,1,1,0
990,0.30012651646675254,2472.859950925636,0,0,0
237,0.2153526658492026,3897.8418557695545,1,0,0
490,0.30753231492890565,2076.396978294426,5,0,0
910,0.3944725619674634,2025.9447866950109,4,0,0
41,0.2565949458549149,4773.473306690428,0,1,0
166,0.015080685753419476,4244.212918894952,9,1,0
726,0.12003482655358932,555.4696902977325,8,1,0
570,0.23863881626661765,3019.141518313737,1,0,0
536,0.030456113435763543,1306.056165954715,7,1,0
9,0.06818282692562067,3866.7300259870035,0,0,0
533,0.3787010991655137,4451.5474173814555,5,0,0
853,0.15777673722155544,1193.266871288092,7,1,0
43,0.373730801740877,3567.027715178902,3,0,0
610,0.11945234783378827,4140.498547118341,9,1,0
928,0.3538513147748419,1417.2376816927847,8,1,0
825,0.2888815337488537,1382.9902895437515,5,1,0
145,0.3184107321421764,1145.7743694851702,6,0,0
422,0.33690707288184035,257.2228545141379,1,1,0
861,0.21275022437348545,4903.375252602208,9,1,0
770,0.20881950293435136,4539.206637556451,5,0,0
150,0.08079375087903412,3144.2180648788626,4,1,0
107,0.10491329154528067,3453.33418973384,7,0,0
698,0.25454091428323555,3108.6226495538476,2,1,0
492,0.13612027125302234,3957.4115830186693,2,1,0
553,0.27641517804619975,3861.342203302487,1,0,0
512,0.17165048459787047,1495.2364552217994,5,0,0
807,0.07664808025769371,1360.5235635777376,1,1,0
130,0.009844655987875539,1356.1064335069682,8,0,0
674,0.15805079089141216,468.41743943535704,8,0,0
43,0.3169077031149724,2618.0475631059317,8,0,0
895,0.03256725072198052,2113.0956082613825,3,0,0
518,0.07208163008716412,4094.6644224032584,0,0,0
202,0.18467706504471615,2059.104360744259,5,1,0
936,0.1696186702644335,1017.9645718627057,2,0,0
594,0.06178324370078808,3902.415436729205,8,0,0
314,0.2613653390284273,4359.474170749773,4,1,0
166,0.3338973964032849,4014.7755856007007,5,1,0
261,0.2746631825930075,1838.2455588984546,1,1,0
140,0.3444778950855849,2636.721117983745,8,0,0
79,0.10658210119595407,3899.196276324767,6,0,0
201,0.32703877647787377,863.7751624655314,7,1,0
245,0.06971916357498698,245.43240912825476,1,0,0
794,0.33383697550414343,1432.0773178731288,6,0,0
829,0.2020402647466547,3753.5456742997417,4,0,0
110,0.03323656510458578,1891.1770408016137,5,1,0
646,0.16984630923979355,2358.2454689326487,4,1,0
610,0.11945234783378827,4140.498547118341,9,1,0
306,0.050470812778199425,219.56013945186785,7,1,0
813,0.2801759870099809,3759.626551735893,2,0,0
560,0.21239167076209314,3539.3189948085133,4,1,0
174,0.10937016155204654,80.39380519025384,0,0,0
273,0.23935086028466612,1687.158760651528,3,1,0
903,0.3852407265595149,367.6227796498703,5,1,0
269,0.039735832927247305,4961.683058643979,1,0,0
360,0.14107779201806964,4638.2064694989185,1,0,0
207,0.019332780923794757,542.6359204616795,0,0,0
748,0.20242994480907217,4107.976063644266,7,0,0
957,0.21600527946518133,3954.432470058378,5,1,0
386,0.2553414922235912,3992.9404343515353,7,1,0
206,0.2810722272542878,1511.6431112373912,2,1,0
919,0.1402302434259226,2475.0847524422484,9,0,0
364,0.3149602520306298,462.1908624749664,7,1,0
546,0.30551170577096226,805.849211710476,2,0,0
694,0.33343331806027954,4622.865786291382,6,1,0
537,0.08019206692183567,4449.705738978847,5,0,0
769,0.28052641976193954,1404.9925013067013,1,0,0
364,0.05463077829542862,2361.1835705442,2,1,0
129,0.19277400067020145,247.4316483573435,9,0,0
495,0.30417502326583934,4738.655588592313,6,0,0
188,0.22364576993631402,4735.204677217415,4,0,0
443,0.011795983890397932,1854.6222782600469,2,1,0
471,0.03539571800558722,2609.2780179831093,0,1,0
569,0.12539916755598135,3892.737732244296,5,1,0
575,0.39446351197443974,1423.7675203258914,3,0,0
685,0.14111429805905557,1478.4662510579694,4,1,0
828,0.09328924962682067,1312.8013664738698,9,1,0
429,0.30486202376114624,2465.7645701017937,8,1,0
825,0.036529323016390725,4106.52293559764,7,0,0
819,0.2015156556413683,2834.8773873728965,4,1,0
227,0.023899854828874634,2359.130253667735,1,0,0
963,0.10887435241701099,2298.4338356506473,6,0,0
849,0.13857217593667992,1527.0350632559096,3,1,0
915,0.3714266155571982,3185.889985845285,6,0,0
209,0.013601254357737846,4076.600129313333,3,0,0
902,0.2981927092016146,1880.251971660064,2,0,0
611,0.24731797020779472,3489.38724200678,6,1,0
704,0.1799412988772774,1947.634569718433,3,1,0
473,0.11835765292243489,3372.371304687949,8,0,0
154,0.1257727765664724,2829.667910374248,6,0,0
666,0.28466731595361255,1012.9233757552634,4,1,0
146,0.20358253104456014,4905.3780809352575,9,1,0
681,0.20540450050484033,3426.5938558119433,5,0,0
574,0.16840955548372843,4823.961829216259,1,0,0
668,0.1738175434881007,1202.6310196622337,4,0,0
634,0.10780488262152238,3019.7242424521296,5,0,0
128,0.2163754345554998,4512.478247814158,6,0,0
201,0.32703877647787377,863.7751624655314,7,1,0
485,0.2447245993427697,707.4892169889658,4,1,0
896,0.018260189690686934,4490.163832169674,5,0,0
293,0.27258675361630996,3425.944542566224,3,1,0
676,0.2263840647557004,4752.215904093323,8,1,0
760,0.21982786702958246,4532.435789065349,2,1,0
120,0.3296640639920007,3170.6509185536343,3,1,0
406,0.30333076488793387,4890.662234823936,4,1,0
883,0.26128641013090476,1853.4304544065442,2,0,0
239,0.09537716487163195,2341.393057603347,4,1,0
580,0.34508553530216607,2311.3353800488094,2,1,0
154,0.3975437303301298,3888.9648314317305,0,1,0
638,0.22338491723412607,2158.87900556083,4,0,0
958,0.1578605648852443,3603.6762885275543,7,1,0
421,0.33341814038064654,3816.990235245254,9,0,0
921,0.014050841808822101,2055.1664554006074,6,1,0
127,0.2898162291009091,1301.5057537179243,8,1,0
76,0.1976128253612332,645.0603346863516,6,1,0
511,0.3435949982343383,4787.569846348883,3,1,0
465,0.2957547660674913,2293.2114433952265,9,1,0
575,0.34770533548486215,2031.3711867016766,9,0,0
147,0.3816538076061053,204.2536483424914,4,1,0
97,0.0960646636009333,1606.8836669430245,9,0,0
109,0.39608456811398224,713.3906947124073,8,0,0
424,0.28506348741445725,3267.222967714028,3,1,0
466,0.2502116218162669,351.01079432836207,2,0,0
986,0.3895337571797348,2082.6661785045635,6,0,0
491,0.07767165125500847,1105.4407278965043,0,0,0
234,0.18219315506989248,2682.449643751403,8,1,0
396,0.2417011182615021,3114.4883981053154,3,1,0
283,0.009548827801602211,2334.9765174455983,2,1,0
443,0.04121663600949538,3954.4199920491924,6,0,0
589,0.22360687039689253,720.7774823494527,8,1,0
144,0.374871378211409,1785.6486033181188,5,1,0
314,0.26712355536019156,1359.355281997195,5,0,0
295,0.25629131342356826,666.82779849515,0,0,0
746,0.12318566657381363,2543.520203573415,7,1,0
171,0.3637178687077408,171.67898830784193,6,1,0
529,0.2859232998931598,4097.868673837525,8,1,0
726,0.3375233111449599,768.1237447003429,2,1,0
420,0.1619254432785016,3771.179121561931,5,0,0
862,0.26505778251765766,3694.5007004993186,7,0,0
934,0.10170650109915752,916.6358286435146,7,1,0
174,0.10937016155204654,80.39380519025384,0,0,0
209,0.020123437094102026,2842.356951552937,9,1,0
847,0.3157767427209788,3684.102405080087,9,1,0
179,0.3949872500083864,1026.8400200468818,6,0,0
111,0.03571138554557873,4583.579108238698,5,0,0
988,0.11041245793890803,3217.1682208354237,6,1,0
596,0.13437347264488414,4436.294056742663,2,0,0
40,0.3702594698089337,1343.8739699650762,7,0,0
619,0.24087845456133822,521.2892680984189,0,1,0
210,0.00550667916780373,4508.105108244742,8,1,0
516,0.0686516875708022,2521.9337009879177,8,1,0
793,0.09213253808537186,2576.6146208297355,8,1,0
636,0.17712300159462213,4748.43119957304,7,0,0
495,0.3539822034191983,1199.877259758882,2,0,0
149,0.3955360717390562,1176.3048397658715,7,0,0
49,0.0630975455131183,4403.095216029417,9,1,0
464,0.15446017479748475,4181.017054578338,2,1,0
670,0.19966307319575516,1375.9778645696128,4,0,0
397,0.04754682385536474,3747.91770634217,4,1,0
397,0.04754682385536474,3747.91770634217,4,1,0
489,0.10252754670941788,4439.439260129598,6,1,0
274,0.3910506127420532,2704.4252158506606,7,0,0
756,0.1205158689518055,866.0106449940204,9,1,0
404,0.007836186944362888,4910.40031966609,4,1,0
743,0.355841029677543,1039.5255213379544,1,0,0
135,0.12831340195761393,2079.1513242701058,9,0,0
798,0.23842140195772987,4968.817590771614,2,1,0
59,0.34789748347037275,3422.9649471902662,8,0,0
181,0.3756858852677514,3381.933917603889,8,1,0
353,0.02457631436235519,1800.3521852851077,2,0,0
889,0.20257883600847043,2249.7182814801045,6,0,0
127,0.2898162291009091,1301.5057537179243,8,1,0
615,0.30836904028745143,3617.5414857031415,3,1,0
702,0.2480608470707224,3521.301274141226,9,0,0
1,0.10524141814632937,1932.3111491359386,3,1,0
180,0.1497333564737925,2257.5075240821066,1,0,0
923,0.2705339293284112,697.7622783070697,8,1,0
328,0.2928020839197536,3717.022327974614,6,0,0
423,0.3109572106419391,73.00843618013916,0,1,0
626,0.0013340840046431324,2127.084455933014,5,0,0
568,0.20513456916585843,4529.819032045488,8,0,0
339,0.0014813602801984072,4800.288268818822,9,0,0
524,0.00714538502035017,1183.2402362208459,6,1,0
33,0.36418065136836125,277.2372500290595,6,1,0
997,0.08031680630927535,2683.7988248803404,5,1,0
776,0.12532799002078476,3984.9314021144287,5,1,0
604,0.026512885514905382,3434.9342665721974,7,0,0
943,0.05988346595544247,3714.9504485389634,2,1,0
96,0.21549186442410156,1775.972380475585,3,0,0
611,0.22209197396075214,3378.387666542232,0,0,0
82,0.2897470913951306,2692.367985578807,7,1,0
490,0.3921428858702344,626.7085700225679,8,1,0
288,0.15480037254275003,4016.0102298230295,0,1,0
189,0.39672079568606616,4337.5321533707165,2,1,0
962,0.291266888720368,2516.938654982051,4,0,0
698,0.32383467806041294,4298.762277561953,8,0,0
457,0.19742848276410546,1384.0481352594772,1,0,0
925,0.15729077327311364,2031.7053651710578,2,1,0
75,0.20366579492379622,1973.2174250482492,8,1,0
739,0.03960657500418541,4476.6994574842065,4,0,0
947,0.2194543701031194,1512.9388952220397,2,1,0
859,0.3197123200882855,3480.4968610469277,2,1,0
864,0.025253696191403274,1480.465375996908,5,1,0
387,0.38482108194182724,1432.5369266066084,9,1,0
845,0.24620087960216785,792.6196882602438,7,0,0
277,0.15810756128166503,434.06283586235514,7,1,0
154,0.28671591267783053,3487.674722669294,2,0,0
364,0.33520144550818204,959.0370568485673,0,1,0
871,0.006790793949384866,500.2506077937736,5,0,0
39,0.022330608189449375,1717.4539417716303,0,1,0
920,0.32623797775361607,1195.4924797768858,0,1,0
687,0.06560774146584325,1725.7960057856837,4,1,0
789,0.26773247482847706,3986.8605023405303,7,1,0
205,0.3471134080208522,100.3585133777332,6,1,0
85,0.03083729181047873,4115.49610443026,3,1,0
13,0.38114259761586217,1396.4151268593862,1,0,0
165,0.36419309305036623,3852.460442085005,4,1,0
182,0.395386531866017,4024.0996937001564,1,0,0
433,0.21151808954109247,4045.0418234807235,8,0,0
139,0.2762517381307719,4511.894109185954,4,1,0
288,0.31302976572141455,564.8033453607804,3,0,0
307,0.17792295562248528,325.2522452246125,9,0,0
490,0.31294332216524207,4089.9609332185155,9,1,0
629,0.0904092395011975,146.27375033555484,3,1,0
645,0.3511624897098534,4286.002121782624,2,0,0
289,0.22430662641483595,2187.5535300279194,4,0,0
301,0.3506817801552207,1562.3792734071762,9,0,0
921,0.18498324720293474,287.47024108217704,3,0,0
106,0.07957954199691492,865.6253694638353,1,1,0
972,0.0772820033249414,3206.493019510235,5,1,0
704,0.09755441001210502,409.3187336871373,1,0,0
830,0.22000315929967634,2407.15764460495,2,1,0
887,0.11479365444625816,3315.3667113629126,4,0,0
630,0.3668442296379284,4744.580867959851,2,1,0
984,0.10608063146551461,1153.188233967581,3,0,0
515,0.1392839766028297,4336.136149112181,2,1,0
328,0.3106700107142246,3907.567923382736,4,0,0
502,0.37131587340657174,2458.177049808432,2,0,0
437,0.1929062608796447,4638.205433834249,2,1,0
204,0.1257994848824126,469.6097912531095,5,1,0
273,0.307725710192203,1684.3960646067549,1,0,0
225,0.060343652580986396,4592.901417297223,6,0,0
607,0.39220283280420004,2709.1572586258612,0,1,0
178,0.0622171039733776,3877.931738855236,2,0,0
49,0.23112762142205023,4294.148216055394,3,1,0
849,0.13857217593667992,1527.0350632559096,3,1,0
622,0.2306352665761358,1066.3271899547556,0,0,0
990,0.11227973463444818,1455.9419076037723,8,0,0
811,0.12144311831239452,2767.366401014689,3,1,0
891,0.15099095654286687,785.9829039964654,0,1,0
564,0.12849586765547377,1259.363665244978,8,0,0
249,0.04828829035283205,329.91220986727427,5,1,0
971,0.16153553420287559,892.2328386159369,8,0,0
834,0.3652490730504591,936.2541303312737,1,1,0
271,0.13254570096372498,2891.9043641814083,3,1,0
772,0.08741964465778662,4150.570691517484,6,0,0
704,0.12960766688599323,786.9916529876455,2,0,0
985,0.0183148487994097,2490.426535419641,7,0,0
72,0.19543792451791425,2779.760089326207,1,1,0
357,0.11796005523669184,1898.2612175093418,7,0,0
640,0.0889398977303143,3900.556204841267,0,1,0
398,0.3047529455024916,4918.774420322442,1,0,0
881,0.026287198905501574,947.4997533490779,5,1,0
496,0.2874853136983609,2128.1359530455243,2,0,0
639,0.20546078484691943,2210.1100810910084,7,0,0
749,0.3213139676054658,2555.113154946497,9,0,0
782,0.07331540751379079,910.3173702788899,7,1,0
318,0.06317245101410002,688.3858770655885,6,0,0
427,0.07656740030220194,3593.3068865418327,2,1,0
530,0.11490317071133255,2801.191393664274,9,0,0
704,0.24463963052580157,4098.00052565956,0,0,0
899,0.1266264084828581,378.7227871530076,7,1,0
471,0.3985384032813782,1616.489247921831,3,1,0
380,0.3515692716437404,4147.810455172297,6,1,0
974,0.23703813205392882,3301.675324500795,7,1,0
251,0.035500539752695126,2818.7706820871895,9,0,0
564,0.20734905915256407,628.8800838907481,1,1,0
903,0.08982265793206584,2091.054367384946,6,1,0
492,0.32939305884045644,4088.1905745721365,4,1,0
558,0.31688382989924796,4104.208503140046,5,0,0
685,0.14111429805905557,1478.4662510579694,4,1,0
31,0.3234641705491234,4059.5257567801946,9,1,0
155,0.01680483115750314,1522.192551547722,4,0,0
430,0.23565220087825411,2512.121839113677,3,1,0
282,0.13965906453164062,4258.244963667671,3,0,0
291,0.13831113854685056,3427.1158736946204,3,0,0
44,0.12235092257482927,2565.9711695187193,2,1,0
356,0.3952837763455776,3153.312563102795,4,1,0
496,0.3124115710467189,1261.4589296500667,4,1,0
787,0.06958000545398091,4248.734206136602,6,1,0
300,0.3262423642030788,4205.384134499341,2,0,0
765,0.2711021943596575,3342.7319316444564,7,1,0
275,0.22756211551638472,161.11248745082236,0,1,0
158,0.10037247458476478,2026.0425613854432,0,1,0
266,0.057414515860684745,234.53915368933448,2,1,0
401,0.053650605185336264,2008.5738860773065,9,0,0
881,0.14854810958654052,4387.228245618816,4,0,0
744,0.3280555752390836,961.9341948463206,3,0,0
210,0.35753818368888785,73.55724834602984,8,0,0
592,0.006704726936061556,378.43830134050546,6,0,0
383,0.06557811198262936,1510.4351200073318,5,0,0
762,0.23577006329408262,475.593064531456,9,0,0
879,0.08564527733383659,3188.6779553751808,5,0,0
100,0.029669115403194946,4194.014123204997,5,1,0
963,0.3427202611856457,353.5388650335857,3,0,0
223,0.34794417883928447,1153.4103352068364,5,1,0
602,0.1178765900023917,2832.3054121085606,7,1,0
936,0.3871255738503355,4158.582518355191,5,1,0
976,0.25895358032014304,1171.3167938736467,9,1,0
627,0.11336711344918071,4520.881208667857,8,1,0
264,0.022732313602462917,2758.5562562363066,3,0,0
390,0.33418261329521654,4329.313416180567,2,1,0
968,0.273024965941383,2323.758755140782,4,0,0
839,0.22720487564073194,3508.093157641621,9,1,0
266,0.2618298310314393,2355.6385872408646,2,1,0
35,0.023496250501558735,2067.33754277437,6,1,0
485,0.28209739589937266,639.4014536358698,3,1,0
762,0.3195723690615728,4659.824150384465,2,1,0
775,0.36641916863620777,2855.7309130499593,7,0,0
214,0.3168660025288184,3956.538796152993,0,1,0
805,0.035335482347552793,2366.533013097371,1,0,0
450,0.19762704988445884,3566.657250792303,0,1,0
763,0.2511374322976937,2890.735043510667,1,1,0
897,0.34282587463259967,2156.826733973136,6,1,0
547,0.3910171349424595,921.0085273718789,6,1,0
614,0.026121831847982002,4138.933573359369,9,1,0
871,0.006790793949384866,500.2506077937736,5,0,0
832,0.14099967634248584,3161.5943840130026,8,1,0
410,0.12768281326014996,4715.1346514336265,4,0,0
958,0.1578605648852443,3603.6762885275543,7,1,0
181,0.12610002530845643,1934.653396407924,1,0,0
363,0.19504301939010682,1622.8504445132314,6,0,0
186,0.3240158286654309,4582.304605765801,6,0,0
792,0.37580819682313843,4064.8399639230206,6,0,0
342,0.33583302860473524,916.4041717992432,9,1,0
683,0.018525996846746384,4765.379215628651,5,1,0
407,0.08878600131580883,706.301177204546,4,0,0
112,0.3888791271164928,4052.349293381093,3,1,0
350,0.09873679184284151,3765.048891811932,3,0,0
362,0.010246023438987228,2342.8195959289687,0,0,0
521,0.261348632319185,3289.36179306746,7,1,0
398,0.3047529455024916,4918.774420322442,1,0,0
586,0.29638614966376603,4674.262487447341,9,1,0
840,0.34420064535467837,1835.3148383310483,2,1,0
618,0.27164373785674367,72.77149931862634,8,0,0
794,0.3162361012057387,3351.249146896099,2,0,0
7,0.21126969011192742,617.5546077967239,2,0,0
861,0.14849744556970823,1009.0056317519911,1,1,0
117,0.272491139050009,2894.106173117235,3,1,0
79,0.10658210119595407,3899.196276324767,6,0,0
580,0.1909917348451517,3435.105638793724,6,0,0
511,0.32330361841964667,4808.440293508873,7,0,0
356,0.360900210774928,1698.7196641447267,3,0,0
855,0.27349792516926025,2935.75200136775,2,1,0
682,0.05279919801307048,1019.9862646213342,1,1,0
662,0.1600276775277391,1073.8527266755877,4,1,0
126,0.13651941644312376,2646.735785395282,8,1,0
141,0.1807326642492577,1449.7699377349948,4,0,0
834,0.3652490730504591,936.2541303312737,1,1,0
225,0.060343652580986396,4592.901417297223,6,0,0
937,0.2297997748191118,4632.034702788413,6,1,0
499,0.09763666662358039,1738.8504614714125,6,1,0
145,0.11961160683292898,4054.1010156443917,5,1,0
704,0.3798606643404627,2638.624553166335,2,1,0
851,0.3155585139461174,3114.8421220803866,6,0,0
994,0.20954387683548298,1273.386479099013,6,1,0
149,0.3955360717390562,1176.3048397658715,7,0,0
758,0.10574537180417509,96.31204114176249,8,0,0
364,0.33520144550818204,959.0370568485673,0,1,0
131,0.018698495204398646,1392.5403683128695,4,1,0
173,0.16002836344264548,4121.088517012187,4,0,0
265,0.08395159830104443,4163.159912483468,2,1,0
381,0.13467985033176888,2787.5324246198793,0,0,0
151,0.031437891057243816,3727.7881389884815,0,1,0
166,0.3912560041029147,4569.52145850826,2,0,0
590,0.2835061627100861,4854.248668053719,8,1,0
45,0.11138707013410859,4099.005207148626,3,1,0
732,0.22639331834767118,3919.3057104421355,3,1,0
740,0.2667036875727462,2429.484724116317,0,1,0
672,0.05044101402672985,3623.650537198898,7,1,0
830,0.22000315929967634,2407.15764460495,2,1,0
304,0.2828160963964643,592.8378963893516,9,1,0
852,0.07832368918181676,300.17120218290216,0,1,0
627,0.2872688572631029,1580.0639332152227,0,1,0
430,0.24617879726474484,2063.765593858805,4,0,0
603,0.015547310971528006,4108.229541042382,3,1,0
158,0.024792485262001118,3688.830082661815,0,0,0
932,0.11950726733297168,3095.863777309944,8,0,0
776,0.3582768198894998,4520.892006137816,9,1,0
661,0.053896123682770636,4232.2058357401365,9,0,0
538,0.30788815734882613,1982.4806523394413,5,0,0
759,0.2932947002772447,4178.048816934253,1,0,0
727,0.397830115330721,2649.1848350862974,6,1,0
553,0.37759363712413024,512.9026282233981,0,0,0
182,0.3846978884204011,3027.3761715320657,4,1,0
511,0.25456770646079957,1194.7582832631088,3,1,0
738,0.17857879478811411,3645.308740763144,2,1,0
809,0.333680898745904,4761.5953053132025,8,0,0
596,0.10531586113715047,850.0024081186519,2,1,0
93,0.2668178156185213,1622.4170369128847,8,1,0
363,0.38793614477206334,2198.1977883764657,6,0,0
78,0.30122055493072136,4167.970897226255,3,0,0
922,0.10953330815618945,2747.9895619381386,8,1,0
159,0.08732503272768405,4364.959108941637,4,0,0
105,0.27820956555607473,4112.469139616014,9,1,0
787,0.35271634784870143,4963.870753338036,6,1,0
646,0.23367864416580586,4522.9737488666715,8,1,0
126,0.01861085228466458,120.92585448889541,7,0,0
597,0.3870104614825405,2445.3412247548777,3,1,0
968,0.17812494730189005,3216.525207687558,4,1,0
516,0.07008271669136518,1590.7402776403383,9,0,0
792,0.37580819682313843,4064.8399639230206,6,0,0
568,0.20513456916585843,4529.819032045488,8,0,0
665,0.32126591766968315,2231.2357502908344,8,1,0
578,0.09821595453637016,3988.7071252687356,2,0,0
524,0.3691756385605974,345.84470782466383,2,1,0
686,0.3983543337712862,4159.609281562937,1,1,0
41,0.037925778641177466,3642.5566275781853,1,1,0
248,0.12557920067914286,2072.31622575454,7,1,0
832,0.14099967634248584,3161.5943840130026,8,1,0
825,0.3446371912308072,1298.64765199065,4,1,0
375,0.0018580501359919954,775.7398533264957,7,0,0
423,0.17546104748283975,1771.2875360298963,6,0,0
61,0.21934235144989678,1013.0529978868964,9,0,0
797,0.33291541382593126,4811.527551189451,1,1,0
165,0.34818121626651527,2657.2888315452556,8,1,0
575,0.3737564852912384,4984.234131551201,9,1,0
17,0.21134346775408014,2665.918280563979,3,1,0
105,0.23117780046733122,196.28631516101186,7,0,0
684,0.3736487787799284,265.42491751102557,7,0,0
546,0.3794672031135267,2153.9806393230965,3,0,0
770,0.19991622967510253,3967.2462265730373,3,0,0
125,0.39362515133468146,1781.5262758320703,1,0,0
224,0.2766668362113852,2121.8273270755444,0,1,0
109,0.15282424841809172,738.8164308652075,3,1,0
847,0.03982792046544348,1589.5497287186247,9,1,0
4,0.11064203295747876,2964.7454732420647,0,0,0
456,0.3413224411465657,1227.7854394730007,2,0,0
579,0.35950972158144556,2209.2261175877297,3,1,0
984,0.13876949307198433,4496.194100779382,6,1,0
744,0.17286512609649896,4827.50513454354,9,1,0
164,0.10222769070969845,833.8546778664636,5,1,0
876,0.14206793210269925,1625.467760950255,7,0,0
787,0.02612279185041394,3460.917954041761,7,0,0
247,0.06269061433824025,677.1185140807027,6,1,0
336,0.25704343743963687,3497.6679355826413,0,0,0
62,0.14234388077213583,3529.598991334416,1,1,0
400,0.1959705948942187,2367.4958498359824,7,0,0
618,0.27164373785674367,72.77149931862634,8,0,0
956,0.020654070960732407,50.99692076483656,7,0,0
596,0.34431365114749907,394.7253795160273,1,0,0
420,0.07998145873382712,3593.578363811958,1,0,0
777,0.2798084278223619,4626.247074724945,1,1,0
864,0.10806299917438111,2756.8407258364336,1,0,0
911,0.2490993597808427,3663.5543944341603,4,0,0
441,0.30934367485598563,1168.4898261563787,8,0,0
87,0.1326137476893106,2852.1276852869883,6,1,0
366,0.20224013375009425,2685.3572062465255,6,0,0
669,0.01015523391667561,1090.0229293175296,8,1,0
166,0.19065531997603896,3813.0420848528315,6,0,0
132,0.06634102328042474,2084.2214806027587,9,0,0
540,0.35951666939494376,874.2676171426137,5,0,0
130,0.1731967840250545,3143.6016898688513,8,0,0
619,0.1071277171715922,294.9170457179896,9,1,0
504,0.21783603306114518,3005.63517727137,0,1,0
692,0.24650910424075156,180.44691553625955,3,0,0
678,0.2647892082571252,1800.6792432550862,6,0,0
10,0.3041921084082628,2245.370053811567,4,1,0
260,0.35097360005990336,3317.1490476186136,9,0,0
566,0.1614948415884342,4283.39029855314,5,0,0
827,0.08909821339406304,1715.4155556153057,8,1,0
802,0.08609873971181653,4748.460228140203,6,0,0
244,0.004388605973964732,4034.6908774966164,1,1,0
268,0.22571150180248517,1693.3582389473577,9,0,0
701,0.25669032314014695,4415.700398602934,8,1,0
438,0.05186508227124709,547.6311763917846,9,1,0
264,0.022732313602462917,2758.5562562363066,3,0,0
657,0.15372479748067597,4903.409867637722,9,0,0
613,0.17943434549692938,338.07896214492087,5,1,0
179,0.12494380321545007,3145.716106175726,6,1,0
513,0.16930561455631626,4938.549420615944,0,1,0
884,0.11264444593127215,193.72158024428188,9,1,0
361,0.14449546597097068,2546.494533045937,3,1,0
968,0.1138547752055985,3707.2753708099053,6,0,0
227,0.17305425008220382,3335.9409840414387,6,1,0
753,0.02993731336069283,3062.263698520913,7,0,0
849,0.32379279440090364,3109.765533965085,0,1,0
526,0.08617460707248165,2839.5803257871676,8,1,0
648,0.09144652653433433,1500.90380171063,3,1,0
104,0.07345445451146349,450.00484653155246,7,1,0
748,0.3869625284027743,112.80190845270036,4,1,0
320,0.36378151771610034,4636.081448521445,2,0,0
827,0.08909821339406304,1715.4155556153057,8,1,0
199,0.011549836712123562,1389.707665429203,9,1,0
668,0.16034964252066142,2918.1875224636415,7,1,0
885,0.32778295047848666,4231.239813388134,2,0,0
930,0.18792623259098962,1816.0166830784738,1,1,0
113,0.18261396312844097,3274.7229692945475,8,1,0
439,0.360335161624566,3747.821470257239,2,0,0
547,0.3511066842041623,3514.1274800519486,6,1,0
662,0.1600276775277391,1073.8527266755877,4,1,0
292,0.10763638664483571,3556.3544737576995,8,1,0
75,0.07200161195991106,684.996429399191,0,1,0
964,0.33572901565018065,2476.0053058922285,4,0,0
862,0.17078481647213756,2037.1964105036718,2,1,0
447,0.20244654841153314,836.5819026337075,0,1,0
998,0.17458019328287488,608.0161340411685,8,0,0
226,0.208958842415719,2916.7454785315244,3,1,0
199,0.23048602612782443,1512.7688324865776,4,1,0
151,0.031437891057243816,3727.7881389884815,0,1,0
162,0.26612290357089036,160.52771123924737,8,1,0
609,0.3413762886699796,2249.7459787941966,5,0,0
532,0.09583565941513716,3657.364297911097,9,0,0
676,0.034754385724293124,3251.838381157796,5,1,0
125,0.2605480897900627,1054.708563770761,2,0,0
290,0.09301703068563932,1509.5387478661662,8,1,0
602,0.311719066847056,1064.557043443916,7,0,0
691,0.02144850549678584,4898.349026042285,5,1,0
761,0.20558048292317455,3648.3576724963486,7,1,0
119,0.32515357865362804,349.95859748934265,5,1,0
348,0.1303375788702968,4108.589245924508,2,0,0
73,0.13666443833294534,2323.0369478071657,9,0,0
952,0.12549324276159068,1390.171976772981,2,1,0
369,0.2235307777704118,3226.567002575503,4,1,0
516,0.07008271669136518,1590.7402776403383,9,0,0
462,0.23951186580458694,959.3614579744897,7,0,0
395,0.09210994964817965,4529.650177242502,3,0,0
731,0.20716350701010383,2969.2011821532055,2,1,0
168,0.14993713422203248,889.4507040625314,9,1,0
576,0.14762352725645955,2402.9501949959367,4,1,0
233,0.19477656781304764,2143.9339145721246,6,0,0
642,0.06985121414595108,233.68713211456836,0,1,0
277,0.20138806717416657,616.3823667723124,8,1,0
977,0.21584872282046647,2334.3901593833834,4,1,0
739,0.3366021230079047,2889.715110440337,7,1,0
302,0.28079218048345406,2019.4950084037011,5,1,0
530,0.13916353524931946,1156.541590236248,1,1,0
624,0.3623521375742791,4312.632019310302,1,1,0
771,0.3594962376990305,3976.552760906108,5,1,0
814,0.09669132974941247,1479.6362611744457,4,0,0
141,0.3454756831339779,4715.374652870808,8,1,0
87,0.3738502570065448,4753.111104513959,2,1,0
589,0.20576060971711047,974.5878401698512,5,0,0
855,0.10530124631625415,3381.94963358388,6,0,0
2,0.046134502281381384,4664.700123653043,2,1,0
926,0.16926753851136467,4781.471728613093,5,0,0
515,0.23970789931355097,4068.739769445835,6,1,0
716,0.38105423334871874,1902.6037391596371,8,1,0
744,0.2633796438461076,4917.669423806479,9,0,0
135,0.32155217630892513,1888.2469439513413,1,1,0
601,0.16958681000112202,4406.180022878396,2,1,0
968,0.1138547752055985,3707.2753708099053,6,0,0
285,0.004889690152880932,4939.193550286121,9,0,0
65,0.08018711758333602,4432.676243662592,7,1,0
408,0.3578103584858929,2036.7690542999374,8,0,0
866,0.21691073024240276,4446.582926019664,0,0,0
193,0.34239770107507655,1516.2416770101834,3,0,0
616,0.2515218737785107,1382.5890996162705,5,0,0
67,0.1638274818418078,3611.0523414873046,0,0,0
864,0.1469613644857523,569.1125440055123,5,1,0
368,0.37211083640465376,4296.937101645716,0,1,0
68,0.22411400726304448,3426.3093802754347,3,0,0
890,0.13234744821807504,4157.234966384044,1,0,0
825,0.2888815337488537,1382.9902895437515,5,1,0
117,0.0406402616603469,4220.015838120549,4,0,0
610,0.14883685779642286,1638.0800664990202,9,1,0
92,0.3603761091388172,1022.8568501485581,2,0,0
991,0.28914430758670184,1132.4184622031073,7,0,0
787,0.2880404395072469,1850.619697159592,5,1,0
563,0.27331282297162307,1949.515819088515,7,0,0
608,0.3671750176676479,3261.799227037848,9,1,0
869,0.03831120099610136,3562.1639147041597,5,0,0
460,0.31551708785602445,1373.904144733133,9,1,0
354,0.2770968483076991,4814.6362642735585,0,1,0
73,0.19915518393178566,2318.4879945645253,7,1,0
618,0.27164373785674367,72.77149931862634,8,0,0
258,0.20946461196870947,913.2219179356064,2,0,0
994,0.30812702028540623,3240.665534610301,5,0,0
928,0.3538513147748419,1417.2376816927847,8,1,0
853,0.3347403731929657,2319.8644873387275,2,0,0
840,0.13051419576792406,4156.443133248985,8,0,0
805,0.33709881143246484,3950.4528236709057,4,0,0
580,0.29251758435933095,800.8300994150512,0,0,0
795,0.39599651670285485,843.8112540292916,0,1,0
681,0.2696741024204399,658.1972547731377,7,1,0
517,0.26521211016362134,1799.5109447276504,4,0,0
268,0.1064697738161714,4104.6692536265955,4,0,0
520,0.3787312616703443,4374.762348780913,1,1,0
922,0.31099039504693704,2676.005195443238,2,0,0
745,0.34052505586522264,1355.7328396812377,7,0,0
844,0.10660709783007222,565.4175740650998,6,0,0
472,0.27562065906130884,3939.7766724862336,0,1,0
581,0.06705981135489508,3673.1131726349186,8,0,0
137,0.36199458211784574,1797.7517291342867,2,0,0
252,0.038741486896192945,2789.55191814111,5,1,0
622,0.07077605473855303,4689.945227761467,9,0,0
117,0.272491139050009,2894.106173117235,3,1,0
317,0.03476077012659773,4779.407436678624,2,1,0
524,0.00714538502035017,1183.2402362208459,6,1,0
563,0.0060623750438724144,1211.9510270048218,1,0,0
746,0.329678693639422,1739.6062741145304,6,0,0
532,0.09209826483161809,2393.0340993713653,2,0,0
980,0.3226993371562425,4584.571491029444,4,1,0
770,0.20881950293435136,4539.206637556451,5,0,0
958,0.1578605648852443,3603.6762885275543,7,1,0
703,0.30436147108910816,4095.9438966952825,5,1,0
268,0.2885320226128513,585.2069061155044,6,1,0
344,0.21342916439754478,3370.1357418730286,4,0,0
147,0.08108536356859403,2278.883440179477,2,1,0
734,0.289798363706337,3621.494618509802,1,1,0
861,0.2095680872210275,602.6016014958491,4,0,0
25,0.08683581847716992,654.4574757616703,3,1,0
420,0.07998145873382712,3593.578363811958,1,0,0
768,0.052173306662780305,2630.095947703765,7,1,0
572,0.11021894244630698,4186.09471340662,8,1,0
373,0.137585056244034,3063.570357867556,3,1,0
646,0.31148644384404783,4747.039175025404,0,1,0
252,0.029812762193634434,2626.840989708405,0,0,0
947,0.24958491663133087,3606.73980020168,9,0,0
736,0.1265760627448087,193.8381488308655,1,1,0
438,0.25503011427207184,2458.641168660793,1,1,0
213,0.08145829650080955,1678.082990772636,6,0,0
485,0.21698792456014754,822.7944364746407,1,1,0
245,0.0776383015886653,291.1598990029521,5,1,0
334,0.3896895391516603,3725.4320890404574,4,0,0
498,0.0792262200903815,2799.4344470820906,7,1,0
874,0.29169493518478606,2541.127512287259,1,1,0
325,0.3188320230742953,4028.681551777883,3,1,0
137,0.012085176066751746,1987.4638226400632,4,1,0
627,0.2872688572631029,1580.0639332152227,0,1,0
622,0.2801155600991313,3704.416320890722,4,1,0
33,0.36418065136836125,277.2372500290595,6,1,0
286,0.021391640491897068,4321.45709161276,7,1,0
665,0.32126591766968315,2231.2357502908344,8,1,0
509,0.10174399727765626,491.2265647400161,0,0,0
533,0.3787010991655137,4451.5474173814555,5,0,0
642,0.10442020821139603,1982.4972443011065,8,0,0
806,0.3755736219757205,571.9746994699705,2,1,0
485,0.15582555030482587,592.5784495934522,3,1,0
431,0.2460827529276029,2188.618557488264,6,0,0
390,0.10589964429077386,2674.244085425171,9,1,0
581,0.31527801545459766,1335.0897884359058,1,1,0
870,0.32879691612193856,342.8226729095325,7,0,0
919,0.3345918260995715,4677.565881549193,7,1,0
144,0.06247828304200903,422.47768750576773,6,0,0
479,0.2922882363757536,823.1725697324339,4,0,0
869,0.2972046919045365,1120.4695721783646,4,1,0
125,0.2605480897900627,1054.708563770761,2,0,0
624,0.3252924933230617,2147.670146558633,2,1,0
526,0.20168215251317662,57.0953233028005,8,0,0
764,0.20969391575984297,3642.55988439205,6,1,0
431,0.2460827529276029,2188.618557488264,6,0,0
405,0.3909200955864939,712.892064047301,8,1,0
969,0.34449999249428415,735.3465756021765,2,1,0
871,0.303662296128863,3934.6403647876637,9,0,0
879,0.24638021199954502,2967.6329907251456,2,1,0
73,0.06019998334064397,4837.676142948168,8,1,0
735,0.09479774508834637,881.3733116187005,4,0,0
852,0.18401073471961282,2959.1596982617275,0,0,0
371,0.346938267660808,210.22424332732498,9,0,0
553,0.24838505656358179,2218.1751224775016,3,1,0
957,0.21600527946518133,3954.432470058378,5,1,0
86,0.013128409404953023,2753.3234642262255,5,0,0
715,0.13159625209004466,2805.7624401363178,6,0,0
944,0.1876886769496599,2776.8192652940916,0,0,0
749,0.2691001957049102,1056.9661356629808,3,0,0
939,0.263903681779415,1714.8836082517253,9,1,0
586,0.14943159439343384,2262.5290685435584,3,1,0
680,0.031449128803429593,1805.2041275799952,7,0,0
272,0.17192678777128967,3023.1118938885543,4,0,0
435,0.06914158670237386,2031.538951194009,1,1,0
725,0.015810019118731977,785.7559005272275,0,0,0
827,0.09375222855949017,3482.1449451148155,2,1,0
909,0.07076060122498007,137.6888020693978,7,0,0
203,0.26124840444529424,3114.7908136079286,6,1,0
556,0.14494033976692983,3208.3794684989466,5,0,0
93,0.2668178156185213,1622.4170369128847,8,1,0
721,0.3179372636655035,4625.815247549091,4,0,0
419,0.0059522344239251734,1943.4454111378734,0,0,0
353,0.16958226626251688,4157.845224616244,7,0,0
307,0.2397596185556769,3031.702661930987,8,1,0
613,0.2743899296315058,3519.598399764688,7,1,0
574,0.026240855049863787,2000.594623187493,6,0,0
789,0.1385227981417112,3387.5497724600123,2,1,0
489,0.10252754670941788,4439.439260129598,6,1,0
548,0.21658852448794363,3227.698099259575,3,0,0
491,0.07767165125500847,1105.4407278965043,0,0,0
999,0.026453716635332192,3161.9161371565506,1,1,0
303,0.13133486766524227,2816.219971896346,0,1,0
112,0.07265822816831302,4690.03865549889,9,0,0
924,0.31296651842435347,4327.732394646437,4,0,0
609,0.1738912015244436,3685.305168299681,7,0,0
648,0.39488088686731726,4955.886367851998,3,1,0
118,0.14408226144197567,1763.2149429812623,1,0,0
619,0.1071277171715922,294.9170457179896,9,1,0
511,0.3223968012303748,2752.665481342152,8,1,0
913,0.2174007668849139,4758.07880972352,6,1,0
453,0.024169452089046473,3195.672051202685,2,1,0
469,0.0013506084170817334,2965.847565121521,5,0,0
656,0.11654703543102818,2687.158399585198,9,1,0
666,0.24226924056282334,3567.46599714167,2,0,0
861,0.13066419797045092,4507.037608538661,2,0,0
882,0.09318469440808563,569.8889206616548,3,1,0
211,0.3132428199853787,3963.240713804908,9,1,0
612,0.009751323805260115,4820.706725260702,7,1,0
366,0.2562166162846576,3336.7349662417278,7,1,0
268,0.2885320226128513,585.2069061155044,6,1,0
505,0.199282980800027,2337.0078306031933,9,1,0
233,0.39242685617789425,3600.8553660624702,7,1,0
693,0.012240132906599976,192.4155447412921,4,0,0
344,0.21342916439754478,3370.1357418730286,4,0,0
271,0.13254570096372498,2891.9043641814083,3,1,0
542,0.26968965901407155,3957.2423821894354,8,0,0
621,0.18399253859339332,4085.4266948896457,8,0,0
384,0.38449009761431474,3482.9558147686416,0,1,0
7,0.21126969011192742,617.5546077967239,2,0,0
69,0.29405259912099896,1908.1070659599059,1,1,0
499,0.343751046402208,453.47962836801867,8,0,0
660,0.019539343000977594,3062.4789094844436,2,0,0
870,0.25267683411891306,3543.153849939293,5,1,0
628,0.27846255119510327,3389.2414668911556,7,0,0
199,0.14781916588981808,1164.3535884823552,8,1,0
419,0.3475982298516056,863.7765606175393,3,0,0
775,0.36641916863620777,2855.7309130499593,7,0,0
118,0.04491106471280237,1941.6137302034474,0,0,0
264,0.0498817788514212,2613.454614946599,6,0,0
642,0.345061558841004,1199.1369567090858,6,1,0
89,0.27698497493913743,2044.3332746034782,7,1,0
822,0.24461362737495962,4039.9597769242614,9,1,0
571,0.3529952014809967,3596.6103312317255,1,1,0
980,0.154646531861515,1423.7180132118112,3,0,0
801,0.19169393181599925,4535.232619316275,2,0,0
189,0.16067555009486062,2736.9848228715055,5,1,0
295,0.0052539990497939,2864.2151725557696,9,1,0
34,0.34083782417953673,4400.189386343229,1,0,0
919,0.2783661538796089,1406.4025511419184,6,1,0
49,0.2773495882916579,903.8994875752201,0,1,0
503,0.050200571687800566,391.10299323575174,5,0,0
384,0.2882578952443189,3233.5734064660605,5,0,0
409,0.03244960861586238,1653.7712699713368,5,1,0
676,0.27049311776404183,3326.9473448395306,5,1,0
670,0.053780695885217056,998.1431813371071,3,0,0
51,0.1513115914643775,2716.5659211523594,0,0,0
690,0.3794444250702233,1933.2979046137518,7,0,0
191,0.3363562632433851,108.79110417058797,4,0,0
513,0.00883502239771694,243.0074532897256,3,1,0
462,0.10389523235237691,1878.3323495276125,6,1,0
937,0.298964713409915,2666.933543512144,0,1,0
275,0.0997293329420797,4797.281025084518,1,1,0
166,0.3338973964032849,4014.7755856007007,5,1,0
968,0.05739798349908204,2577.67715021884,0,0,0
416,0.3672023212716235,4752.3213685433075,6,0,0
242,0.019024589155045457,1284.78377141454,6,1,0
673,0.06230669283916368,3256.171107597417,4,0,0
567,0.19845596199334764,4670.191761806486,2,1,0
720,0.13839004073288735,2339.8255524307883,8,1,0
35,0.28351639175061377,702.9775591330784,9,0,0
943,0.3028768652604672,3605.5368558557025,9,1,0
73,0.36580397218426197,1905.4268079569392,5,0,0
237,0.29822312444942234,74.45450977453831,5,1,0
562,0.31443644849408775,4975.720460935247,9,1,0
532,0.33462854628982414,4222.377565138275,6,1,0
994,0.34002843742744865,3301.980200097112,3,0,0
934,0.10170650109915752,916.6358286435146,7,1,0
583,0.1811141819693301,1507.8356644169464,7,0,0
829,0.2020402647466547,3753.5456742997417,4,0,0
749,0.001788772300015673,2433.1597318896165,3,1,0
963,0.3427202611856457,353.5388650335857,3,0,0
226,0.2671242114614127,960.2853114988188,0,0,0
495,0.009274097862203734,2925.8723150804444,0,1,0
764,0.054891476835202235,1415.0553687620536,4,0,0
105,0.23117780046733122,196.28631516101186,7,0,0
596,0.3038428205254055,2381.236419335599,4,1,0
648,0.16438006377722497,762.9007723559127,6,0,0
692,0.11874302118109992,163.4047964612388,4,1,0
610,0.15598920082394924,3684.0293313193356,4,1,0
567,0.14912857818824232,965.3791297103861,8,0,0
109,0.32968759370974643,2164.656527941311,4,1,0
420,0.07998145873382712,3593.578363811958,1,0,0
26,0.17425457489104274,3212.4481077523114,3,0,0
377,0.14622090229475787,3649.509944898657,8,1,0
927,0.012103022211264913,989.9158318180451,1,1,0
809,0.333680898745904,4761.5953053132025,8,0,0
685,0.3965854099970208,2798.6338330112653,7,0,0
47,0.3003336338528028,4340.197324437892,3,0,0
477,0.39213564965335845,424.91124421747065,5,0,0
578,0.32366023671021615,2258.909830483572,5,1,0
206,0.2902596383381851,741.2025640577483,8,1,0
759,0.12607197791947178,4190.160236055779,2,1,0
114,0.2677066677557339,2469.935015729798,3,0,0
60,0.139232645457673,208.5844705101545,9,1,0
276,0.03760101438140123,2679.205201544338,9,1,0
468,0.29825800034931543,2691.2652499324904,7,1,0
636,0.09511396541006878,2999.624006461599,4,1,0
113,0.3328368681146456,4955.6884553548025,1,1,0
375,0.0018580501359919954,775.7398533264957,7,0,0
827,0.09375222855949017,3482.1449451148155,2,1,0
830,0.36506509388821246,1269.8496899285951,3,1,0
729,0.07275865019371247,952.4509517885156,8,1,0
776,0.30144644130271764,4647.729778831273,8,1,0
922,0.06623447700892737,1628.3261645436355,8,0,0
288,0.31302976572141455,564.8033453607804,3,0,0
867,0.22036952054213177,3032.431120888119,9,0,0
210,0.3803032906950309,3446.669109443505,1,0,0
730,0.02395693395666687,2032.20387093683,6,1,0
160,0.0967716866197863,3962.882291011614,0,0,0
21,0.3105931610970416,872.765744257692,5,0,0
206,0.2856069548073988,483.79729802453767,8,1,0
273,0.14250895462978413,3702.27018450432,3,0,0
929,0.3339622367980423,562.4932365660212,4,1,0
178,0.0622171039733776,3877.931738855236,2,0,0
621,0.29117872753198293,271.39279040335384,8,0,0
661,0.17625923050272757,3849.9266842582706,5,0,0
933,0.26669744575340226,4259.028607427638,1,1,0
587,0.07339036081789618,4921.399331275075,3,0,0
498,0.2296467805897821,4498.7484563947155,0,1,0
286,0.03933102915712933,3268.387149980423,0,0,0
922,0.06623447700892737,1628.3261645436355,8,0,0
107,0.12325816220485752,91.04445035064543,3,1,0
587,0.21571573351874412,3046.8120925411577,5,1,0
269,0.3876490091987515,4847.278545743313,5,1,0
284,0.15231791614678836,915.2990741871713,3,1,0
28,0.30509800449291724,752.3315385964513,0,0,0
39,0.3643553425448893,3423.572169066547,3,0,0
859,0.063896744128911,2199.2950884883244,8,0,0
815,0.35464856845883264,4390.613805190815,7,0,0
47,0.0673602225453318,126.53083478781973,8,0,0
262,0.32287964613065295,945.8489091496759,4,0,0
790,0.36707479865207543,2130.4269397736853,9,0,0
702,0.2668881968675188,2054.3996387051156,4,1,0
26,0.2601063443784146,4522.104408587196,3,0,0
85,0.13452611437108147,4305.648320319374,7,1,0
386,0.1835312278554756,3137.1350565373614,7,1,0
112,0.019293100404089214,1907.0353896926017,4,0,0
72,0.27366234216974306,1155.4094840063258,2,0,0
823,0.09043726221266818,2062.8435253341095,5,0,0
373,0.2664135187006971,3272.6148251157783,5,0,0
520,0.3787312616703443,4374.762348780913,1,1,0
822,0.2616462314444975,4292.091529618779,6,1,0
340,0.09012301865557154,2206.5060971622,2,0,0
462,0.2863776166424274,2619.9070751802287,0,0,0
327,0.2162871325016753,1720.2122906808186,6,0,0
235,0.285941294133055,3906.107034062592,4,0,0
112,0.2719867894882397,1924.449622758286,7,1,0
621,0.029281355260239172,2459.8736708810793,7,1,0
519,0.3858324691363511,1704.9769630554167,3,1,0
776,0.010596123113926381,3806.8510864416653,6,1,0
986,0.3686576369065485,3988.9486785580752,8,1,0
933,0.05374931855471454,3844.2926941919327,1,0,0
982,0.13913383040938482,1858.702966184294,4,1,0
45,0.325125359823095,2843.617505946453,7,1,0
975,0.3373404207892597,3733.0112749100053,5,1,0
795,0.3496923704936836,1565.4884977073498,9,0,0
736,0.047626227452162606,4385.576590072204,8,0,0
135,0.32155217630892513,1888.2469439513413,1,1,0
776,0.12532799002078476,3984.9314021144287,5,1,0
532,0.22237794910100628,4730.998018641317,7,0,0
805,0.009862873231587743,680.843125072109,6,0,0
920,0.3298725092033161,4358.867769687578,3,1,0
547,0.2747447867559102,4943.355193975647,3,1,0
101,0.0927059089135871,3822.4988281033225,9,1,0
990,0.24461495010230644,3094.9043148260866,0,1,0
193,0.1214007499131376,2843.6733813993774,6,0,0
335,0.16953707424088815,2959.1753724567875,2,0,0
935,0.2459339109586034,1152.8938698814115,8,0,0
506,0.27240098913798844,3299.825659131521,3,0,0
107,0.10491329154528067,3453.33418973384,7,0,0
564,0.12849586765547377,1259.363665244978,8,0,0
83,0.11946440853892931,1669.1339916840698,9,1,0
903,0.24285768969800353,2384.258943655395,7,1,0
742,0.39692164643393063,2327.5113309224985,4,1,0
6,0.10000813063291325,253.3845256887548,0,0,0
579,0.36751159908908526,884.7222844985537,2,1,0
822,0.24461362737495962,4039.9597769242614,9,1,0
277,0.33346770877860854,4959.400446726543,9,1,0
140,0.32497604908294453,131.06568706846775,5,1,0
963,0.3498531778749594,3293.5824152483065,5,0,0
564,0.20734905915256407,628.8800838907481,1,1,0
412,0.09400785859814448,374.1328400595846,3,0,0
671,0.1808998399315282,2451.259770498374,4,0,0
479,0.2922882363757536,823.1725697324339,4,0,0
499,0.1518268228688005,580.4046895688695,9,1,0
193,0.34239770107507655,1516.2416770101834,3,0,0
828,0.2794766201351885,1248.7945549551273,9,0,0
659,0.19846593119217432,760.2223852407607,7,0,0
107,0.31098131206548824,2991.517726484503,5,1,0
124,0.1221150585047921,4360.966739587926,3,0,0
25,0.15850695057545094,2170.734163951795,5,1,0
543,0.30893332720601835,2692.8658777677533,9,1,0
593,0.03110254576284549,4199.359110792856,6,0,0
859,0.2860273195906907,2139.2397587801934,1,0,0
295,0.25629131342356826,666.82779849515,0,0,0
340,0.1910574322547593,3818.474593842113,1,1,0
409,0.16044069951832168,535.2548335919514,2,1,0
422,0.10454242107936501,1889.5873722351018,3,1,0
871,0.303662296128863,3934.6403647876637,9,0,0
570,0.2746342466742213,2234.554646376218,8,1,0
676,0.24835306484838127,3112.177342769875,9,1,0
561,0.17995701810768172,3738.736208436262,3,1,0
419,0.3669476854497966,2313.617179774876,9,1,0
98,0.25311963329857895,2911.5120893055496,0,1,0
235,0.3978533425474188,575.2190357912677,7,1,0
526,0.3394504211151037,1151.6408631519712,9,1,0
536,0.030456113435763543,1306.056165954715,7,1,0
9,0.06818282692562067,3866.7300259870035,0,0,0
319,0.14835565426434238,2991.6504124667945,9,0,0
364,0.19836380023419292,1138.9859057191838,5,1,0
89,0.27698497493913743,2044.3332746034782,7,1,0
628,0.15267660677389489,1229.0192427178317,1,0,0
691,0.02861834675840469,2710.1073549051553,2,0,0
917,0.33868767336483946,3933.0805303279653,7,1,0
87,0.2847606393410163,659.9440097487994,7,1,0
884,0.07835464788145957,2036.214898146095,1,0,0
387,0.19694231747080848,1595.087018733194,8,1,0
3,0.3570355880711675,2683.4882046041,4,0,0
946,0.031222137486962065,3494.5549171101143,1,0,0
158,0.10037247458476478,2026.0425613854432,0,1,0
798,0.32461438977048174,351.81001181968264,2,0,0
949,0.3163480207017565,798.6392376998216,9,1,0
278,0.11231938821455456,4935.693314029348,7,1,0
796,0.21428230630089606,1511.0654892285797,3,0,0
853,0.27433843757469845,2592.9463009443107,4,1,0
398,0.2620981355316537,4603.83428817503,9,0,0
681,0.3224192980100982,123.41762015017552,9,1,0
158,0.32422745709071743,2600.3280915428995,5,0,0
266,0.2242628039412412,2514.588677785213,3,0,0
242,0.3000702416067134,390.7374650071996,6,1,0
191,0.3363562632433851,108.79110417058797,4,0,0
739,0.15486662447300603,3797.762928687187,1,1,0
581,0.19698891445862177,3317.931975320751,5,0,0
421,0.15317228760107315,837.8372076570204,9,0,0
376,0.23764853691162785,1226.4061670593333,8,0,0
604,0.008822580089302923,3608.1542661839603,5,1,0
986,0.23263928600600364,4247.940469265535,6,1,0
272,0.17192678777128967,3023.1118938885543,4,0,0
909,0.2622502871094882,3909.2586184524366,6,1,0
571,0.39147888298364003,1510.285943157092,6,0,0
981,0.3083620563500368,3205.270958057584,4,1,0
842,0.02380761378527585,933.4368663599057,7,0,0
793,0.18349663354097367,1904.169054328177,8,0,0
498,0.0792262200903815,2799.4344470820906,7,1,0
891,0.10830801788804317,3661.0952822575673,9,1,0
604,0.3741384101271877,4155.5515570297575,6,0,0
482,0.23658632581547823,3548.1361118821605,5,1,0
234,0.33772780901162525,3809.086662090062,3,0,0
128,0.36388202025647204,3563.540140074751,7,0,0
970,0.32391115241221785,949.6505343110135,2,0,0
877,0.3740528339437446,800.7820456896551,5,0,0
775,0.36641916863620777,2855.7309130499593,7,0,0
473,0.11835765292243489,3372.371304687949,8,0,0
994,0.30812702028540623,3240.665534610301,5,0,0
838,0.37726466941337083,4841.854409313284,0,0,0
496,0.024283326529647986,590.3900236837299,6,1,0
117,0.08199398597943525,1079.1455116898762,1,0,0
483,0.23605837211662045,3056.8073134310653,4,1,0
606,0.06336083547633853,160.71280368054096,5,1,0
764,0.014738176062223829,4004.5664583611638,2,1,0
395,0.3560146785272257,3180.0881516278955,8,1,0
961,0.3833619314771005,2855.3746248407347,2,1,0
851,0.3442438956557797,1385.0187879661346,3,0,0
22,0.1894248059610945,4857.300256692799,3,1,0
287,0.21869162124649488,3568.3297316756475,0,0,0
897,0.14103012544227922,4849.453021098535,8,1,0
788,0.037197842882092436,4539.04597821582,4,1,0
51,0.3652081325098678,4600.516265878081,4,1,0
726,0.018103630743692478,4179.432675676397,1,1,0
135,0.026706881624774303,3908.9112027089704,4,0,0
589,0.03263499622516375,2194.2291794230296,0,1,0
435,0.02361243824737741,1745.4913614654745,8,0,0
371,0.35274477428931733,3292.925562386689,3,1,0
171,0.3637178687077408,171.67898830784193,6,1,0
717,0.16543344852286407,2987.485464900245,1,0,0
801,0.19169393181599925,4535.232619316275,2,0,0
764,0.04478301215815533,1047.128643115713,1,0,0
623,0.13957206661115223,3417.053876873469,6,1,0
607,0.03505902287349483,967.4259159576635,2,1,0
643,0.14927396299108198,3093.840349959494,2,1,0
755,0.14947386403989016,3876.0306605832066,8,1,0
813,0.2364128124481512,2608.508240676213,6,1,0
135,0.026706881624774303,3908.9112027089704,4,0,0
824,0.30676394208178653,1233.75796138236,2,1,0
829,0.2020402647466547,3753.5456742997417,4,0,0
33,0.1665196176816971,4131.17731796173,8,1,0
294,0.21610659379251174,1246.981374233906,7,1,0
276,0.20589386960387834,1545.26085890639,5,0,0
444,0.34223755093923885,2936.6504715969922,9,0,0
973,0.04892850135822502,1793.7913494937056,1,1,0
110,0.03323656510458578,1891.1770408016137,5,1,0
691,0.09496638311517958,819.3948544324089,9,1,0
616,0.25288641693460545,963.9046733497111,6,0,0
73,0.21605144870581405,4297.251199667019,8,1,0
727,0.15266294951663317,779.979494188729,3,0,0
932,0.22186913870558217,4722.294556760744,0,0,0
54,0.31863990506154377,4865.097800586635,7,1,0
112,0.20218734978541014,2244.6976114527192,4,0,0
990,0.05663487653234289,644.0641298526147,4,1,0
626,0.36036255601333944,4217.938668601116,3,1,0
712,0.26058686245676876,893.0082894703042,2,0,0
499,0.3514496414117072,3769.8683589862326,9,0,0
340,0.03489289200023238,2444.769935342103,2,1,0
720,0.2649431569900944,1666.6842572967864,6,1,0
248,0.08734967571044921,4433.837441509078,3,0,0
55,0.33326291589269186,3797.3086695821135,1,1,0
1,0.32477147930183026,4017.1441802041654,0,1,0
645,0.12770521042592164,1345.1626155607717,1,1,0
561,0.29797397539630716,3231.3282633533313,8,1,0
275,0.24678639663449053,4061.542435047885,1,0,0
922,0.3191857647853039,1904.1073308380505,2,0,0
295,0.0052539990497939,2864.2151725557696,9,1,0
971,0.17047390082130487,365.3303572974153,2,1,0
732,0.22639331834767118,3919.3057104421355,3,1,0
410,0.15864449188795265,614.7272366735324,9,1,0
78,0.3500798460365675,2845.8381208602573,9,0,0
195,0.16613953519599833,2109.5983619857216,4,0,0
741,0.1621254369259853,176.18237569734885,1,1,0
462,0.16947238767422435,2144.1093517454733,6,0,0
201,0.014490295124988117,1956.9910558915135,1,0,0
881,0.026287198905501574,947.4997533490779,5,1,0
671,0.1808998399315282,2451.259770498374,4,0,0
745,0.01205591966319891,2942.8523931730674,0,0,0
699,0.18909734154054014,971.8494135828587,9,1,0
195,0.14646260170156145,2190.7760020885403,4,0,0
540,0.30205781249047475,527.5859976890838,6,0,0
684,0.3528076523921465,2038.4621903960333,8,1,0
734,0.289798363706337,3621.494618509802,1,1,0
652,0.1983946627072921,3542.737529753491,7,1,0
185,0.12326064791968416,627.9934811106589,2,0,0
568,0.0364496363545736,345.60352639329824,3,0,0
390,0.0906291458149408,1855.0942533140462,4,0,0
314,0.18231999550689149,3307.589479797141,5,1,0
375,0.3212899579022704,2900.1160233857318,0,0,0
42,0.22296197997567135,2358.7656838671783,9,1,0
342,0.01736997372239074,2386.0785112922485,6,0,0
137,0.36199458211784574,1797.7517291342867,2,0,0
687,0.1261670022066138,2282.7173284944647,6,1,0
860,0.112668455727164,4505.861403451794,6,0,0
849,0.3009131743165239,3322.510543664746,7,1,0
376,0.23764853691162785,1226.4061670593333,8,0,0
166,0.0892420371735424,3371.9156174696095,4,0,0
631,0.07044981903656305,4402.241304206726,5,1,0
865,0.2113512847635864,3502.0684297676157,8,1,0
335,0.3320503355739455,242.11930608289276,1,1,0
748,0.20242994480907217,4107.976063644266,7,0,0
216,0.2998595055551387,1377.9431525792854,9,0,0
886,0.29395116244740727,1911.62922853623,9,0,0
190,0.19942070597348532,4284.969977655864,1,1,0
169,0.0018064662671193332,2321.626642659861,5,1,0
622,0.2801155600991313,3704.416320890722,4,1,0
302,0.28079218048345406,2019.4950084037011,5,1,0
376,0.14623701661177874,4759.945849574041,9,1,0
194,0.3088096907769777,652.0163206321031,8,1,0
56,0.21075559125514526,555.0479784753774,5,0,0
390,0.2712866634829778,4674.470383307088,9,1,0
875,0.253780124555263,4829.0372714688165,9,1,0
544,0.33078228408670274,444.705413421665,4,0,0
577,0.13151808876946514,2053.7183918866444,7,0,0
34,0.04655357825419504,3587.1881824917773,5,1,0
209,0.09091349812057575,3601.511980075793,5,0,0
659,0.08707834619769816,3123.6831325099874,9,0,0
897,0.33858143823623654,3193.9367473325956,7,1,0
296,0.1416095419048337,2580.473379461883,2,0,0
264,0.0498817788514212,2613.454614946599,6,0,0
795,0.2709349715265761,808.5984684260845,3,1,0
441,0.2372721750792781,4979.526183381974,0,0,0
177,0.2467443568691744,4516.361679265092,8,1,0
783,0.17492511804542743,2259.430838693999,1,1,0
721,0.2377887048592332,3869.6783920735966,4,1,0
913,0.15018161178555683,397.9078821707289,6,0,0
558,0.31688382989924796,4104.208503140046,5,0,0
247,0.12814658114730382,520.7914023810396,2,1,0
691,0.35363395933321956,2966.817560868239,9,1,0
659,0.3839381818168557,295.5830464765623,2,1,0
607,0.39220283280420004,2709.1572586258612,0,1,0
742,0.30397885134180463,1297.880472314179,4,1,0
988,0.20817474939821584,4506.86975796061,4,1,0
289,0.25137509580480616,415.45177885971793,1,1,0
736,0.047626227452162606,4385.576590072204,8,0,0
749,0.23155901697522518,2766.2959940439164,2,0,0
565,0.07348020295190577,59.058238390932985,7,1,0
327,0.31181391643065803,4181.150531725018,7,0,0
490,0.38282616835259153,3539.970135536396,1,1,0
952,0.13885781962028632,1762.851022492932,6,0,0
588,0.05734465890537932,2730.6851095119987,7,1,0
924,0.24104675939735715,1937.1141690026639,7,0,0
772,0.3353515370729469,395.572819699268,0,1,0
934,0.15439601490029797,3588.2133632671457,4,1,0
497,0.23280934741898107,118.38660853621474,6,0,0
260,0.23708008725906266,3803.006395837326,6,1,0
419,0.14215984348914573,127.91286263147578,6,1,0
749,0.001788772300015673,2433.1597318896165,3,1,0
589,0.22360687039689253,720.7774823494527,8,1,0
348,0.38212783701207065,2696.3327377673345,1,0,0
384,0.37387171296380534,2344.841395339889,8,1,0
380,0.24438969411483302,3197.6907299945246,6,1,0
886,0.20399574173479346,620.0538868741268,9,0,0
861,0.29994289402638735,1072.4124503560347,7,0,0
476,0.08975013024717532,1836.9463024992651,7,0,0
642,0.2682256280211165,3753.1076983188946,6,1,0
700,0.3334679926019533,468.50132693141853,2,0,0
805,0.009862873231587743,680.843125072109,6,0,0
598,0.356095864126602,3530.9797544824255,1,1,0
540,0.28275036567775075,59.5896802274909,9,1,0
69,0.13571543213802661,2297.0032877473686,5,0,0
246,0.39346405294833087,4508.388514023678,3,0,0
861,0.2095680872210275,602.6016014958491,4,0,0
104,0.36347693436655,1153.7805254656603,4,0,0
575,0.3737564852912384,4984.234131551201,9,1,0
759,0.35268134544834095,1187.8497401481777,9,0,0
748,0.3869625284027743,112.80190845270036,4,1,0
108,0.22378497525398605,3253.6852157498047,6,0,0
581,0.25726346829112023,3428.7310055184826,2,1,0
147,0.1553342529559733,438.6627447485231,9,1,0
277,0.33346770877860854,4959.400446726543,9,1,0
91,0.0078582915096439,3588.491537290344,9,0,0
790,0.20525832018127527,1965.5994448401248,7,1,0
763,0.0029641076684390755,2994.3011631104628,6,1,0
8,0.15705490954468537,1654.9589255517103,1,0,0
330,0.3036660454603145,2933.153895822502,0,1,0
418,0.07750433370837728,2330.7032682221407,3,0,0
467,0.15241908462813347,2799.55177924793,8,1,0
246,0.13266333367134236,3393.917692694854,6,1,0
743,0.355841029677543,1039.5255213379544,1,0,0
583,0.1811141819693301,1507.8356644169464,7,0,0
542,0.12013129224946573,1795.4521686443804,4,1,0
861,0.29994289402638735,1072.4124503560347,7,0,0
60,0.14909743893779942,2961.1129778482255,2,0,0
865,0.2113512847635864,3502.0684297676157,8,1,0
772,0.2965280949836788,1451.2283742893653,4,1,0
508,0.10963285079629004,2720.076833335933,1,1,0
294,0.2304603864598298,2096.202764581346,4,1,0
614,0.019447906123413072,687.8132742305169,3,0,0
117,0.0649494022684054,3507.051517407663,6,1,0
197,0.15826407509898488,2536.7091701674153,6,1,0
288,0.053623416747923036,2135.7175843407535,2,0,0
312,0.20706575728954918,3761.7044540448496,2,0,0
360,0.1961995511205572,4518.330240716174,8,1,0
968,0.09982432097801153,228.7817262473152,7,0,0
972,0.20786712416169367,941.9572651543778,3,0,0
359,0.06666340817128757,3642.4947834296195,2,1,0
207,0.11196921665484783,1714.3185663108911,3,1,0
441,0.11731113350314104,3982.2849989651277,9,0,0
504,0.21783603306114518,3005.63517727137,0,1,0
547,0.2747447867559102,4943.355193975647,3,1,0
565,0.21838894151062888,535.4433810364542,6,1,0
314,0.18609344853404913,1632.108221794543,9,1,0
732,0.2260142867323427,1159.7234261741705,8,1,0
97,0.23736056356410645,1113.4877575994565,7,1,0
601,0.17087442116296364,3410.579227911933,7,1,0
406,0.16252882169590765,3375.6531038382877,7,0,0
885,0.028001154469500078,1309.8572518555263,5,1,0
732,0.20790820629761309,4643.162370977257,5,0,0
840,0.34420064535467837,1835.3148383310483,2,1,0
599,0.19979925581043395,3639.419353408416,6,1,0
144,0.20461274009589797,2454.5175467182926,6,1,0
364,0.19836380023419292,1138.9859057191838,5,1,0
390,0.2712866634829778,4674.470383307088,9,1,0
439,0.2739057923624013,530.7136441926116,6,1,0
504,0.13736812564815049,2251.7765000581094,0,0,0
490,0.014868130647301303,1892.7377777270524,4,1,0
921,0.015146613239812812,3510.4320572331517,5,0,0
903,0.14189897152077457,1036.2219792534504,6,0,0
254,0.2478668976512302,1665.834185190029,8,0,0
99,0.2210303551971115,375.84883042297247,1,1,0
612,0.009751323805260115,4820.706725260702,7,1,0
658,0.19767825543069156,1292.7040559743637,9,0,0
913,0.2174007668849139,4758.07880972352,6,1,0
237,0.009102651551599283,4303.102610783679,8,0,0
836,0.02623024645599703,2219.459183606632,9,1,0
661,0.2617707969285408,2592.208140530941,8,0,0
373,0.027716494470616915,1836.3803168468196,8,0,0
562,0.29519048260193037,4750.495226674961,3,0,0
375,0.1580023614331969,1355.4842253779107,0,1,0
771,0.013301281798281939,715.6143864617484,3,0,0
159,0.08732503272768405,4364.959108941637,4,0,0
945,0.19307795929691057,2704.7272470335492,7,1,0
460,0.22116220168310508,3405.7456911840213,3,0,0
684,0.3528076523921465,2038.4621903960333,8,1,0
946,0.21812222418215865,402.6415404508651,3,0,0
734,0.22272934418546697,4567.457606109126,3,1,0
559,0.3768841010225262,4224.348242259754,4,1,0
659,0.13027798299322446,4077.437924534295,1,1,0
847,0.03982792046544348,1589.5497287186247,9,1,0
201,0.29171310757204555,2223.312547759406,6,1,0
41,0.2565949458549149,4773.473306690428,0,1,0
43,0.05111208556597224,1566.7215549208283,0,0,0
649,0.3152088091906772,2412.029165100454,4,1,0
532,0.17814835777592836,720.0692264898618,3,0,0
532,0.09583565941513716,3657.364297911097,9,0,0
840,0.12433439174878502,3250.5841130169447,2,0,0
134,0.3659520995065159,4650.285096214322,6,1,0
953,0.23118089207386666,473.4312527665385,3,1,0
288,0.053623416747923036,2135.7175843407535,2,0,0
797,0.12481235220529169,4981.54426062586,7,1,0
856,0.3624655987598096,4041.762536393015,7,0,0
338,0.14296022081981596,2873.4410635809763,1,1,0
490,0.31294332216524207,4089.9609332185155,9,1,0
892,0.33360664587095373,3819.6765369532072,3,0,0
83,0.3455368033022848,3731.0064445206117,7,1,0
621,0.2223126200307714,3024.7386878264206,1,0,0
778,0.17765813216267734,3214.0536465565956,1,0,0
881,0.0660334053845204,4751.310983828631,3,1,0
909,0.09538707600835983,3749.258891749169,1,0,0
438,0.25503011427207184,2458.641168660793,1,1,0
471,0.23091721728030418,3057.8495971442853,6,1,0
429,0.3947275445160842,929.5305223387959,3,1,0
584,0.0743166077889425,3187.820973888156,8,0,0
258,0.20946461196870947,913.2219179356064,2,0,0
633,0.39226825934244763,707.3437392033264,1,0,0
873,0.35728117304657814,1998.299681604311,7,1,0
513,0.00883502239771694,243.0074532897256,3,1,0
943,0.05988346595544247,3714.9504485389634,2,1,0
809,0.2777625340313598,1787.8273817790293,2,0,0
844,0.009279168261762782,4566.826166181138,5,1,0
806,0.3755736219757205,571.9746994699705,2,1,0
656,0.11154316726448743,1201.905591924914,8,0,0
208,0.14528175578872765,1234.423441271375,5,1,0
424,0.008575840348307051,3249.789167872017,3,0,0
962,0.1911186600072457,4896.195329154439,3,1,0
676,0.24862042394032174,3990.381961513733,7,0,0
558,0.31688382989924796,4104.208503140046,5,0,0
184,0.23124510520279667,4935.268634692821,4,1,0
254,0.22898160724476774,2724.6179928481733,7,1,0
636,0.17712300159462213,4748.43119957304,7,0,0
327,0.2162871325016753,1720.2122906808186,6,0,0
342,0.33583302860473524,916.4041717992432,9,1,0
435,0.2246372734783249,4426.224198053485,9,0,0
789,0.1385227981417112,3387.5497724600123,2,1,0
636,0.09511396541006878,2999.624006461599,4,1,0
615,0.3992704576410436,113.22986452007734,4,1,0
621,0.01991954541902985,2322.3626853393143,2,1,0
457,0.17586005567282614,4373.157193315652,1,0,0
995,0.04000913487883967,4710.925141997503,4,0,0
776,0.19139641553995468,1841.7908492938118,1,0,0
310,0.15943864210309072,1812.262999387533,9,1,0
604,0.026512885514905382,3434.9342665721974,7,0,0
22,0.2534998100716737,2378.5177163607073,3,0,0
695,0.1211178300379036,4946.292057800029,3,0,0
638,0.29246544698936083,3987.9491182725105,8,0,0
156,0.05919842071382703,881.413862159592,1,0,0
140,0.18779443700496196,1049.8754723427448,2,1,0
331,0.13752722384025018,1904.437654534189,2,1,0
929,0.2919449116860242,1748.8093022946412,7,1,0
441,0.30934367485598563,1168.4898261563787,8,0,0
306,0.15047613820579409,1782.0629556888398,3,0,0
966,0.10413883757677289,1268.7136041184688,6,0,0
466,0.2502116218162669,351.01079432836207,2,0,0
656,0.26880285336320653,2923.1278249128545,1,0,0
370,0.007887194885722981,1966.5692774251727,6,0,0
855,0.27349792516926025,2935.75200136775,2,1,0
623,0.32630670087367675,203.6036110974799,9,0,0
688,0.06469046553377061,3527.8747856093255,5,1,0
714,0.08870473506059118,3974.3774970929085,8,0,0
160,0.03716730444303573,3212.444894309693,4,1,0
329,0.3291997976885209,4532.431222696771,6,1,0
441,0.30934367485598563,1168.4898261563787,8,0,0
655,0.06759152708571503,2348.4466304592697,8,1,0
401,0.000634038457745123,4359.63012622336,5,1,0
251,0.36431851115844954,1617.1425443784092,2,1,0
859,0.184528079670902,2543.909488667504,3,1,0
236,0.22793325009021653,2049.5846749654957,6,1,0
131,0.19704507638725155,4672.033781227677,9,0,0
352,0.047476823709165505,712.6711971080886,5,0,0
794,0.36145752646146767,3691.7983931694416,8,0,0
640,0.10993097818448844,3783.2954053626017,3,0,0
746,0.30342990390046426,3921.5520360663886,2,1,0
952,0.27616074868713897,3532.7460420439174,3,0,0
840,0.39236170758967914,2871.6870544874782,0,1,0
689,0.06431203021959603,2735.086458965073,6,1,0
872,0.3201903733221205,929.8783578969051,3,0,0
82,0.13311674725890071,3527.3461051793233,4,0,0
193,0.04140213735727288,325.0858988010717,1,1,0
334,0.15243967869560354,4337.271122215188,4,1,0
524,0.09443469140777433,2587.7147832212104,4,0,0
944,0.09394497513625705,1129.393459627571,6,0,0
166,0.2515895835256723,3956.4442295746094,9,0,0
291,0.13831113854685056,3427.1158736946204,3,0,0
873,0.16905328171458833,2785.0528950276675,6,0,0
769,0.28052641976193954,1404.9925013067013,1,0,0
391,0.3346655893513695,3985.119494121015,0,0,0
811,0.12144311831239452,2767.366401014689,3,1,0
576,0.23628792652192782,4064.107735360625,3,1,0
404,0.007836186944362888,4910.40031966609,4,1,0
518,0.2451790175825937,4298.012830903528,5,1,0
173,0.03975985664824938,94.56658212096308,4,1,0
224,0.31431607995142485,2284.0830824969653,1,0,0
696,0.17282846777092964,4322.18658145478,7,0,0
502,0.3613843380053978,2731.252436302898,7,0,0
334,0.31365706850513125,234.637711914317,6,1,0
72,0.27366234216974306,1155.4094840063258,2,0,0
825,0.30546319374173897,2939.5141151074,0,1,0
768,0.27005835468141004,3511.880908977309,7,0,0
991,0.015894574777568837,4605.783553873607,8,0,0
124,0.3577181016382702,2112.9279058480683,5,0,0
82,0.26192153936842244,3976.826465479713,5,1,0
681,0.20540450050484033,3426.5938558119433,5,0,0
644,0.2544204240652534,3802.0209906001533,5,0,0
465,0.007138490842916179,983.1844499869103,5,0,0
574,0.16840955548372843,4823.961829216259,1,0,0
434,0.23646345468196506,3648.9101697861784,9,1,0
870,0.25267683411891306,3543.153849939293,5,1,0
390,0.19068423224335723,2734.9413445053447,1,0,0
919,0.2783661538796089,1406.4025511419184,6,1,0
745,0.34052505586522264,1355.7328396812377,7,0,0
82,0.2897470913951306,2692.367985578807,7,1,0
272,0.10563186615438397,3652.7011122281533,3,0,0
188,0.38198159816280897,1076.19773255157,8,1,0
601,0.09519163553048593,788.4708686141505,7,0,0
352,0.20386960809579746,4085.266141769036,7,0,0
613,0.26093755518678846,328.1649368296218,7,1,0
606,0.024796754110043062,1951.0345446497456,2,1,0
716,0.33848837615551425,2116.5896191404177,3,0,0
809,0.2777625340313598,1787.8273817790293,2,0,0
528,0.09488944671561211,88.23944920417976,0,1,0
650,0.22185072351483393,4770.336670366432,1,0,0
301,0.0636257398919779,2359.6992641225156,7,0,0
763,0.38212579903469773,4975.491180868193,4,1,0
958,0.3441692057732824,3159.8701393595215,4,0,0
885,0.17766807467757595,4038.2043844184404,5,0,0
200,0.23003205837378088,3114.6262658916085,5,1,0
107,0.31098131206548824,2991.517726484503,5,1,0
540,0.35951666939494376,874.2676171426137,5,0,0
8,0.15705490954468537,1654.9589255517103,1,0,0
971,0.08469824981578927,3509.7648402444274,5,1,0
378,0.18547732320451027,3958.485043791603,8,0,0
352,0.07228985511979236,1510.0639600105744,8,1,0
278,0.027554819970333377,3550.443455205258,4,0,0
877,0.3629265421691975,1123.0165113021453,5,0,0
877,0.16709835576842452,168.7475670236281,7,0,0
685,0.3965854099970208,2798.6338330112653,7,0,0
50,0.3609884808992654,248.29978813988555,4,0,0
618,0.28814029664184715,1442.9986142116097,9,0,0
62,0.24776231165592233,4989.441773322183,1,1,0
641,0.32115982548787214,470.88967095897954,1,1,0
382,0.2625319350953478,1116.1157624401253,0,0,0
836,0.24662174796672365,3349.2427086398843,0,0,0
588,0.3677317642988416,2788.224695376945,2,1,0
397,0.01921445932230731,4610.811148164318,3,0,0
612,0.07918651026460011,2632.9737498002264,1,0,0
587,0.07339036081789618,4921.399331275075,3,0,0
177,0.1264802472288145,2804.4491740494077,2,0,0
306,0.007655293313452716,4761.277757827681,0,1,0
893,0.34763706647220843,2187.758428581723,7,0,0
328,0.3106700107142246,3907.567923382736,4,0,0
75,0.2625769470558142,1991.6976215500854,0,1,0
721,0.3179372636655035,4625.815247549091,4,0,0
859,0.063896744128911,2199.2950884883244,8,0,0
806,0.3755736219757205,571.9746994699705,2,1,0
983,0.28581384668058274,2229.435727743046,2,1,0
131,0.15069918870859123,4830.629564660975,8,1,0
919,0.38363958875781506,923.6810514643755,8,1,0
442,0.2626091258154503,4356.434202840704,5,0,0
571,0.2907652371385553,1640.9998000490384,1,0,0
856,0.10838193400520002,2806.14860367642,1,1,0
654,0.03992821229112825,2346.5385893332227,9,1,0
987,0.29741154974528844,717.2257775934755,7,1,0
457,0.2705807795503292,4297.485720961651,1,1,0
686,0.1869639348533919,3253.826718882641,7,0,0
903,0.24285768969800353,2384.258943655395,7,1,0
273,0.22942066980139159,2440.157179847588,8,0,0
73,0.06806822017525566,4626.2870277469165,0,0,0
602,0.25392507156874067,1890.2419515917002,8,1,0
307,0.2397596185556769,3031.702661930987,8,1,0
691,0.09496638311517958,819.3948544324089,9,1,0
804,0.14124936331048227,687.3696411960692,6,1,0
439,0.3896825851675599,504.57487388304406,7,0,0
546,0.051208358838879475,375.05445384272724,2,1,0
160,0.02604459398112885,1768.5138063646305,9,0,0
65,0.21123937528070502,3505.933634925113,7,1,0
134,0.3717545760719282,2293.892105315086,6,1,0
26,0.17425457489104274,3212.4481077523114,3,0,0
348,0.38212783701207065,2696.3327377673345,1,0,0
925,0.15729077327311364,2031.7053651710578,2,1,0
983,0.32137595697977345,2148.0353462778544,7,0,0
613,0.18040315568900128,4078.320777437807,7,1,0
289,0.3909662898941044,2382.623114361831,3,1,0
964,0.33572901565018065,2476.0053058922285,4,0,0
565,0.21838894151062888,535.4433810364542,6,1,0
665,0.38306087567256514,213.12316681745781,0,0,0
692,0.11874302118109992,163.4047964612388,4,1,0
149,0.24033505615253836,4770.646982622317,9,1,0
302,0.3497671288077619,3300.7311716493864,7,1,0
894,0.3685317588220876,394.75893613517303,2,1,0
175,0.22255333185899706,338.40835202820904,3,0,0
666,0.020475766074739887,2331.998751756125,5,1,0
365,0.1517481158945076,2574.986751690295,4,0,0
914,0.22920252651526435,2424.2235884256243,4,0,0
801,0.20722396751773975,1695.0857720751437,3,0,0
552,0.06836770136461762,4061.61547687085,2,1,0
828,0.15024437931631945,1587.9484567989014,5,1,0
411,0.20353838968949012,4307.729189262895,5,0,0
44,0.12235092257482927,2565.9711695187193,2,1,0
554,0.0018838472752665258,2275.1875876272707,2,0,0
984,0.3342524505754914,2858.626380490417,5,1,0
835,0.30205445057542357,4741.102073504719,6,1,0
52,0.06673450223482952,1639.637638882187,4,1,0
945,0.16845691829573023,3520.360598249897,0,0,0
111,0.21339518609695968,2969.2893180571596,4,0,0
201,0.32703877647787377,863.7751624655314,7,1,0
283,0.009548827801602211,2334.9765174455983,2,1,0
441,0.2372721750792781,4979.526183381974,0,0,0
405,0.08138805051268438,3725.836263979039,1,0,0
922,0.2572448011560194,3934.6466864978684,6,0,0
882,0.09318469440808563,569.8889206616548,3,1,0
306,0.050470812778199425,219.56013945186785,7,1,0
474,0.29773950333283655,4355.165158787839,9,0,0
473,0.019378467777091235,4957.504478708826,9,0,0
798,0.37138832055394744,2956.2000789372646,8,1,0
215,0.2940718533647991,4820.2321976894855,7,0,0
195,0.2876041465314005,2948.9240025601634,0,0,0
26,0.05024737961987702,3850.469272457688,4,1,0
247,0.3931609030680385,1873.5669825940563,7,0,0
140,0.32497604908294453,131.06568706846775,5,1,0
129,0.05290017971206995,3256.6535502084607,2,1,0
95,0.33884077055884915,3591.611787004012,6,1,0
133,0.351202682933101,1090.9613725090578,4,0,0
759,0.35268134544834095,1187.8497401481777,9,0,0
206,0.2902596383381851,741.2025640577483,8,1,0
386,0.12348161208091046,4492.558274037541,9,0,0
113,0.3328368681146456,4955.6884553548025,1,1,0
84,0.21212285160329003,1485.9823614692918,9,0,0
439,0.1804847068242701,2216.7335959974216,5,1,0
575,0.39446351197443974,1423.7675203258914,3,0,0
290,0.3448178709575605,229.66657813320978,3,0,0
436,0.1266037408211787,1610.7592559850655,0,0,0
888,0.2674390037820778,2236.5263315238008,4,1,0
889,0.10096908097093293,4802.868421655749,6,1,0
159,0.154864610875665,2494.898229135736,8,1,0
966,0.052698467414570016,3997.69707004711,8,1,0
992,0.03154734059160785,1484.0912207180484,4,1,0
661,0.3099489758801739,3436.4870024466327,0,0,0
303,0.19318406856840348,2812.0619587225897,5,0,0
451,0.36836121325069826,1416.814188318281,7,0,0
933,0.05374931855471454,3844.2926941919327,1,0,0
819,0.11914388822403404,4592.362946108201,8,0,0
610,0.3892465497266895,368.40476291879486,3,0,0
611,0.22209197396075214,3378.387666542232,0,0,0
334,0.31115664872793886,3237.640442404623,7,0,0
190,0.04848938125804769,2683.2646601539163,9,1,0
245,0.2656958965692189,1712.4568470455229,1,1,0
995,0.2770630816791371,352.84041054611237,4,0,0
883,0.26128641013090476,1853.4304544065442,2,0,0
881,0.08569915616237622,3025.9291371760073,7,0,0
542,0.038167821083226416,1408.424157726044,9,1,0
569,0.09342450972664351,4217.19394815839,1,1,0
644,0.29693590289152855,1729.619275452129,5,1,0
779,0.13628656795684074,389.0605200752609,6,0,0
39,0.3643553425448893,3423.572169066547,3,0,0
98,0.32559615407543036,3536.3544365162356,7,1,0
396,0.23981254837222904,1474.3452371294209,4,1,0
749,0.06552931540214518,4896.47098451411,6,1,0
426,0.05329872491467502,1127.2452971201888,4,0,0
523,0.3317784597792805,4228.493010222739,4,1,0
875,0.253780124555263,4829.0372714688165,9,1,0
816,0.1170995298940451,261.87304853712783,7,1,0
690,0.3794444250702233,1933.2979046137518,7,0,0
308,0.2768226089996174,3951.667622902795,0,1,0
612,0.3124711375536975,4061.404730055639,1,1,0
618,0.08101120818221985,3171.996343850492,8,1,0
192,0.1530292264625724,1301.8365537773382,7,1,0
48,0.0035710408841225227,1511.022392168101,1,0,0
161,0.11515733769492276,1663.109399988356,7,0,0
867,0.38827873589261,2914.062528856583,2,1,0
620,0.26357364714959025,1903.3749256663689,6,0,0
122,0.11015954931098376,3573.3646574973295,1,1,0
423,0.37216842141085005,669.3896168275919,7,1,0
230,0.08530056231082217,1054.0619306993672,3,0,0
963,0.10887435241701099,2298.4338356506473,6,0,0
713,0.2614907575529163,227.4285540065756,8,0,0
243,0.23611321287810216,2357.2668984504053,6,1,0
206,0.2810722272542878,1511.6431112373912,2,1,0
790,0.36707479865207543,2130.4269397736853,9,0,0
254,0.09900151515377675,4708.084059154995,4,1,0
916,0.2998522067040501,3390.066126896744,9,1,0
154,0.33851716102935875,1602.4465621239551,8,1,0
441,0.37780566591208603,4300.598775162505,3,0,0
423,0.17546104748283975,1771.2875360298963,6,0,0
432,0.21016665471592128,2277.2712396152074,5,0,0
764,0.13397137505342394,3033.396033560678,9,1,0
889,0.028040084631835438,4156.38661145749,4,0,0
496,0.024283326529647986,590.3900236837299,6,1,0
359,0.10773471637460563,283.8458807596312,7,1,0
457,0.15442363739081,4849.815745188381,1,0,0
277,0.15810756128166503,434.06283586235514,7,1,0
884,0.2289024662796033,2320.8398833477986,3,1,0
65,0.07697866287592109,1700.6489208728235,2,1,0
512,0.032119287928562945,3187.6686079577917,3,0,0
217,0.06498521830940629,4878.1353261386885,6,1,0
970,0.32967515154962507,2860.417555373748,8,1,0
780,0.06533631520663119,2492.909084287623,2,0,0
645,0.36239348747919303,4637.740951945571,0,0,0
772,0.1099997361183126,3654.699936567208,8,1,0
886,0.3477522180077642,4258.446845156897,7,0,0
399,0.28118919019220107,101.6147753006991,2,1,0
278,0.2797874209779367,2078.247089944056,6,0,0
491,0.3799034535501599,4606.5604758436875,6,1,0
909,0.33899751877944745,1167.2301988270433,5,1,0
404,0.013540566835025525,411.7096286536979,9,0,0
456,0.2717698232875379,1151.108530411332,8,0,0
873,0.12522170087680184,4446.3961184995405,8,0,0
868,0.1428324944233615,4127.1793440640395,4,0,0
570,0.23863881626661765,3019.141518313737,1,0,0
104,0.17182365422269924,3883.617570020573,0,1,0
318,0.2608716128954573,52.094486372754204,9,1,0
481,0.07438521411705884,4752.8347344433305,6,0,0
450,0.12822200873159406,4125.749401645091,7,1,0
520,0.15897991582980886,2179.9138499313476,7,1,0
364,0.023201443007562828,4662.822245090308,4,1,0
569,0.09342450972664351,4217.19394815839,1,1,0
540,0.39508319344673115,1871.170899832815,8,1,0
227,0.22038262383768448,3979.100382883381,5,0,0
613,0.17943434549692938,338.07896214492087,5,1,0
126,0.14296377982699415,1313.1184458527098,9,1,0
5,0.10104046804326039,4060.260989619655,5,1,0
116,0.22621724755877498,4110.788674559334,0,0,0
963,0.3498531778749594,3293.5824152483065,5,0,0
66,0.2192199224807626,3972.43938606114,6,0,0
45,0.3793242963712236,3974.309531067711,5,1,0
353,0.37920432039985236,1468.4022927063904,6,0,0
26,0.17425457489104274,3212.4481077523114,3,0,0
100,0.3394436685943925,1461.5236292713396,4,0,0
168,0.08646575731972267,4784.477282525798,0,1,0
40,0.20119678240721506,4454.137467949848,1,1,0
727,0.397830115330721,2649.1848350862974,6,1,0
478,0.3845538717536496,3539.855234509451,8,1,0
200,0.3795140240256014,514.4451675510237,7,1,0
310,0.15943864210309072,1812.262999387533,9,1,0
829,0.35893529027596427,3863.639367236108,6,1,0
714,0.08870473506059118,3974.3774970929085,8,0,0
98,0.30896722775564683,2599.3162652108413,7,0,0
123,0.1690717691120981,3162.9706449100486,2,1,0
896,0.12590338302544074,3960.7737634008768,9,0,0
489,0.15164146970226355,1916.3299730120511,0,1,0
645,0.12770521042592164,1345.1626155607717,1,1,0
3,0.025227785310061868,2208.0478667018715,3,1,0
815,0.09809030346898934,3414.5225258373516,8,1,0
651,0.09424402496931933,1586.4814945691592,6,0,0
559,0.36317850885704134,1754.353204325133,1,0,0
635,0.24876000522672287,3576.1890044560487,3,1,0
806,0.2686702484215906,1172.453322374838,8,0,0
428,0.34347803461389537,1613.049418164594,3,0,0
937,0.2394969668196552,3760.859085421186,1,1,0
780,0.06533631520663119,2492.909084287623,2,0,0
981,0.33614132625657606,4313.965548693197,4,0,0
241,0.21142803928343074,4133.900045605051,9,1,0
517,0.03986927871473067,4956.914244156969,2,1,0
384,0.14345177445605112,239.54236167525116,9,0,0
913,0.15018161178555683,397.9078821707289,6,0,0
939,0.263903681779415,1714.8836082517253,9,1,0
120,0.16784120032142086,4659.423567013242,1,1,0
947,0.2194543701031194,1512.9388952220397,2,1,0
483,0.11012193870143028,2542.4984804627616,1,1,0
978,0.15386209468218548,3718.3727802459125,6,1,0
621,0.18399253859339332,4085.4266948896457,8,0,0
949,0.3163480207017565,798.6392376998216,9,1,0
544,0.33285771762857025,850.9619535195409,5,0,0
263,0.23379447424938338,1011.8888182503406,3,0,0
586,0.009030109879980264,4452.5865832208465,0,0,0
757,0.03220255800752159,2885.1102768139317,8,0,0
670,0.1784686489740675,1594.0974666763464,6,0,0
198,0.21882315132880104,528.7169847705206,4,0,0
813,0.006756821153091286,608.9061773514358,6,0,0
940,0.2538240430088123,4564.71429571463,6,1,0
565,0.2856819848345786,3139.016465563531,3,1,0
427,0.04378778670808736,645.8833000923676,4,0,0
254,0.2478668976512302,1665.834185190029,8,0,0
193,0.04140213735727288,325.0858988010717,1,1,0
873,0.13804304424463115,980.7249269651047,7,1,0
845,0.08913089074438674,2829.1595992669463,3,0,0
730,0.017201813857147252,788.0074828130518,5,0,0
179,0.3949872500083864,1026.8400200468818,6,0,0
672,0.05044101402672985,3623.650537198898,7,1,0
105,0.23117780046733122,196.28631516101186,7,0,0
621,0.0022522404901443305,1160.672752954418,3,1,0
747,0.1265211029099481,2084.274356182147,1,1,0
967,0.3370114733008164,2840.683393190725,7,0,0
172,0.29622159270453813,1304.0029071727758,1,0,0
318,0.03851599999205696,4216.365975010737,0,1,0
1,0.32477147930183026,4017.1441802041654,0,1,0
114,0.04035422709699299,1126.2437071143552,3,1,0
754,0.28302378646209214,1438.3139811343206,1,0,0
298,0.22690795686218523,52.22268925266131,4,1,0
323,0.16695123576327697,2680.421619631795,1,0,0
619,0.3404642683217514,1582.0693458730466,9,0,0
82,0.2897470913951306,2692.367985578807,7,1,0
892,0.398758703347943,4877.7408405047645,0,1,0
530,0.13916353524931946,1156.541590236248,1,1,0
555,0.2507893249532281,4676.116286216754,0,1,0
944,0.35556475900154494,1304.1259719632942,6,1,0
109,0.39608456811398224,713.3906947124073,8,0,0
72,0.017802613258254385,2079.8091199689243,1,0,0
936,0.1696186702644335,1017.9645718627057,2,0,0
817,0.3273160129585476,4172.945476736718,6,0,0
732,0.20790820629761309,4643.162370977257,5,0,0
753,0.08313718419105415,3680.1792799626387,4,0,0
522,0.22974788743220503,3740.7641960742258,9,1,0
864,0.01603226074208558,3669.7915587977045,6,1,0
295,0.2968242925536804,4347.325911206851,6,0,0
606,0.004554971941100827,3098.424611551515,3,0,0
204,0.15240657232256621,1803.4889832372482,3,1,0
635,0.24876000522672287,3576.1890044560487,3,1,0
470,0.3495887157307864,3117.574680899369,3,0,0
108,0.39324151714795297,730.8737745900938,4,1,0
821,0.2035706922779557,4907.86929708503,1,1,0
674,0.007847952798139823,1376.5753715898663,3,1,0
544,0.33078228408670274,444.705413421665,4,0,0
165,0.1319804270659355,507.38709102698965,3,1,0
658,0.08014673691041435,2636.814911592268,2,0,0
428,0.1211285787923837,3050.020246115343,8,1,0
12,0.29171100759150087,2620.6741769279242,1,0,0
610,0.29649135048371605,4865.423664277562,3,0,0
749,0.23155901697522518,2766.2959940439164,2,0,0
629,0.020687191233629942,1215.6972588363658,4,1,0
899,0.3006798036391771,3596.91532207737,5,1,0
672,0.2544426275871229,3591.035168246524,9,0,0
715,0.18069130578277126,3920.5739980889934,6,0,0
420,0.1644978873439844,4810.631256443318,5,0,0
185,0.12326064791968416,627.9934811106589,2,0,0
879,0.045888803235587916,4481.729246659288,7,0,0
291,0.13831113854685056,3427.1158736946204,3,0,0
980,0.3226993371562425,4584.571491029444,4,1,0
128,0.36388202025647204,3563.540140074751,7,0,0
776,0.30144644130271764,4647.729778831273,8,1,0
667,0.3129919569589768,4884.470154190204,9,0,0
779,0.27729844277299487,3672.0121046859135,2,0,0
947,0.24958491663133087,3606.73980020168,9,0,0
127,0.287639797427375,1246.3150877505047,4,1,0
146,0.37296105974613686,4168.927101464541,2,1,0
674,0.3501073294226671,1447.4958675755395,2,0,0
698,0.25454091428323555,3108.6226495538476,2,1,0
893,0.34763706647220843,2187.758428581723,7,0,0
122,0.08356620865679387,2382.0045003475943,7,0,0
700,0.3334679926019533,468.50132693141853,2,0,0
771,0.33998585504468815,802.2350998686957,4,0,0
82,0.06607168908493027,3117.2697283331636,3,0,0
395,0.28682660149437855,886.8819527648344,7,1,0
42,0.22441584659032426,809.8101590372404,9,0,0
462,0.10389523235237691,1878.3323495276125,6,1,0
473,0.12850282173713862,2094.4842025760645,0,1,0
282,0.32590005169053354,2406.6684915283804,9,1,0
675,0.3950829079654748,1193.9599719877901,8,0,0
366,0.3965360166617287,626.7776990923132,5,0,0
45,0.3793242963712236,3974.309531067711,5,1,0
272,0.2389997725271557,4672.122493043418,7,0,0
785,0.14338343877894183,2746.8386428872545,4,0,0
929,0.3339622367980423,562.4932365660212,4,1,0
650,0.246945676103124,2198.1709196068728,8,1,0
742,0.39692164643393063,2327.5113309224985,4,1,0
345,0.29226075771909654,2161.957302188579,2,0,0
86,0.12499936761191588,1523.4357840531572,2,1,0
135,0.026706881624774303,3908.9112027089704,4,0,0
772,0.08741964465778662,4150.570691517484,6,0,0
670,0.021262316759546318,3098.0237199814405,1,1,0
47,0.17936350977304938,1742.0855208669625,6,0,0
893,0.36749821914728664,3588.6656202718978,0,1,0
936,0.10281074384967054,2334.4042023341135,8,1,0
238,0.17203774668517785,2982.5752778907276,8,1,0
152,0.19956585120001546,2743.0762192302677,8,1,0
254,0.15090002793057755,2663.7677198789443,1,0,0
236,0.22793325009021653,2049.5846749654957,6,1,0
872,0.2908903054628606,1733.1194697150997,9,1,0
314,0.18609344853404913,1632.108221794543,9,1,0
33,0.1665196176816971,4131.17731796173,8,1,0
653,0.08017232195258284,3343.373860272875,9,1,0
666,0.28466731595361255,1012.9233757552634,4,1,0
716,0.27345814639111066,403.461053853661,7,1,0
675,0.13732409643424415,3719.437119969298,5,0,0
971,0.17047390082130487,365.3303572974153,2,1,0
736,0.014241905274635758,2700.2156500692467,9,1,0
562,0.0650131278250663,2177.9647081422554,5,1,0
294,0.1570039626367558,162.06217597229937,2,0,0
323,0.16882808440046976,4507.227431559683,4,0,0
368,0.2394852807267357,3120.6721369468078,0,0,0
984,0.19581597797690853,4158.468547019057,2,0,0
775,0.016161632663045156,4062.5683380828264,5,0,0
956,0.15515355789584873,2836.5095959503237,8,0,0
756,0.38094789609395313,1106.8981675791376,5,0,0
76,0.1976128253612332,645.0603346863516,6,1,0
685,0.1565805714310895,104.9078429462378,6,0,0
813,0.008898998360474641,3640.4029627228824,2,0,0
905,0.29208086563802454,1883.2219628628407,9,1,0
939,0.29540793744775384,1932.7036476852186,5,0,0
763,0.0029641076684390755,2994.3011631104628,6,1,0
658,0.03590729188195785,1387.5135783554517,4,0,0
712,0.26058686245676876,893.0082894703042,2,0,0
872,0.27339356241414187,2946.265719824708,2,1,0
327,0.23464495546874142,4254.202085342157,5,0,0
630,0.29912439643959116,1401.7177521743079,5,0,0
643,0.14927396299108198,3093.840349959494,2,1,0
114,0.2677066677557339,2469.935015729798,3,0,0
894,0.3685317588220876,394.75893613517303,2,1,0
154,0.1629177197520727,2302.776189023637,9,1,0
507,0.24415482141292255,3070.464416660719,0,1,0
946,0.3686096117856524,657.3932117196697,3,0,0
564,0.12849586765547377,1259.363665244978,8,0,0
405,0.3909200955864939,712.892064047301,8,1,0
820,0.30069211138436547,4505.06694118675,0,1,0
606,0.004554971941100827,3098.424611551515,3,0,0
582,0.08760118146202,124.14974998492352,4,0,0
588,0.26756025383670246,3640.563918339748,5,1,0
517,0.3775403310608398,1958.1448102496017,2,0,0
226,0.33517681983089953,1699.2413035382729,5,0,0
834,0.05426389527894421,1058.2988486910158,6,1,0
387,0.19694231747080848,1595.087018733194,8,1,0
685,0.10248997160217277,1625.5115079265177,8,0,0
846,0.36385318503048353,2350.464532085625,3,0,0
288,0.053623416747923036,2135.7175843407535,2,0,0
929,0.26642356614162993,4822.9002765320265,3,0,0
271,0.05664980219913385,2233.1222889358214,4,1,0
562,0.3742031722025189,489.81485110358255,1,0,0
237,0.2153526658492026,3897.8418557695545,1,0,0
889,0.1873521849835948,4760.46100943113,2,0,0
207,0.07891349064989928,3314.2208775247136,8,1,0
890,0.13234744821807504,4157.234966384044,1,0,0
289,0.25137509580480616,415.45177885971793,1,1,0
559,0.36317850885704134,1754.353204325133,1,0,0
450,0.07963084717054719,416.53742978887385,9,1,0
116,0.08177284341206964,2750.394669083945,4,0,0
920,0.32623797775361607,1195.4924797768858,0,1,0
820,0.22219780922554028,3854.5521527268616,5,1,0
130,0.120980317837248,4487.715763802081,4,1,0
95,0.2881266475442961,4016.1447634754277,2,1,0
356,0.360900210774928,1698.7196641447267,3,0,0
178,0.21709329598173477,3492.3199216303274,7,1,0
946,0.059946693572436704,3809.6553631427278,2,0,0
662,0.1600276775277391,1073.8527266755877,4,1,0
3,0.3570355880711675,2683.4882046041,4,0,0
606,0.25046934587494724,3133.730585145109,4,0,0
940,0.16564838465199994,3978.791159995032,6,0,0
560,0.3240579221423477,3581.237978934455,7,0,0
618,0.03833619098414498,4774.651908816248,5,1,0
533,0.3787010991655137,4451.5474173814555,5,0,0
574,0.026240855049863787,2000.594623187493,6,0,0
98,0.39028636291047,3507.972343691311,1,1,0
661,0.21933388601578774,4017.1924877290344,7,1,0
433,0.2967430026983351,4615.292985414345,7,1,0
573,0.15550516924463004,877.3271064624652,1,1,0
828,0.20953734156272047,3138.898970864616,8,1,0
628,0.27846255119510327,3389.2414668911556,7,0,0
501,0.06451839390521835,3265.28858456069,6,1,0
268,0.2885320226128513,585.2069061155044,6,1,0
893,0.0966893049395276,2889.2016343724795,4,0,0
532,0.24031036680832196,4397.007878909449,9,1,0
115,0.07132717573658104,3614.2554176987787,3,1,0
140,0.24110813628019323,224.04469649686868,6,1,0
195,0.2871143071638312,1549.6425019183996,8,0,0
400,0.39559133369446725,3343.6877852424273,7,1,0
593,0.19034776783867197,567.4006360494923,8,0,0
957,0.36348895976421547,2868.267375240608,6,0,0
51,0.1513115914643775,2716.5659211523594,0,0,0
954,0.31632968796476985,4211.361600215176,9,0,0
640,0.29294880167637843,4604.25495907327,2,0,0
974,0.30545376107919825,3348.001979649344,1,1,0
185,0.12326064791968416,627.9934811106589,2,0,0
75,0.0990543573357871,848.0157288604809,4,0,0
144,0.20869581200305015,2378.133937108598,5,0,0
441,0.031239880678910426,4606.183130593913,9,1,0
528,0.29661886078270866,269.72903566717105,1,0,0
815,0.12114666460023327,1226.1422600659787,1,0,0
344,0.21342916439754478,3370.1357418730286,4,0,0
569,0.37647144384181863,1759.4048649267963,1,0,0
740,0.053378165247206566,1287.2083688618688,0,0,0
356,0.360900210774928,1698.7196641447267,3,0,0
575,0.08242837047327506,353.148427429893,5,0,0
120,0.02097507574502505,1047.9860540276773,1,1,0
194,0.049335637934028065,183.13712345544243,3,1,0
227,0.034118841551520396,452.90073563907555,9,1,0
989,0.37623654546788,1795.5923617076357,5,0,0
160,0.0967716866197863,3962.882291011614,0,0,0
360,0.1961995511205572,4518.330240716174,8,1,0
937,0.08003782948435079,3471.119181222442,3,1,0
485,0.03879779098807451,2152.3326995497623,3,1,0
971,0.16153553420287559,892.2328386159369,8,0,0
576,0.3764908086480584,736.7526605725491,6,0,0
412,0.34285361464303793,3288.2298852345266,4,0,0
35,0.023496250501558735,2067.33754277437,6,1,0
458,0.23816305695943168,2671.182825523817,1,0,0
653,0.2601159802520127,991.3817708437631,8,1,0
422,0.33690707288184035,257.2228545141379,1,1,0
584,0.13777833506061438,1832.692337145531,2,1,0
279,0.13414109776974392,3671.2986142602517,7,1,0
745,0.14637077429157996,4082.1646937132105,9,0,0
573,0.1109975225094878,2588.287389131837,7,0,0
435,0.15133960518937734,4655.019219285096,0,1,0
919,0.38363958875781506,923.6810514643755,8,1,0
147,0.36167930585940644,3974.9386390155996,6,0,0
909,0.3289419676682657,672.8033071946473,8,0,0
528,0.32250490774578366,3928.8568715595015,3,0,0
167,0.06279105135508034,3174.2677929604006,1,1,0
20,0.2857193257410087,3740.946697053399,0,0,0
138,0.2656804158476334,4707.2428274936465,3,1,0
114,0.26557338168550615,3722.154616428257,3,0,0
567,0.19845596199334764,4670.191761806486,2,1,0
232,0.12004235096832194,4250.6133463540245,6,1,0
405,0.3909200955864939,712.892064047301,8,1,0
967,0.12365089941386143,4182.394135142274,8,0,0
421,0.26762636731465456,4587.999138201079,0,1,0
722,0.033776441488767184,3815.767878540119,8,0,0
314,0.09078875419149463,829.2076379073814,0,1,0
860,0.112668455727164,4505.861403451794,6,0,0
64,0.3581845275570218,1333.006088478943,6,0,0
512,0.24502010322028095,3857.7883917723416,0,0,0
978,0.3104094017529459,2572.5293496818317,6,0,0
704,0.13937789973431458,2312.2260778987843,4,1,0
435,0.2924963668029109,794.4714494357376,9,0,0
44,0.19338511744084103,374.97104874928925,3,1,0
443,0.19806098252582638,2127.2576530759147,3,0,0
441,0.37780566591208603,4300.598775162505,3,0,0
214,0.21572249615400518,1221.6951448846978,1,0,0
48,0.046211458452535104,113.87577513770307,9,1,0
559,0.02062516173586526,2882.7332940917986,7,0,0
650,0.2912004824339699,2183.3288475958693,2,0,0
43,0.3215064900923831,4790.6318955543165,8,0,0
603,0.29001924395046125,4519.058635840661,9,0,0
196,0.24485201592892752,1720.6526133149891,2,1,0
216,0.35097425049025266,3103.8015450942557,9,0,0
293,0.33473500195929956,3639.416401579324,3,0,0
254,0.09601682618074808,4288.869757936752,2,0,0
331,0.3743492392195775,2280.80224700332,2,1,0
624,0.33207638252724103,4530.243125274832,0,1,0
358,0.13797207370632314,4349.981899326304,8,0,0
228,0.3849667179743431,449.25489398070664,9,0,0
389,0.06849841430948372,389.3957942841824,9,0,0
499,0.3526781681777103,1194.943350390594,8,0,0
349,0.15218389171477548,2541.3388391785606,0,0,0
652,0.3398349866257613,4932.789452325408,5,1,0
376,0.3963387438973134,1817.1229109233198,4,0,0
247,0.06269061433824025,677.1185140807027,6,1,0
408,0.380339880610483,4435.2031382839605,8,0,0
69,0.09477775426847024,919.4369710673886,8,1,0
515,0.08622319448692956,2394.328917398688,9,0,0
790,0.36707479865207543,2130.4269397736853,9,0,0
822,0.35340972250507197,686.2763536331471,0,1,0
727,0.3218599031624729,1728.8696756595061,2,0,0
375,0.1580023614331969,1355.4842253779107,0,1,0
661,0.053896123682770636,4232.2058357401365,9,0,0
950,0.2107771241090171,4267.6558350327905,3,1,0
456,0.3111514895370131,3384.485106450381,2,1,0
435,0.2246372734783249,4426.224198053485,9,0,0
63,0.045707188384845554,4560.10741341276,8,0,0
816,0.2734405868937165,2158.9788056046364,2,1,0
222,0.17454126913261858,3895.003622122741,7,1,0
726,0.04287552545555218,1164.7228147149717,1,0,0
925,0.0272559449554296,4167.965261891557,9,0,0
946,0.21812222418215865,402.6415404508651,3,0,0
524,0.18831992589859786,289.3942046965459,7,0,0
433,0.18214537733678948,1839.6820363538584,0,1,0
170,0.219254008349485,3155.100189495457,0,1,0
790,0.13599366149169073,1962.8080062400943,7,1,0
130,0.120980317837248,4487.715763802081,4,1,0
945,0.19307795929691057,2704.7272470335492,7,1,0
370,0.07821345941080954,263.2508015293278,4,0,0
117,0.29565057446162235,4237.362339013283,1,0,0
940,0.30187214428162823,1710.1027101536483,1,1,0
441,0.09031358808078871,496.1879763569161,9,1,0
939,0.06772930745461814,2942.544392993187,7,1,0
354,0.33641584496021504,2338.0432812436225,5,1,0
964,0.207887156790787,1778.140387214047,2,1,0
145,0.11961160683292898,4054.1010156443917,5,1,0
984,0.12080123102001994,137.2190135120842,6,0,0
254,0.09601682618074808,4288.869757936752,2,0,0
723,0.2994415473786586,934.7196211463739,0,0,0
921,0.3787125516866624,310.73212321698185,4,1,0
547,0.3910171349424595,921.0085273718789,6,1,0
93,0.2668178156185213,1622.4170369128847,8,1,0
752,0.21864800858344502,380.5418841517923,1,0,0
614,0.006194160951877914,2107.3299391215783,5,0,0
102,0.1897226934404757,3508.0275220032904,4,0,0
523,0.18544515611921253,3751.070495186753,4,0,0
661,0.01266882647398343,4964.895550657961,4,1,0
542,0.39462189467606507,1489.9734148361856,4,0,0
285,0.17238488344993708,3459.2152701513023,2,0,0
831,0.2669642202495505,4712.815283587645,5,0,0
494,0.33547945052177613,905.6309601229915,4,0,0
783,0.09000902252540338,945.4518915206123,3,0,0
351,0.007805311128864623,1656.104181805755,2,0,0
38,0.14464121222098147,4295.353251039825,3,0,0
726,0.20135582482585013,1431.1498782222945,0,1,0
530,0.11490317071133255,2801.191393664274,9,0,0
217,0.1019391713107996,3305.27643046615,4,0,0
540,0.10338026203488082,690.8423281468322,2,0,0
726,0.10816448508313536,1292.6373598582345,9,1,0
41,0.2565949458549149,4773.473306690428,0,1,0
331,0.13752722384025018,1904.437654534189,2,1,0
460,0.23903127230697613,3059.126367151846,6,1,0
395,0.28682660149437855,886.8819527648344,7,1,0
456,0.3413224411465657,1227.7854394730007,2,0,0
673,0.3192718637009567,4160.77497262534,0,0,0
92,0.3603761091388172,1022.8568501485581,2,0,0
890,0.36707502822817734,2607.7578320277253,1,0,0
952,0.27616074868713897,3532.7460420439174,3,0,0
595,0.2016302106112436,1453.649138447663,7,1,0
659,0.13027798299322446,4077.437924534295,1,1,0
22,0.2534998100716737,2378.5177163607073,3,0,0
142,0.38212211060990586,189.74371209788728,5,1,0
403,0.31260852932642613,2628.280878038749,8,0,0
937,0.18907580664623053,590.1075887186088,2,1,0
400,0.14440836285881076,4987.581246337074,6,0,0
830,0.14986474236046243,3877.171778493421,2,0,0
7,0.21126969011192742,617.5546077967239,2,0,0
752,0.03144631122624342,3825.1327922582955,4,0,0
197,0.20892103083985714,290.57663693275117,0,1,0
764,0.05849152319262879,3694.709829105508,6,0,0
40,0.20119678240721506,4454.137467949848,1,1,0
407,0.16461530767069726,1907.5640816650264,6,1,0
404,0.007836186944362888,4910.40031966609,4,1,0
869,0.08466592870347078,4567.974312291889,5,0,0
899,0.2454051506340214,2299.2976161583256,9,0,0
698,0.14813491797723471,1582.8135764477026,4,1,0
739,0.03960657500418541,4476.6994574842065,4,0,0
134,0.12516728186733656,2660.033583221765,7,1,0
428,0.1211285787923837,3050.020246115343,8,1,0
196,0.12838475776895658,2965.73756349582,2,0,0
361,0.2649553042804746,4961.721814258321,6,0,0
289,0.3411527314335306,4198.038009207302,8,0,0
209,0.37181433930037333,4289.31111985029,0,1,0
548,0.014895252016311089,4695.109856465986,0,1,0
260,0.23708008725906266,3803.006395837326,6,1,0
263,0.14877338067166512,1688.3432049283606,2,0,0
139,0.28915381473529017,1915.7835214292847,0,0,0
556,0.01606543305796554,734.4017710761383,8,0,0
665,0.38306087567256514,213.12316681745781,0,0,0
808,0.3399387436115441,2172.7408390095334,0,1,0
206,0.2902596383381851,741.2025640577483,8,1,0
480,0.09433614561401632,4612.906183615998,6,1,0
239,0.09537716487163195,2341.393057603347,4,1,0
289,0.2983621686629317,2693.8939060754433,3,1,0
505,0.2557405233941916,4744.216586029003,4,1,0
980,0.154646531861515,1423.7180132118112,3,0,0
629,0.22159003757232976,1145.0838557878162,0,0,0
873,0.16905328171458833,2785.0528950276675,6,0,0
710,0.03355423076317582,4065.0100078490377,3,0,0
119,0.3779431897839082,1770.5798170373264,6,1,0
56,0.1033364688945379,2279.653811280773,7,0,0
485,0.2447245993427697,707.4892169889658,4,1,0
575,0.20209606709334033,3115.7555491821636,3,0,0
737,0.070389170006116,66.30148287622993,0,1,0
916,0.2998522067040501,3390.066126896744,9,1,0
745,0.01205591966319891,2942.8523931730674,0,0,0
290,0.09301703068563932,1509.5387478661662,8,1,0
770,0.19991622967510253,3967.2462265730373,3,0,0
642,0.16438714374629537,559.4131259829832,7,0,0
747,0.1265211029099481,2084.274356182147,1,1,0
902,0.09146766064210626,4440.582152858948,4,0,0
661,0.053896123682770636,4232.2058357401365,9,0,0
413,0.09981440382995876,2223.099456438066,4,1,0
75,0.03619469913215517,716.5616867897169,4,0,0
517,0.16288977187280912,4188.867600454766,8,0,0
718,0.35605902816706764,964.7011696169944,8,1,0
484,0.09170267430486984,1430.3101239294856,3,0,0
666,0.2906464877528242,3572.4813940964655,2,0,0
550,0.21445947974685514,3046.658759662649,0,1,0
364,0.33520144550818204,959.0370568485673,0,1,0
909,0.12525421794291736,2226.0954908068666,1,1,0
272,0.10563186615438397,3652.7011122281533,3,0,0
594,0.0923569547849416,2081.158577764143,8,1,0
987,0.19900321875190752,979.6363183381176,1,0,0
59,0.07039995610484523,1184.7338557215592,4,1,0
594,0.3143177732848512,3242.603901050422,3,1,0
132,0.02014062908313574,2269.0280339132446,9,1,0
866,0.39979753997102135,3362.829787798353,5,1,0
919,0.1402302434259226,2475.0847524422484,9,0,0
417,0.3614717121947235,4488.0653016802125,6,1,0
457,0.19742848276410546,1384.0481352594772,1,0,0
132,0.14730166647022802,3485.832284541811,0,0,0
647,0.16559438607612192,1246.4527548578938,2,0,0
343,0.2874552941035531,4495.8617536475085,9,0,0
190,0.36060256248097183,3840.4464621698303,9,0,0
181,0.27362302105014363,3750.6431060276727,4,0,0
492,0.32939305884045644,4088.1905745721365,4,1,0
929,0.1735235129768885,4398.634260465693,1,1,0
423,0.3109572106419391,73.00843618013916,0,1,0
612,0.3124711375536975,4061.404730055639,1,1,0
675,0.13732409643424415,3719.437119969298,5,0,0
229,0.24184541157339695,1354.4311402944734,1,0,0
191,0.06984618630146933,3545.8469359605665,1,0,0
17,0.21134346775408014,2665.918280563979,3,1,0
632,0.39739887741038826,3698.567572886983,5,1,0
725,0.04617291947271612,742.2797874631983,7,0,0
604,0.0541133233827743,401.1413764511813,9,1,0
925,0.12755769666900035,4198.245591183612,9,0,0
430,0.23565220087825411,2512.121839113677,3,1,0
722,0.21164424420991818,4612.62661424009,0,1,0
787,0.35271634784870143,4963.870753338036,6,1,0
520,0.146207541942124,1269.4976021893256,8,0,0
696,0.17282846777092964,4322.18658145478,7,0,0
507,0.24415482141292255,3070.464416660719,0,1,0
752,0.21864800858344502,380.5418841517923,1,0,0
838,0.3305589636727623,301.6188877439103,8,0,0
580,0.17051008612801694,1526.8504717317726,1,0,0
642,0.10188801709553186,1679.0339069218053,1,1,0
480,0.27685236144435266,2088.504061434899,8,0,0
31,0.0078679901867722,197.56307812643936,6,0,0
899,0.004073124097117575,2484.5832748486946,2,0,0
584,0.35327490114141347,4633.911593923181,4,0,0
712,0.26058686245676876,893.0082894703042,2,0,0
35,0.28351639175061377,702.9775591330784,9,0,0
700,0.1708548435651141,3588.253108278823,2,0,0
78,0.2250320852078791,3201.44006876165,7,0,0
440,0.14955806580597886,1997.6801836087893,8,0,0
348,0.13019650680551098,1585.9524254695314,9,0,0
159,0.11380528932088624,4774.209868059795,3,1,0
83,0.04214609421870674,994.2114668887272,5,0,0
595,0.36560690999814055,3988.3946962586624,3,0,0
306,0.007655293313452716,4761.277757827681,0,1,0
956,0.15515355789584873,2836.5095959503237,8,0,0
588,0.3388065877713057,2742.1108279646146,8,1,0
920,0.3298725092033161,4358.867769687578,3,1,0
302,0.0801602356834672,3787.0933575768777,8,0,0
211,0.2150929333892565,3323.4887077444982,1,1,0
736,0.38033067101180323,2273.033741138339,7,0,0
180,0.04198128172336335,3469.7133185569437,1,1,0
814,0.2671927821176316,1665.488376711854,4,1,0
348,0.38212783701207065,2696.3327377673345,1,0,0
748,0.3869625284027743,112.80190845270036,4,1,0
567,0.08404872388330492,3057.1066737728074,4,0,0
137,0.012085176066751746,1987.4638226400632,4,1,0
536,0.015302748168452118,1688.7157086674713,7,1,0
955,0.22095392248946294,3976.924948105527,3,1,0
351,0.33108650616178636,2403.986567911784,9,0,0
59,0.34789748347037275,3422.9649471902662,8,0,0
233,0.1858634923082303,3384.886595963525,6,1,0
260,0.35097360005990336,3317.1490476186136,9,0,0
779,0.27729844277299487,3672.0121046859135,2,0,0
303,0.13133486766524227,2816.219971896346,0,1,0
885,0.2945581719138311,2138.55662212231,2,0,0
877,0.07048966849505706,1558.7055483842203,8,1,0
678,0.289359005295119,1370.693042792722,0,1,0
516,0.025996715705650153,336.0070007123912,8,0,0
422,0.10454242107936501,1889.5873722351018,3,1,0
851,0.04074498865463827,2214.281726722693,7,0,0
563,0.10345809367305847,1899.374178114728,5,0,0
230,0.024991357538775905,629.0917666278202,6,0,0
678,0.289359005295119,1370.693042792722,0,1,0
27,0.3858914695341739,697.4556016347316,4,1,0
988,0.35448213356188873,2935.2142815413285,2,0,0
70,0.00418282999207209,980.8828613918782,1,0,0
227,0.22038262383768448,3979.100382883381,5,0,0
566,0.23874402523121385,1964.5723738137356,9,0,0
271,0.05664980219913385,2233.1222889358214,4,1,0
606,0.10653027550876776,1936.894474653222,2,1,0
917,0.33868767336483946,3933.0805303279653,7,1,0
879,0.08564527733383659,3188.6779553751808,5,0,0
19,0.3782227381837659,1888.436754769998,3,0,0
171,0.02878593265139856,4705.421971175335,1,0,0
481,0.1992002333047122,4998.489415287415,1,1,0
208,0.14528175578872765,1234.423441271375,5,1,0
88,0.3449118464488187,3486.5224635314107,1,1,0
86,0.35644118467236824,1661.6053240891756,9,1,0
666,0.24226924056282334,3567.46599714167,2,0,0
332,0.28499140952265806,4944.0310132362965,5,0,0
829,0.2695955397568165,545.0612827649567,8,1,0
355,0.2548712250213103,3610.392953754086,7,1,0
669,0.06116928798107063,4881.113016601725,3,1,0
521,0.274714306144258,2563.8578599519296,2,1,0
523,0.18544515611921253,3751.070495186753,4,0,0
690,0.3299349334145195,1840.24126755367,5,1,0
893,0.22301866383376445,2260.579796622747,9,1,0
87,0.16897278552264539,3702.8949309511945,7,0,0
393,0.09920268199695198,1603.817638177676,1,1,0
915,0.19449155080021957,664.2087987974548,4,1,0
382,0.2972741913058286,4759.04282541361,8,1,0
476,0.13214987638687747,2909.462392654186,9,1,0
380,0.24438969411483302,3197.6907299945246,6,1,0
131,0.18775398888113087,4863.820988171777,3,1,0
366,0.3965360166617287,626.7776990923132,5,0,0
248,0.12557920067914286,2072.31622575454,7,1,0
963,0.10887435241701099,2298.4338356506473,6,0,0
589,0.22360687039689253,720.7774823494527,8,1,0
811,0.2627225631810898,2054.3226638806414,9,1,0
799,0.39832836749557143,3451.680521351853,9,1,0
207,0.18979545687736715,1909.815161466612,5,0,0
760,0.385321263507381,1341.4169107278033,1,0,0
483,0.23605837211662045,3056.8073134310653,4,1,0
140,0.18779443700496196,1049.8754723427448,2,1,0
540,0.12167194174506152,1339.506923838148,5,1,0
118,0.20774669834795717,1709.207504101641,5,1,0
258,0.21087749014209806,2314.4173060860535,3,1,0
466,0.2502116218162669,351.01079432836207,2,0,0
451,0.10651765992163209,3640.4868159070897,0,0,0
82,0.26192153936842244,3976.826465479713,5,1,0
405,0.3909200955864939,712.892064047301,8,1,0
477,0.162352667129132,2423.5093405673856,9,1,0
443,0.035252477784128655,4314.387279607195,4,1,0
606,0.004554971941100827,3098.424611551515,3,0,0
167,0.06279105135508034,3174.2677929604006,1,1,0
824,0.05581872266059268,143.90717512922097,1,0,0
55,0.33326291589269186,3797.3086695821135,1,1,0
587,0.07339036081789618,4921.399331275075,3,0,0
454,0.19811776226865174,1113.1580266081805,3,0,0
582,0.16760834241300415,2040.4857732355472,4,1,0
708,0.18944354516630263,888.8595967129211,9,1,0
307,0.2397596185556769,3031.702661930987,8,1,0
214,0.08801984107748534,887.6187056904819,2,1,0
629,0.22159003757232976,1145.0838557878162,0,0,0
171,0.3637178687077408,171.67898830784193,6,1,0
833,0.3673540027868488,1606.8777999576062,6,1,0
86,0.13118479264448735,2298.621641909518,0,0,0
289,0.06280780657811796,1897.6120471315535,5,0,0
743,0.27365237205734216,3706.8027437263327,4,1,0
655,0.3204270682078,3378.775750433408,9,0,0
549,0.37955319914954627,3528.678140992128,1,0,0
494,0.20700052584066653,4963.00954229692,4,1,0
702,0.32516166155870274,378.58400603278756,4,0,0
526,0.07691296225370547,850.3028647579424,6,1,0
158,0.10037247458476478,2026.0425613854432,0,1,0
574,0.2418569161953566,693.5344284022107,5,1,0
489,0.01278949159758408,4277.033553035751,3,0,0
490,0.2887047241469086,2313.816566078251,9,1,0
828,0.25029044472414935,2668.6556357696445,9,0,0
714,0.08870473506059118,3974.3774970929085,8,0,0
29,0.08840083323203218,547.125204822391,2,0,0
407,0.16461530767069726,1907.5640816650264,6,1,0
710,0.20341132369923248,4727.297999412072,8,0,0
858,0.06305803537231663,2808.567318650828,8,0,0
668,0.20440694503670515,2210.3504853989984,7,0,0
758,0.1612891972516678,3593.097890747109,9,1,0
722,0.21164424420991818,4612.62661424009,0,1,0
106,0.07957954199691492,865.6253694638353,1,1,0
247,0.3931609030680385,1873.5669825940563,7,0,0
23,0.372814166260251,328.53622386281717,0,1,0
504,0.19508535763586154,2083.0816713140193,8,0,0
806,0.2686702484215906,1172.453322374838,8,0,0
245,0.06971916357498698,245.43240912825476,1,0,0
462,0.23951186580458694,959.3614579744897,7,0,0
686,0.06437360143785653,292.98931224750345,1,0,0
939,0.17143436976370746,3645.2511909998834,5,1,0
987,0.19044256105438423,1332.3180383574224,0,0,0
950,0.3293112544815472,2619.5412467228093,8,1,0
544,0.11849015919449235,4757.662713755156,4,0,0
865,0.338194689027455,1285.6206723257005,5,0,0
420,0.3841033839037454,857.5437105970498,8,0,0
815,0.3690908636104589,3448.151976633999,4,0,0
469,0.11696141038969243,1994.3592926473889,7,1,0
277,0.33346770877860854,4959.400446726543,9,1,0
73,0.3005455836981514,2231.496889928194,7,1,0
955,0.3576820576144448,4969.161709604596,9,1,0
540,0.20906534148546557,376.7318439931658,1,1,0
768,0.17873482275087077,3666.8529816457103,1,0,0
994,0.20398130110286322,2960.537192465235,5,0,0
970,0.0708012878064942,4018.102058887154,5,0,0
152,0.006866594041289142,3634.8188223449474,6,1,0
656,0.049172460795106565,1776.1502135422254,3,1,0
629,0.26402372450189965,222.58623626927658,5,1,0
968,0.05313295239619792,1123.8192419029763,6,1,0
656,0.11154316726448743,1201.905591924914,8,0,0
468,0.2246715262509108,2884.637821857108,7,0,0
945,0.23976527636064443,2080.0637218655284,1,0,0
271,0.24212652811501084,3433.038035011415,5,0,0
867,0.22036952054213177,3032.431120888119,9,0,0
963,0.10887435241701099,2298.4338356506473,6,0,0
302,0.08155733755833938,1949.4474594818018,0,0,0
726,0.21466067098381814,992.2866431281263,9,0,0
594,0.04599225533539997,1023.1036085307031,4,0,0
195,0.3109683668783546,2640.6921299813066,0,0,0
141,0.3454756831339779,4715.374652870808,8,1,0
491,0.07767165125500847,1105.4407278965043,0,0,0
102,0.3725724049139102,3387.742952557824,9,0,0
496,0.2874853136983609,2128.1359530455243,2,0,0
95,0.25387607593133216,2336.8917968300448,9,1,0
254,0.09601682618074808,4288.869757936752,2,0,0
613,0.18040315568900128,4078.320777437807,7,1,0
31,0.3287841528923062,3422.525605029499,9,1,0
179,0.057116677921091596,1063.3660117659754,7,1,0
102,0.3725724049139102,3387.742952557824,9,0,0
831,0.2669642202495505,4712.815283587645,5,0,0
134,0.3659520995065159,4650.285096214322,6,1,0
420,0.041458760356397284,1832.5399885286308,6,1,0
443,0.3955149385058756,1059.613470678395,2,0,0
852,0.2572398210655153,2989.457876869954,2,1,0
951,0.29931858941493067,2423.742440913086,1,0,0
356,0.35563291235522654,803.2450447599915,9,0,0
788,0.2749026296863474,2079.9145578252565,3,0,0
852,0.06225262718284613,1757.4535168876237,1,1,0
455,0.014285458862005218,3537.6642074773367,3,1,0
762,0.3195723690615728,4659.824150384465,2,1,0
848,0.13201354784845698,3848.076568427816,4,0,0
945,0.23976527636064443,2080.0637218655284,1,0,0
770,0.3999740741461912,2185.273082053125,2,0,0
542,0.39462189467606507,1489.9734148361856,4,0,0
362,0.31377801193532323,2737.4243512045337,1,0,0
695,0.19414888897426952,2955.3784643558847,6,1,0
872,0.2865139801158609,1065.4141953863298,3,1,0
957,0.32889439001809306,287.7256686195701,6,1,0
666,0.294243081855513,458.4001694475692,5,1,0
703,0.12127213829148537,1499.3076792595498,0,0,0
111,0.14691847781098027,1440.3903362178314,9,1,0
205,0.19431547280355138,3480.7218092039107,4,1,0
446,0.008662985877848528,828.4540638743197,9,1,0
143,0.03469765747027104,2104.044585902472,8,1,0
110,0.03323656510458578,1891.1770408016137,5,1,0
410,0.13344964404938592,2454.4197152534284,0,0,0
318,0.06317245101410002,688.3858770655885,6,0,0
198,0.08545264497213678,3405.006935160186,1,0,0
365,0.3084423779825908,3073.6513500954215,8,0,0
559,0.3768841010225262,4224.348242259754,4,1,0
835,0.250016957784804,2955.2508151209263,8,1,0
889,0.028040084631835438,4156.38661145749,4,0,0
632,0.18979967822416616,292.70466951012156,4,0,0
174,0.06965116935395715,2158.5665094885712,2,1,0
190,0.04848938125804769,2683.2646601539163,9,1,0
588,0.3677317642988416,2788.224695376945,2,1,0
662,0.08912507197898167,1821.0903426574753,3,0,0
137,0.07698161933325193,2304.024020575865,7,1,0
697,0.22912342096714589,4896.317335970624,1,0,0
435,0.3462570063805965,1261.4356623131537,6,1,0
618,0.2599990620184609,3909.2270209611233,1,1,0
242,0.24150592777418933,2884.4553643059553,8,1,0
837,0.1918956279534237,4579.948934955502,2,1,0
529,0.07242641363412206,2314.858784090786,7,0,0
485,0.15582555030482587,592.5784495934522,3,1,0
722,0.033776441488767184,3815.767878540119,8,0,0
84,0.01572297752947377,2713.208717521592,9,0,0
441,0.26006742389234244,2104.475195071806,5,0,0
704,0.13937789973431458,2312.2260778987843,4,1,0
363,0.27292970050988113,2464.4058750072554,6,0,0
653,0.08017232195258284,3343.373860272875,9,1,0
99,0.10674869695549793,3957.9714252770195,5,0,0
311,0.07880567453143406,835.454343710081,7,1,0
996,0.34822110451877886,4282.734657584604,8,0,0
764,0.13397137505342394,3033.396033560678,9,1,0
987,0.24491403027336123,4908.443262050937,6,0,0
857,0.07742878703941064,2064.5910395111187,3,1,0
998,0.17458019328287488,608.0161340411685,8,0,0
28,0.30509800449291724,752.3315385964513,0,0,0
183,0.24737861979290215,1501.17160461803,5,1,0
499,0.3526781681777103,1194.943350390594,8,0,0
142,0.1762179707632875,3345.7370292808246,3,1,0
550,0.31493620009158946,1802.1601524953758,1,0,0
195,0.34526927905778276,582.2588667320767,6,0,0
64,0.315224057828995,4846.256517012618,0,1,0
426,0.3654640179665167,3658.218408004284,4,1,0
996,0.11016369671879128,1066.8995365826909,4,0,0
254,0.15090002793057755,2663.7677198789443,1,0,0
484,0.2545789827813013,1477.290067583695,6,0,0
217,0.1019391713107996,3305.27643046615,4,0,0
814,0.3677391941666238,634.0366812057565,8,1,0
515,0.08622319448692956,2394.328917398688,9,0,0
406,0.3012629450626267,843.2552899820664,7,1,0
974,0.23703813205392882,3301.675324500795,7,1,0
644,0.17305549354705757,2097.4606696437777,7,0,0
516,0.07008271669136518,1590.7402776403383,9,0,0
634,0.05181836324039779,1444.4965528993937,6,1,0
768,0.33256008905680784,4305.5342466134825,1,1,0
192,0.1530292264625724,1301.8365537773382,7,1,0
930,0.22281034604996608,3414.2301971530605,4,0,0
308,0.2768226089996174,3951.667622902795,0,1,0
324,0.034652253009374356,2108.656555400366,4,1,0
262,0.24595820987618838,1734.5088570100086,6,0,0
536,0.030456113435763543,1306.056165954715,7,1,0
751,0.17642205918675002,1813.0473035872792,2,0,0
320,0.36378151771610034,4636.081448521445,2,0,0
45,0.35219303925868817,2501.2548938126256,9,0,0
86,0.018676468217777464,195.12216345499058,7,1,0
675,0.22375448284316996,2545.1043392857646,1,0,0
98,0.30896722775564683,2599.3162652108413,7,0,0
834,0.05426389527894421,1058.2988486910158,6,1,0
844,0.22820671985621216,3954.9070435994972,7,1,0
238,0.17203774668517785,2982.5752778907276,8,1,0
968,0.05313295239619792,1123.8192419029763,6,1,0
8,0.15802564758443544,874.8689293740028,0,1,0
632,0.20469456559170923,4711.553946254848,8,0,0
70,0.34147084731266514,4241.724161716284,0,0,0
968,0.05739798349908204,2577.67715021884,0,0,0
905,0.2004410675639552,2610.5132432326695,9,0,0
660,0.20019692719182614,2582.0781751562695,0,0,0
129,0.09917823412466653,3124.6647258931016,1,1,0
570,0.3863720722732061,4360.65570254284,2,0,0
380,0.24438969411483302,3197.6907299945246,6,1,0
441,0.11731113350314104,3982.2849989651277,9,0,0
818,0.1420176453253888,2856.2936571048444,3,1,0
355,0.25262769512545513,1864.2331900165827,1,1,0
792,0.3616973444274642,991.592485271801,3,0,0
102,0.3725724049139102,3387.742952557824,9,0,0
599,0.24620539335768593,1662.8810848193386,5,0,0
75,0.0990543573357871,848.0157288604809,4,0,0
874,0.047435356337589885,1495.43984487876,1,0,0
327,0.301702106110123,4854.1841679710105,0,1,0
825,0.20320314340049772,1080.992725194146,2,0,0
979,0.05564783137853324,4550.244403110752,0,1,0
813,0.06632193722698276,3446.586636274255,6,1,0
144,0.20869581200305015,2378.133937108598,5,0,0
229,0.24184541157339695,1354.4311402944734,1,0,0
850,0.3512087640751823,1848.0946632512416,3,1,0
737,0.15091956012375773,330.732303333898,5,0,0
771,0.0998427130840896,2908.797878472041,0,0,0
785,0.3559764940327752,4786.555730442654,5,1,0
677,0.24673999903643884,2792.16167020133,2,1,0
612,0.1513552845621356,1126.3577614498306,3,1,0
225,0.060343652580986396,4592.901417297223,6,0,0
761,0.05576667017583825,3010.602014100567,0,1,0
397,0.33388861322288066,4314.418183127409,8,0,0
894,0.05199778515666781,3639.702096091323,1,0,0
503,0.11459261971559837,3213.112341356494,7,1,0
19,0.04782429977800334,3996.778974407732,0,0,0
86,0.35534393977939915,4547.095689863825,1,1,0
530,0.3506150762042504,2711.2502947927915,5,0,0
761,0.20558048292317455,3648.3576724963486,7,1,0
116,0.08177284341206964,2750.394669083945,4,0,0
912,0.26043701831744287,2575.4516816223495,1,0,0
227,0.2906605098625267,3492.4929607730187,8,1,0
81,0.0734008158769982,4948.231697744406,0,0,0
202,0.18467706504471615,2059.104360744259,5,1,0
651,0.07282604553217825,4265.55086360582,8,0,0
574,0.011246164817770243,3218.1713885135478,5,1,0
427,0.1140444323849697,4958.3150341589235,9,0,0
444,0.34223755093923885,2936.6504715969922,9,0,0
244,0.31308703689694733,3062.928110719077,5,1,0
704,0.1375123862438989,3108.966581894171,3,0,0
561,0.10573614065293963,3733.2283540074486,4,1,0
764,0.13397137505342394,3033.396033560678,9,1,0
561,0.17995701810768172,3738.736208436262,3,1,0
772,0.3768402577714952,2807.1837624122463,4,1,0
440,0.09260375582194674,4145.348633774297,9,1,0
897,0.14103012544227922,4849.453021098535,8,1,0
220,0.04505681646707227,4929.021739411181,3,1,0
595,0.2016302106112436,1453.649138447663,7,1,0
563,0.27331282297162307,1949.515819088515,7,0,0
815,0.3690908636104589,3448.151976633999,4,0,0
848,0.2983207026968675,2853.626686406276,1,0,0
349,0.2801047013704725,1449.9679670654657,0,1,0
28,0.3576905085893276,4587.57255914762,1,1,0
464,0.3924995872117918,3632.2971674698792,9,1,0
859,0.184528079670902,2543.909488667504,3,1,0
942,0.09936833193507838,381.40833280776087,2,1,0
179,0.3949872500083864,1026.8400200468818,6,0,0
611,0.1435015527545993,638.3627712502615,8,1,0
683,0.018525996846746384,4765.379215628651,5,1,0
75,0.03619469913215517,716.5616867897169,4,0,0
628,0.08277039741154363,2262.988131667699,6,0,0
874,0.047435356337589885,1495.43984487876,1,0,0
142,0.3179697883707168,1085.4521519216964,1,1,0
906,0.3150875424435207,3092.479655234264,9,0,0
371,0.0028315002628983565,899.4821123474294,3,0,0
156,0.06724505324775115,4942.663282959489,1,1,0
672,0.2294034771345178,1683.4792278734312,4,0,0
860,0.112668455727164,4505.861403451794,6,0,0
472,0.03284041782880864,4373.702504960008,7,1,0
325,0.11846296036572374,1134.0386598200832,1,1,0
576,0.23203514271561831,83.75872776263628,1,1,0
926,0.056526483917255066,393.29077154205333,3,0,0
716,0.1569093901635808,228.86597208603294,5,0,0
190,0.3510412834422483,1475.2859457834873,4,1,0
211,0.2150929333892565,3323.4887077444982,1,1,0
721,0.3179372636655035,4625.815247549091,4,0,0
392,0.38808574602011187,383.1789974507123,2,0,0
517,0.2010655775144382,3742.1789574716017,9,0,0
768,0.052173306662780305,2630.095947703765,7,1,0
975,0.17080113046651707,3971.6646664819955,1,0,0
601,0.22974165052508266,3777.3474033964258,2,0,0
582,0.3115664603763424,230.37545621180075,4,1,0
626,0.36036255601333944,4217.938668601116,3,1,0
847,0.1151975357572822,1391.220971321531,7,1,0
213,0.20330292652304782,2052.356223676141,7,1,0
787,0.2573921174665672,3549.8177457674906,9,0,0
830,0.22000315929967634,2407.15764460495,2,1,0
401,0.000634038457745123,4359.63012622336,5,1,0
900,0.16949698508078664,322.1602843332622,6,0,0
85,0.03083729181047873,4115.49610443026,3,1,0
109,0.30150192021495575,4904.119119475407,2,0,0
680,0.031449128803429593,1805.2041275799952,7,0,0
908,0.34913629676527325,119.7023632491487,2,0,0
116,0.2884416374884729,886.5566648111903,8,1,0
764,0.20969391575984297,3642.55988439205,6,1,0
8,0.24093669197249512,3723.2507456129233,5,0,0
523,0.24142738249147339,4850.5569714229505,3,1,0
853,0.3973402877554036,4956.156730028528,6,0,0
930,0.08709110332646403,2792.310304343701,3,0,0
580,0.1909917348451517,3435.105638793724,6,0,0
558,0.31688382989924796,4104.208503140046,5,0,0
996,0.05911919623607026,2351.06455929139,3,1,0
98,0.050638061915503185,4114.005735273804,6,1,0
401,0.053650605185336264,2008.5738860773065,9,0,0
30,0.21792417975680412,662.4540365263358,5,1,0
715,0.32772672824678206,2761.5522578561563,5,1,0
485,0.15582555030482587,592.5784495934522,3,1,0
201,0.014490295124988117,1956.9910558915135,1,0,0
73,0.22710720988262373,3933.8852546614407,3,1,0
763,0.38212579903469773,4975.491180868193,4,1,0
245,0.11527532453518341,1140.3174582597526,5,1,0
556,0.39410046493335305,159.7204916585282,6,1,0
134,0.12516728186733656,2660.033583221765,7,1,0
354,0.22314333423717564,2745.3445208156086,0,1,0
168,0.05619302466113035,4853.566522964976,0,0,0
935,0.2459339109586034,1152.8938698814115,8,0,0
422,0.1665435656692385,371.9445317859813,8,0,0
257,0.351395510688923,623.2471760621381,8,1,0
22,0.1894248059610945,4857.300256692799,3,1,0
824,0.024903938791710933,3971.5690278591305,1,1,0
811,0.28338228192618786,2928.5375143163947,9,1,0
32,0.2000148179931457,1491.9718590587145,5,0,0
838,0.3305589636727623,301.6188877439103,8,0,0
946,0.13971758515678157,4524.58101337201,0,1,0
727,0.397830115330721,2649.1848350862974,6,1,0
272,0.2765917461288648,3731.3022786411393,9,0,0
936,0.0039033472444451323,2921.319047222727,0,1,0
468,0.2246715262509108,2884.637821857108,7,0,0
205,0.329983138900955,2876.547766976303,2,0,0
234,0.33772780901162525,3809.086662090062,3,0,0
664,0.25232052797403764,2573.8934960727756,1,1,0
133,0.20557446617006936,2751.370070583632,1,0,0
66,0.019562402409859903,1925.109276117441,1,1,0
630,0.20260756164963933,1912.0998629054614,0,1,0
254,0.023098241600814418,1996.7541664643152,4,0,0
982,0.13913383040938482,1858.702966184294,4,1,0
580,0.29251758435933095,800.8300994150512,0,0,0
760,0.2425276654779826,4400.827800895517,6,0,0
588,0.3677317642988416,2788.224695376945,2,1,0
984,0.10608063146551461,1153.188233967581,3,0,0
27,0.3858914695341739,697.4556016347316,4,1,0
303,0.11261995116762313,2989.6873155578446,8,1,0
721,0.34999491727607934,3892.5748870470375,3,0,0
73,0.06806822017525566,4626.2870277469165,0,0,0
421,0.33341814038064654,3816.990235245254,9,0,0
649,0.2064764480501723,2270.8304063147293,8,0,0
659,0.19846593119217432,760.2223852407607,7,0,0
909,0.3289419676682657,672.8033071946473,8,0,0
708,0.22663084169086156,4636.136471018128,0,1,0
450,0.3389343080288727,2583.0462954063423,0,1,0
567,0.1589523368866418,4035.8449880818553,0,1,0
354,0.33641584496021504,2338.0432812436225,5,1,0
417,0.3614717121947235,4488.0653016802125,6,1,0
831,0.2669642202495505,4712.815283587645,5,0,0
314,0.07554552380269292,4364.595744417892,0,0,0
473,0.11835765292243489,3372.371304687949,8,0,0
89,0.27698497493913743,2044.3332746034782,7,1,0
419,0.3475982298516056,863.7765606175393,3,0,0
852,0.3398628980008791,226.33318548278845,2,1,0
771,0.3594962376990305,3976.552760906108,5,1,0
549,0.20437051837906128,2393.810084347799,6,1,0
726,0.20763071878641026,673.960414314414,4,0,0
453,0.21560524243216445,1820.5016019635823,8,1,0
674,0.14406256442734588,4212.126770024725,0,0,0
714,0.31522914862121215,609.7870302075986,8,1,0
37,0.26357419081263234,2547.6611143412833,7,1,0
10,0.3041921084082628,2245.370053811567,4,1,0
602,0.311719066847056,1064.557043443916,7,0,0
296,0.004042338265005441,893.9000762855519,6,1,0
153,0.0714120552434413,884.3703766782979,6,0,0
425,0.31296755710972546,3525.40776994009,7,1,0
401,0.13651167587606106,3782.082983569227,9,0,0
394,0.38897226373516053,312.1312122340564,0,0,0
81,0.0734008158769982,4948.231697744406,0,0,0
828,0.25029044472414935,2668.6556357696445,9,0,0
704,0.013844943379387686,4503.5100848025995,0,1,0
177,0.2940630327339274,1075.5482858774765,9,1,0
509,0.1375870134512916,3444.378852684874,7,0,0
694,0.33343331806027954,4622.865786291382,6,1,0
637,0.23498921732889722,558.4806997499174,6,0,0
527,0.16230439904847233,1997.0846114901299,7,1,0
842,0.31755026874226333,2315.5369158476956,3,0,0
549,0.37955319914954627,3528.678140992128,1,0,0
834,0.028547380254941968,2911.5697919255585,8,1,0
112,0.11840646372688463,748.1282541292505,5,1,0
669,0.06116928798107063,4881.113016601725,3,1,0
128,0.2676904776910306,2884.022874437731,3,1,0
878,0.09267698786092476,1638.8298816388076,6,1,0
983,0.3056785065491912,1461.718954110491,4,0,0
217,0.37931879195685586,559.2896983551015,3,0,0
284,0.1113924821049801,2890.5814228660442,8,0,0
748,0.3869625284027743,112.80190845270036,4,1,0
994,0.30812702028540623,3240.665534610301,5,0,0
853,0.3973402877554036,4956.156730028528,6,0,0
780,0.03765071679923487,813.4025586422175,5,0,0
646,0.339852389288417,204.79331984897365,0,1,0
214,0.3168660025288184,3956.538796152993,0,1,0
871,0.11938294700198665,215.26160402484157,4,0,0
669,0.3647130469913575,4801.679506249257,3,1,0
34,0.04655357825419504,3587.1881824917773,5,1,0
517,0.3775403310608398,1958.1448102496017,2,0,0
754,0.0692213172327702,4961.933153022605,9,0,0
157,0.2190558255166476,2278.5227497698415,7,0,0
260,0.2615650564531122,219.94159756546875,0,1,0
247,0.3931609030680385,1873.5669825940563,7,0,0
65,0.047453954883038996,4900.051576229006,5,0,0
318,0.3736180690197751,2929.654668843559,4,1,0
328,0.16036654617233653,3507.6239178864844,8,0,0
201,0.06073238545356374,421.8857861369015,1,0,0
464,0.3793867811269692,377.98741115151284,8,0,0
754,0.3133852597086109,2339.7867739147637,6,1,0
693,0.012240132906599976,192.4155447412921,4,0,0
986,0.3895337571797348,2082.6661785045635,6,0,0
202,0.2834729287398273,1644.7687514339973,9,1,0
978,0.22921293702245782,853.4833173208095,2,1,0
566,0.1614948415884342,4283.39029855314,5,0,0
441,0.008403639910571248,4413.426100195014,6,1,0
177,0.1264802472288145,2804.4491740494077,2,0,0
28,0.30509800449291724,752.3315385964513,0,0,0
283,0.035973179619720186,2578.2304047753832,6,0,0
553,0.24838505656358179,2218.1751224775016,3,1,0
593,0.10528959525247167,389.60285087281915,1,1,0
769,0.04900270743547086,3588.4441297867106,7,0,0
99,0.18443954582963779,721.3764489291685,1,1,0
439,0.360335161624566,3747.821470257239,2,0,0
357,0.1303167273785007,4327.062967284044,7,0,0
314,0.26712355536019156,1359.355281997195,5,0,0
230,0.3842875862046992,179.47291543544486,7,1,0
241,0.21142803928343074,4133.900045605051,9,1,0
574,0.12961274357257913,54.77656112564171,7,1,0
40,0.13074645186380968,4091.246449441013,9,1,0
874,0.24962145376238737,4776.671041899374,5,0,0
817,0.3273160129585476,4172.945476736718,6,0,0
456,0.08871582612479911,1255.5554023135223,6,0,0
455,0.19956305022248305,1792.7785750550377,3,0,0
58,0.10915155590575615,3021.4376915058924,9,0,0
230,0.3081849655672912,3259.3051562457276,6,0,0
424,0.008575840348307051,3249.789167872017,3,0,0
99,0.2210303551971115,375.84883042297247,1,1,0
127,0.287639797427375,1246.3150877505047,4,1,0
66,0.019562402409859903,1925.109276117441,1,1,0
228,0.3849667179743431,449.25489398070664,9,0,0
44,0.19338511744084103,374.97104874928925,3,1,0
556,0.11519331969294472,4182.585488899911,8,1,0
757,0.03220255800752159,2885.1102768139317,8,0,0
476,0.3520204966553684,4384.820425442379,0,0,0
714,0.04480686199766132,2665.201728713972,1,1,0
628,0.16133406875485962,2619.580559323096,7,0,0
851,0.3155585139461174,3114.8421220803866,6,0,0
49,0.2773495882916579,903.8994875752201,0,1,0
778,0.3069975620174086,133.04968561444764,6,1,0
604,0.18581150517888384,4470.045167221772,4,0,0
578,0.32366023671021615,2258.909830483572,5,1,0
726,0.3375233111449599,768.1237447003429,2,1,0
573,0.39314644629813894,4761.45152094275,7,0,0
763,0.09221675279840152,543.4656810414879,7,1,0
791,0.34751968824870194,2196.912154739762,3,0,0
841,0.060373317948340055,1441.7074198639525,6,0,0
989,0.36711390059304166,721.9337130366008,2,1,0
929,0.19829528719316486,3185.4801835535172,9,0,0
827,0.0660492008643701,987.2178786359397,4,1,0
412,0.34285361464303793,3288.2298852345266,4,0,0
304,0.26573962314091043,4600.422195354525,5,0,0
905,0.3355450872479594,3661.7247594326195,3,1,0
216,0.009723129209773307,272.1976373065862,2,0,0
450,0.07963084717054719,416.53742978887385,9,1,0
891,0.0026570845774310237,4972.99226584849,1,0,0
405,0.28924117986542947,2600.8158626622044,3,1,0
196,0.12838475776895658,2965.73756349582,2,0,0
749,0.2691001957049102,1056.9661356629808,3,0,0
215,0.35310649298253277,4474.600453591572,7,1,0
255,0.1959780700710761,860.394107439342,2,0,0
363,0.27292970050988113,2464.4058750072554,6,0,0
722,0.033776441488767184,3815.767878540119,8,0,0
304,0.1602249651873806,2482.0128028581516,0,1,0
937,0.19747259301073106,3677.0640609621723,9,1,0
737,0.12512316263146844,280.50868699484136,1,1,0
801,0.19169393181599925,4535.232619316275,2,0,0
791,0.34343877982509224,2417.4297158308855,3,0,0
985,0.31471185555855025,3761.8884502599008,6,1,0
885,0.23584938344560474,1636.9071646590828,6,1,0
127,0.2898162291009091,1301.5057537179243,8,1,0
122,0.14518094268334047,2102.5183800862596,4,1,0
493,0.18559611807299697,2453.0756128892854,3,0,0
805,0.058776630812719,3360.647090102821,3,1,0
199,0.011549836712123562,1389.707665429203,9,1,0
273,0.22942066980139159,2440.157179847588,8,0,0
969,0.34449999249428415,735.3465756021765,2,1,0
179,0.3419419867231351,350.1782833857926,7,0,0
512,0.24502010322028095,3857.7883917723416,0,0,0
664,0.39988137139761987,4195.069688912322,5,1,0
543,0.34485082118231164,469.75018041941587,5,1,0
749,0.38866625704109664,2491.796271633406,2,1,0
926,0.08430183069127117,3765.2873380129345,2,1,0
100,0.3394436685943925,1461.5236292713396,4,0,0
508,0.07652129858191065,4794.959524142077,5,1,0
894,0.17479259789219603,4716.098425074339,7,1,0
69,0.2784193473451205,3011.099384179601,8,1,0
217,0.29706819573877563,2832.217295291344,9,1,0
855,0.20769671498439918,633.5197828550034,9,0,0
792,0.1786882017239812,109.64737573643109,2,1,0
156,0.06724505324775115,4942.663282959489,1,1,0
132,0.02014062908313574,2269.0280339132446,9,1,0
493,0.26768543631919717,2482.983511003975,5,1,0
469,0.050228774840484214,286.37210833806284,5,0,0
328,0.11538419499017716,1757.039088071732,6,0,0
210,0.0820153657296947,762.2375530589287,4,1,0
759,0.12607197791947178,4190.160236055779,2,1,0
831,0.03483643221179389,4105.346923374043,8,0,0
314,0.2657429636522524,625.8841050583256,3,1,0
462,0.23951186580458694,959.3614579744897,7,0,0
227,0.034118841551520396,452.90073563907555,9,1,0
540,0.35951666939494376,874.2676171426137,5,0,0
53,0.0694844959433123,1770.443191750619,0,1,0
309,0.10369935891456827,562.1832948985576,8,1,0
679,0.08365068999657505,1953.6897746580798,7,0,0
216,0.2998595055551387,1377.9431525792854,9,0,0
577,0.13151808876946514,2053.7183918866444,7,0,0
946,0.0858504182751545,2884.6991921858685,0,0,0
404,0.007434487172759852,2886.0949448022207,8,1,0
523,0.0854300996932324,1861.901498675173,2,0,0
785,0.09972016850660997,3556.525392141376,4,1,0
148,0.2798978610898821,1649.5489709861408,1,0,0
264,0.36309474193105257,4541.981582850598,2,0,0
400,0.39559133369446725,3343.6877852424273,7,1,0
392,0.31519886563741345,3099.6361896926496,2,1,0
272,0.10563186615438397,3652.7011122281533,3,0,0
128,0.2656005234097981,3840.8364574640955,2,1,0
573,0.2586433838839633,2741.6973477502816,7,1,0
252,0.038741486896192945,2789.55191814111,5,1,0
360,0.1961995511205572,4518.330240716174,8,1,0
623,0.13957206661115223,3417.053876873469,6,1,0
767,0.14441970723875674,1584.016025319479,9,0,0
976,0.25895358032014304,1171.3167938736467,9,1,0
117,0.272491139050009,2894.106173117235,3,1,0
699,0.23335766120195106,1481.5443930804738,8,0,0
684,0.3528076523921465,2038.4621903960333,8,1,0
232,0.18395146264313783,3141.481896832067,1,0,0
114,0.014550725661488295,3669.4676336002003,8,0,0
885,0.028001154469500078,1309.8572518555263,5,1,0
97,0.34968547840548847,3328.354875616563,7,1,0
105,0.23117780046733122,196.28631516101186,7,0,0
69,0.09477775426847024,919.4369710673886,8,1,0
438,0.12689882127799607,2540.0683760045863,0,1,0
364,0.3149602520306298,462.1908624749664,7,1,0
746,0.12318566657381363,2543.520203573415,7,1,0
107,0.05332753481484531,2007.19276529378,9,1,0
442,0.03088119314509985,1261.5577962626458,3,1,0
806,0.2828710130354507,2549.2095306808574,7,0,0
122,0.11015954931098376,3573.3646574973295,1,1,0
39,0.3643553425448893,3423.572169066547,3,0,0
714,0.025298426838290866,1222.1687617992309,8,1,0
818,0.1420176453253888,2856.2936571048444,3,1,0
666,0.28466731595361255,1012.9233757552634,4,1,0
72,0.2015177444673426,3140.1030151117175,1,0,0
956,0.29336576369487594,2608.0060903630806,9,0,0
560,0.32079866467243245,1417.1221351315166,8,1,0
676,0.1973300439749729,4836.5937256078205,4,0,0
375,0.07937895755604168,4863.020386940992,4,1,0
473,0.12850282173713862,2094.4842025760645,0,1,0
731,0.26074431085294475,1647.1787141618358,0,0,0
564,0.12849586765547377,1259.363665244978,8,0,0
704,0.09755441001210502,409.3187336871373,1,0,0
349,0.13265655349792072,1390.6538659478779,9,0,0
871,0.28421597716525165,4389.91182250157,3,1,0
628,0.16133406875485962,2619.580559323096,7,0,0
974,0.24435308419580098,4805.743610707779,3,0,0
48,0.046211458452535104,113.87577513770307,9,1,0
723,0.13973472061482428,4199.050572178741,7,0,0
327,0.18114771629478416,2114.1592595179536,0,1,0
171,0.35824493166628774,2727.61132437906,1,0,0
276,0.35521235819339,2825.391155352848,1,1,0
794,0.36145752646146767,3691.7983931694416,8,0,0
249,0.04828829035283205,329.91220986727427,5,1,0
807,0.15915760006738827,3490.486984711387,3,1,0
87,0.2847606393410163,659.9440097487994,7,1,0
143,0.3301941261979127,764.0536819351634,0,1,0
874,0.24962145376238737,4776.671041899374,5,0,0
537,0.39329173541575324,4024.9459423818644,6,0,0
283,0.23047775705659135,3681.620163114671,1,0,0
986,0.10678365016809616,4661.820928323781,9,1,0
695,0.15789782225412557,2257.1453793386854,2,1,0
919,0.1090383910305765,3591.52832004,8,1,0
237,0.10694786818739588,2860.2772609060453,2,1,0
602,0.008644022381681604,2409.2055483630465,5,0,0
689,0.06431203021959603,2735.086458965073,6,1,0
179,0.3419419867231351,350.1782833857926,7,0,0
895,0.017358076091947283,389.10868767547953,3,0,0
560,0.06364626654753919,4769.261059028454,5,0,0
853,0.3554471652302708,3023.3557186282655,5,1,0
201,0.004709927986222662,2754.52403057938,9,1,0
81,0.0734008158769982,4948.231697744406,0,0,0
743,0.27365237205734216,3706.8027437263327,4,1,0
613,0.26093755518678846,328.1649368296218,7,1,0
649,0.22398759606926333,3327.511031144675,3,0,0
448,0.035590118159043116,2080.3133594569263,3,1,0
216,0.009723129209773307,272.1976373065862,2,0,0
533,0.13948309721009694,1595.748479671592,2,0,0
58,0.19678891007287896,389.537777519084,3,1,0
499,0.09763666662358039,1738.8504614714125,6,1,0
876,0.39650407956126915,3507.4800081545345,9,1,0
20,0.253185710378131,3039.8521198167437,4,0,0
72,0.24955432905380326,223.60283341873588,7,1,0
175,0.06530538001806624,4343.376008259919,2,1,0
3,0.3570355880711675,2683.4882046041,4,0,0
397,0.19514777360638524,4464.7820763243935,0,0,0
776,0.30144644130271764,4647.729778831273,8,1,0
160,0.10211931028493221,4150.001073582825,6,0,0
528,0.2885209309950125,1866.0149470878227,8,0,0
612,0.1513552845621356,1126.3577614498306,3,1,0
95,0.28783069813585616,354.3837724544023,8,0,0
974,0.24435308419580098,4805.743610707779,3,0,0
291,0.13831113854685056,3427.1158736946204,3,0,0
154,0.010823951293623957,2673.960664200094,2,0,0
378,0.18547732320451027,3958.485043791603,8,0,0
666,0.28466731595361255,1012.9233757552634,4,1,0
288,0.39163884064118476,2650.096258501605,3,0,0
438,0.12689882127799607,2540.0683760045863,0,1,0
457,0.10235972697499945,1185.1401443740574,5,0,0
109,0.2536364222116202,1411.4493083469588,6,0,0
646,0.18907066867188993,851.282802979924,6,1,0
942,0.2634815329127458,2107.3548307610863,3,1,0
848,0.13201354784845698,3848.076568427816,4,0,0
638,0.30434211030175046,1094.9077347276252,7,1,0
386,0.2507820766603171,2013.2211931742318,3,1,0
113,5.9322455425003806e-05,2068.8045680417945,8,0,0
917,0.3750306620721736,2676.4951065621053,8,0,0
962,0.05920079207075141,2077.3053749084747,8,1,0
473,0.11835765292243489,3372.371304687949,8,0,0
849,0.2952018628269531,4980.433254526005,6,0,0
313,0.11423578795851186,300.25076221007924,9,0,0
669,0.04752012032580971,2472.5378470554483,0,1,0
118,0.34739449929939237,1102.8257008121425,6,1,0
722,0.06294898827086254,288.4392385253338,6,0,0
588,0.19092239946170786,1007.451329661328,7,1,0
804,0.14124936331048227,687.3696411960692,6,1,0
573,0.39314644629813894,4761.45152094275,7,0,0
758,0.1612891972516678,3593.097890747109,9,1,0
532,0.22237794910100628,4730.998018641317,7,0,0
78,0.30122055493072136,4167.970897226255,3,0,0
360,0.1961995511205572,4518.330240716174,8,1,0
223,0.35050563354752035,58.727750661932234,9,1,0
404,0.007434487172759852,2886.0949448022207,8,1,0
659,0.08707834619769816,3123.6831325099874,9,0,0
202,0.2063349720017706,1757.4279329219066,9,0,0
529,0.07242641363412206,2314.858784090786,7,0,0
168,0.09139426668244982,385.1344543817189,6,0,0
957,0.21600527946518133,3954.432470058378,5,1,0
289,0.3909662898941044,2382.623114361831,3,1,0
345,0.3658397993937409,422.2835122423594,3,1,0
156,0.05919842071382703,881.413862159592,1,0,0
161,0.05160832443949981,1079.9967767031824,8,1,0
701,0.3517540720441704,3324.5204449643975,5,1,0
929,0.12804421311921188,3010.6834987509014,2,0,0
41,0.08258649975922389,2124.3225004159917,8,1,0
493,0.15119180305621344,934.1759647965296,7,1,0
653,0.09591805730050529,1848.4974870796593,3,1,0
722,0.21164424420991818,4612.62661424009,0,1,0
690,0.3299349334145195,1840.24126755367,5,1,0
556,0.39410046493335305,159.7204916585282,6,1,0
881,0.0660334053845204,4751.310983828631,3,1,0
134,0.29278064674872345,3100.7228667411355,4,0,0
981,0.3083620563500368,3205.270958057584,4,1,0
113,0.27353149545922106,885.0700932542065,1,1,0
397,0.19514777360638524,4464.7820763243935,0,0,0
899,0.1266264084828581,378.7227871530076,7,1,0
555,0.2507893249532281,4676.116286216754,0,1,0
99,0.1715258662598253,606.5800379297791,9,1,0
734,0.14077296696313168,784.4725414473075,2,0,0
617,0.2938423751975054,2813.0515647338007,9,1,0
822,0.1139215940382503,3334.3182203658866,9,0,0
230,0.16914279610495453,1700.4274928009709,3,0,0
763,0.2511374322976937,2890.735043510667,1,1,0
340,0.09012301865557154,2206.5060971622,2,0,0
129,0.35848763677677414,756.2698683318785,6,1,0
695,0.15789782225412557,2257.1453793386854,2,1,0
989,0.1466330428714151,1230.1406463848461,4,1,0
616,0.3733632186005158,3185.967150017559,7,0,0
47,0.3003336338528028,4340.197324437892,3,0,0
364,0.0798214339075915,4998.883664147367,1,0,0
330,0.3036660454603145,2933.153895822502,0,1,0
613,0.11176391115075568,4749.172503800024,7,1,0
726,0.04287552545555218,1164.7228147149717,1,0,0
132,0.14730166647022802,3485.832284541811,0,0,0
162,0.21441950764869533,548.1897518442142,9,0,0
817,0.07628711215118938,852.6023005049822,8,0,0
420,0.3841033839037454,857.5437105970498,8,0,0
776,0.23137997044698655,2693.0842224737844,9,1,0
378,0.04905943695025622,622.5304698600609,9,1,0
341,0.31569484080723925,1858.1010630747703,9,0,0
972,0.20786712416169367,941.9572651543778,3,0,0
164,0.16048634638775033,176.2464638509269,4,1,0
121,0.16628147620350908,3423.8374345322204,8,0,0
675,0.13732409643424415,3719.437119969298,5,0,0
192,0.1530292264625724,1301.8365537773382,7,1,0
307,0.036211156430342395,3619.9735636386813,6,1,0
79,0.1557212621661495,4885.241225463573,3,0,0
440,0.21459529098001723,2803.3767422164374,6,0,0
223,0.18305655896437562,603.0527454125091,3,1,0
71,0.28642937580926975,2855.4269298083723,2,0,0
776,0.23137997044698655,2693.0842224737844,9,1,0
226,0.22187968889016774,2121.473910393789,6,1,0
532,0.09209826483161809,2393.0340993713653,2,0,0
937,0.18907580664623053,590.1075887186088,2,1,0
921,0.22878442383698583,3997.1731939740794,0,1,0
493,0.15119180305621344,934.1759647965296,7,1,0
944,0.1876886769496599,2776.8192652940916,0,0,0
99,0.2210303551971115,375.84883042297247,1,1,0
311,0.2624083751823706,2234.9517793885498,3,0,0
147,0.22313112590494932,406.9565319029418,6,1,0
956,0.01518978997723125,1717.796929603042,5,1,0
985,0.2660663697911762,4329.479201842819,6,1,0
262,0.32287964613065295,945.8489091496759,4,0,0
160,0.052281432377170756,594.3258992519455,4,0,0
797,0.13577238433421956,3436.613715936014,2,0,0
694,0.19078795952609084,4913.603699658053,9,1,0
556,0.14494033976692983,3208.3794684989466,5,0,0
350,0.28097405499661965,253.4416109974398,8,0,0
272,0.11313866707190351,1146.2694860077565,2,0,0
687,0.1261670022066138,2282.7173284944647,6,1,0
830,0.06657656447814997,565.1923908300531,2,0,0
232,0.18395146264313783,3141.481896832067,1,0,0
19,0.04782429977800334,3996.778974407732,0,0,0
208,0.15545601443108914,1905.8036981445396,1,1,0
530,0.13916353524931946,1156.541590236248,1,1,0
208,0.15545601443108914,1905.8036981445396,1,1,0
681,0.1348171996096021,3732.75901092936,2,0,0
388,0.27582762439522823,721.3237495477489,7,0,0
589,0.03263499622516375,2194.2291794230296,0,1,0
892,0.16911548365864243,67.8518587269844,6,1,0
919,0.12126973663289992,4583.536929735794,1,0,0
904,0.14377672821046245,2372.1732440728715,6,0,0
144,0.20461274009589797,2454.5175467182926,6,1,0
223,0.3850106142279143,1142.4669782950577,6,0,0
130,0.2983289459985451,2828.20641293278,8,1,0
905,0.29208086563802454,1883.2219628628407,9,1,0
580,0.34508553530216607,2311.3353800488094,2,1,0
610,0.15598920082394924,3684.0293313193356,4,1,0
477,0.32275574273934965,4014.887673062739,9,0,0
856,0.10838193400520002,2806.14860367642,1,1,0
859,0.2556490121852443,2184.3628156012965,6,0,0
566,0.23874402523121385,1964.5723738137356,9,0,0
477,0.115758534123028,2717.8050286645284,0,1,0
742,0.30397885134180463,1297.880472314179,4,1,0
276,0.03760101438140123,2679.205201544338,9,1,0
718,0.23307057397890707,2759.9027358328976,5,0,0
386,0.09597771949786288,224.1674465710124,2,1,0
358,0.13797207370632314,4349.981899326304,8,0,0
124,0.1221150585047921,4360.966739587926,3,0,0
621,0.10071145441140128,4304.74967448218,5,1,0
113,0.19599902194457425,2975.5687415668426,5,0,0
985,0.17033818448508042,2583.103697479445,1,1,0
741,0.2344714217204079,4946.9585586809035,1,0,0
183,0.23583159139258014,605.7840489034181,6,0,0
974,0.27106875465308333,2938.8238285466223,7,1,0
310,0.3519263425664229,1537.2314107509396,2,1,0
513,0.36693504360642076,188.28223206404792,4,0,0
69,0.2931103557636226,1816.6556636945413,0,0,0
204,0.15240657232256621,1803.4889832372482,3,1,0
722,0.033776441488767184,3815.767878540119,8,0,0
472,0.03284041782880864,4373.702504960008,7,1,0
419,0.039409038621392,3887.899471616602,9,1,0
783,0.10700002471805742,3437.4892509823267,6,0,0
575,0.08242837047327506,353.148427429893,5,0,0
920,0.3591364160809136,3762.006300177901,5,1,0
615,0.30836904028745143,3617.5414857031415,3,1,0
945,0.32073042616610986,3192.046751821107,4,1,0
442,0.03088119314509985,1261.5577962626458,3,1,0
879,0.08564527733383659,3188.6779553751808,5,0,0
840,0.3713303593282107,3737.3107113937613,0,1,0
815,0.35464856845883264,4390.613805190815,7,0,0
225,0.01619456888799753,4193.7396694017325,3,0,0
587,0.06516418229484616,280.5188758190644,9,1,0
937,0.2297997748191118,4632.034702788413,6,1,0
887,0.11479365444625816,3315.3667113629126,4,0,0
813,0.2377318030845602,1666.194005379251,8,1,0
464,0.3924995872117918,3632.2971674698792,9,1,0
68,0.3577284776799083,78.74099150075104,3,1,0
422,0.1665435656692385,371.9445317859813,8,0,0
4,0.024674781848710636,1875.1838261151756,5,0,0
874,0.3304475269694639,2180.2300147556157,1,1,0
278,0.14486880026444465,4328.439909092736,3,1,0
970,0.32967515154962507,2860.417555373748,8,1,0
348,0.156117260208252,2375.869981999887,4,1,0
267,0.3213882750299325,1040.2437040745558,8,0,0
601,0.23732286163794425,2481.9228718550435,1,1,0
330,0.2075778380286552,4910.5471855333735,8,1,0
274,0.3257445767648065,4877.29674172205,5,1,0
79,0.37640449725550496,2941.0126135270666,9,1,0
59,0.17501945069297647,217.13960724130297,9,1,0
589,0.03263499622516375,2194.2291794230296,0,1,0
28,0.1930662249135806,4657.244536212651,3,0,0
303,0.06812600702819094,2731.7516167146273,4,0,0
699,0.01831581992480963,2158.9183121480964,9,1,0
271,0.31124276935311485,991.8617065567627,6,0,0
872,0.20437188140426393,2531.791076124073,2,0,0
915,0.19449155080021957,664.2087987974548,4,1,0
962,0.1911186600072457,4896.195329154439,3,1,0
619,0.01838889636654495,4711.58592291701,4,1,0
118,0.13069865828019744,2646.49312504193,8,0,0
318,0.13720586050018757,1848.4512436900695,1,0,0
526,0.06285295325605783,1545.774820492655,4,1,0
930,0.3648852557868406,2635.035009113126,1,1,0
636,0.09511396541006878,2999.624006461599,4,1,0
396,0.2417011182615021,3114.4883981053154,3,1,0
392,0.26845063526021096,213.02972425773632,4,0,0
124,0.1437750197127216,2653.4876413768015,5,1,0
217,0.37931879195685586,559.2896983551015,3,0,0
892,0.03158026408206965,59.95575850990696,6,0,0
73,0.29655638916236365,4663.489849057404,2,1,0
897,0.34282587463259967,2156.826733973136,6,1,0
821,0.03627350649332595,3426.7562422684073,3,1,0
770,0.3999740741461912,2185.273082053125,2,0,0
559,0.36317850885704134,1754.353204325133,1,0,0
132,0.02014062908313574,2269.0280339132446,9,1,0
929,0.13353597067454387,327.9447474213636,0,1,0
483,0.37083040473815904,2919.660466258876,4,1,0
901,0.3388802471813356,4871.913237413225,8,1,0
304,0.26573962314091043,4600.422195354525,5,0,0
399,0.13924122802139455,2518.649824229625,5,1,0
591,0.33068019683065286,2992.660363239276,3,1,0
797,0.33291541382593126,4811.527551189451,1,1,0
929,0.1735235129768885,4398.634260465693,1,1,0
47,0.1633865490775226,3301.0364562168625,6,1,0
954,0.31632968796476985,4211.361600215176,9,0,0
377,0.23364367909106004,1847.7236790396746,5,0,0
488,0.22044054880929004,3514.4435138298604,4,0,0
535,0.09351729284632854,3771.3280994664706,2,1,0
917,0.09161535937107779,704.9692284926476,5,1,0
893,0.12453841608579591,4330.135203994532,3,0,0
511,0.05619296614576291,1929.7354460173358,5,1,0
553,0.24838505656358179,2218.1751224775016,3,1,0
72,0.2015177444673426,3140.1030151117175,1,0,0
56,0.21075559125514526,555.0479784753774,5,0,0
438,0.12689882127799607,2540.0683760045863,0,1,0
990,0.11227973463444818,1455.9419076037723,8,0,0
248,0.08734967571044921,4433.837441509078,3,0,0
533,0.3787010991655137,4451.5474173814555,5,0,0
225,0.01619456888799753,4193.7396694017325,3,0,0
233,0.19477656781304764,2143.9339145721246,6,0,0
620,0.39714035868133724,4604.889427081234,9,0,0
50,0.2637600876471045,1513.7683126080524,0,0,0
296,0.004042338265005441,893.9000762855519,6,1,0
134,0.12516728186733656,2660.033583221765,7,1,0
518,0.07208163008716412,4094.6644224032584,0,0,0
236,0.07683807425078093,1023.597693124679,3,1,0
450,0.27079773139917146,3848.4204221615896,5,1,0
205,0.07551749624846305,3700.1852545707557,3,1,0
439,0.37168958248780787,886.8139843286332,6,1,0
794,0.36145752646146767,3691.7983931694416,8,0,0
928,0.3538513147748419,1417.2376816927847,8,1,0
893,0.12453841608579591,4330.135203994532,3,0,0
769,0.04900270743547086,3588.4441297867106,7,0,0
800,0.25879973252690386,652.0139824980528,0,1,0
686,0.030042578611365722,2167.798311342226,2,0,0
516,0.2093772489601073,1900.0597366448576,3,0,0
189,0.3808381427231243,178.06692416852346,0,0,0
683,0.2170326305988145,3050.9329796303737,7,1,0
503,0.25590319871931205,637.898694056069,2,1,0
919,0.1402302434259226,2475.0847524422484,9,0,0
890,0.36707502822817734,2607.7578320277253,1,0,0
283,0.25774873798849524,4239.398141432233,5,1,0
349,0.1530979602410406,4766.324494060419,8,0,0
134,0.029855452438195318,3707.8869756867775,4,1,0
391,0.31646694023552235,4909.244967153033,4,0,0
943,0.12493810508273884,4259.2762944036085,8,1,0
55,0.33326291589269186,3797.3086695821135,1,1,0
185,0.1546242588125707,151.87707010375755,6,1,0
848,0.2818891504920633,3061.5185101596635,3,0,0
467,0.05301359497768943,3007.1403729196395,6,1,0
999,0.026453716635332192,3161.9161371565506,1,1,0
339,0.0014813602801984072,4800.288268818822,9,0,0
187,0.09696261215988694,4760.135053756225,0,1,0
115,0.30732055952725096,3758.4831692256403,3,0,0
350,0.19362302410173748,366.59158925474077,4,1,0
375,0.3212899579022704,2900.1160233857318,0,0,0
146,0.05524181398403244,1573.9232906158775,4,1,0
643,0.14927396299108198,3093.840349959494,2,1,0
897,0.2844915971520614,2714.1812469748584,5,1,0
881,0.09263401107629377,1650.094806202926,1,1,0
600,0.051809393832483286,2353.2245222520905,7,0,0
283,0.2656340024804179,1837.3284301917417,6,1,0
258,0.21087749014209806,2314.4173060860535,3,1,0
950,0.021239383315900473,3750.208638900157,2,1,0
41,0.19129441183546003,1309.4027859463934,2,1,0
744,0.3280555752390836,961.9341948463206,3,0,0
693,0.1459649855365367,3588.3136248662577,8,0,0
225,0.01619456888799753,4193.7396694017325,3,0,0
439,0.1804847068242701,2216.7335959974216,5,1,0
109,0.15282424841809172,738.8164308652075,3,1,0
320,0.36378151771610034,4636.081448521445,2,0,0
692,0.2915338422110718,1723.543132070433,7,0,0
652,0.1732705348817622,1946.592514905775,2,0,0
825,0.20320314340049772,1080.992725194146,2,0,0
375,0.22696306821089796,3882.0761228609713,4,1,0
395,0.28682660149437855,886.8819527648344,7,1,0
997,0.23333044086008675,2007.9168013018004,3,1,0
559,0.1214842292272853,3172.6717679500307,7,1,0
229,0.29332316388746255,189.51105910832862,3,0,0
82,0.2897470913951306,2692.367985578807,7,1,0
384,0.22323895384154063,4094.6915062009643,8,0,0
204,0.15240657232256621,1803.4889832372482,3,1,0
388,0.12826021366290397,443.0446277582639,0,1,0
41,0.12147268084352197,3933.7904204551173,9,0,0
205,0.07551749624846305,3700.1852545707557,3,1,0
113,5.9322455425003806e-05,2068.8045680417945,8,0,0
518,0.2451790175825937,4298.012830903528,5,1,0
504,0.19508535763586154,2083.0816713140193,8,0,0
602,0.1927105498649393,1884.7821861704451,9,1,0
776,0.3649966123224818,2886.3167273534505,5,0,0
439,0.006204857530079766,1525.4914151278147,4,1,0
160,0.03716730444303573,3212.444894309693,4,1,0
769,0.04900270743547086,3588.4441297867106,7,0,0
111,0.13305397808464958,1801.2901280710803,1,0,0
872,0.3199781925572852,1656.7858570573605,6,1,0
491,0.07767165125500847,1105.4407278965043,0,0,0
273,0.14356591859357165,2325.9230871203713,4,1,0
523,0.3317784597792805,4228.493010222739,4,1,0
457,0.09605381959971121,2695.062956856279,8,0,0
110,0.024101121022918393,4977.462638095174,3,1,0
752,0.035700600543453476,3797.809299005942,2,0,0
129,0.35848763677677414,756.2698683318785,6,1,0
422,0.3596057238168943,1961.6693135056362,8,1,0
395,0.08426029607187968,1066.7613364690533,5,0,0
866,0.2609674820322885,1883.2926700104128,2,1,0
532,0.25408189522908736,4695.551033737316,3,0,0
808,0.06400803260171817,4685.0712428477245,3,1,0
37,0.3714156382328451,4726.447111905435,6,0,0
929,0.26642356614162993,4822.9002765320265,3,0,0
644,0.10526957341892146,805.5471670876797,2,0,0
665,0.38306087567256514,213.12316681745781,0,0,0
458,0.23816305695943168,2671.182825523817,1,0,0
610,0.15598920082394924,3684.0293313193356,4,1,0
200,0.3795140240256014,514.4451675510237,7,1,0
397,0.22399772733443407,389.67043028968396,9,0,0
147,0.06965974118902318,988.7557685967059,9,0,0
485,0.28209739589937266,639.4014536358698,3,1,0
675,0.17789656391049652,1925.4677787786125,0,1,0
676,0.2263840647557004,4752.215904093323,8,1,0
311,0.2624083751823706,2234.9517793885498,3,0,0
599,0.330059451498087,4550.840506139409,8,0,0
366,0.20224013375009425,2685.3572062465255,6,0,0
349,0.15218389171477548,2541.3388391785606,0,0,0
899,0.38063772817520625,2248.371079109024,0,1,0
709,0.1389097473526903,4159.966740782776,6,1,0
184,0.36460547425042655,3339.3414932622272,5,0,0
637,0.28663834437660174,666.2658718356822,0,0,0
611,0.36531846063143875,3778.2086851606437,3,1,0
626,0.36036255601333944,4217.938668601116,3,1,0
619,0.3404642683217514,1582.0693458730466,9,0,0
431,0.1732256536715302,4041.716898746602,5,0,0
956,0.19537649228350207,1046.4317753724445,0,0,0
288,0.3807294167180793,777.7985456149731,7,1,0
468,0.3284076155442245,4375.922212960259,9,0,0
682,0.2589206943034329,386.02932373520895,1,0,0
525,0.026848539299653418,1227.2122040186348,6,0,0
401,0.03501731181589063,3805.5033955089566,6,0,0
729,0.3792123628537709,3554.809568177333,4,0,0
599,0.2155306221453947,1742.3560794570863,8,0,0
12,0.23580428537054615,4728.4312937574605,4,0,0
307,0.2397596185556769,3031.702661930987,8,1,0
327,0.30070536100180567,1041.8171189785862,7,0,0
624,0.33207638252724103,4530.243125274832,0,1,0
93,0.0030416554574796417,177.23905754282194,5,1,0
529,0.05758195595226279,947.1616191647697,9,1,0
500,0.16798515369025574,3031.6945878865617,5,1,0
87,0.32201321855597204,2738.6079623468368,1,0,0
82,0.13311674725890071,3527.3461051793233,4,0,0
390,0.10589964429077386,2674.244085425171,9,1,0
957,0.14887707683612217,2067.97189310983,0,1,0
635,0.38053019198373805,4857.4378611846405,4,1,0
937,0.18907580664623053,590.1075887186088,2,1,0
100,0.21680301670476754,2316.4765582535388,7,1,0
90,0.3361809289660972,668.8035594447261,4,0,0
42,0.22441584659032426,809.8101590372404,9,0,0
341,0.31569484080723925,1858.1010630747703,9,0,0
469,0.0013506084170817334,2965.847565121521,5,0,0
635,0.1745262122307757,4085.591902790459,9,0,0
806,0.2828710130354507,2549.2095306808574,7,0,0
845,0.3614653361193018,331.3676558738339,6,0,0
787,0.06958000545398091,4248.734206136602,6,1,0
701,0.007101078085382351,1232.3175750725893,7,1,0
783,0.17492511804542743,2259.430838693999,1,1,0
238,0.17203774668517785,2982.5752778907276,8,1,0
525,0.02666503410337312,1978.2601937997433,9,1,0
439,0.006204857530079766,1525.4914151278147,4,1,0
225,0.07863676703819661,2346.4656461846866,6,1,0
560,0.32079866467243245,1417.1221351315166,8,1,0
897,0.2844915971520614,2714.1812469748584,5,1,0
764,0.054891476835202235,1415.0553687620536,4,0,0
754,0.0692213172327702,4961.933153022605,9,0,0
976,0.340730057712636,2931.7078206869323,2,1,0
392,0.38808574602011187,383.1789974507123,2,0,0
918,0.017587315765798306,4788.316276845935,4,1,0
351,0.06272089222526,4268.907405226005,8,1,0
58,0.13238358687237717,1549.3651237848117,9,1,0
390,0.2712866634829778,4674.470383307088,9,1,0
184,0.2633727479024699,2333.9578875006578,5,1,0
148,0.3847183308005481,160.29801895179955,5,0,0
192,0.27079846139924346,1825.2957120875476,5,1,0
879,0.08564527733383659,3188.6779553751808,5,0,0
369,0.28071918896656217,4829.481284493395,0,0,0
472,0.3634384530698858,2849.8945800706624,3,0,0
728,0.3348935015887094,1747.1770868320189,0,1,0
102,0.1897226934404757,3508.0275220032904,4,0,0
260,0.23708008725906266,3803.006395837326,6,1,0
938,0.1792538155976669,2025.7395777099375,0,0,0
427,0.04378778670808736,645.8833000923676,4,0,0
556,0.01606543305796554,734.4017710761383,8,0,0
182,0.395386531866017,4024.0996937001564,1,0,0
586,0.10301186179104216,2841.340742989706,9,1,0
318,0.09752736111818167,1267.1435530432198,5,0,0
131,0.09872440854556586,301.6216878560758,1,0,0
258,0.21087749014209806,2314.4173060860535,3,1,0
27,0.3858914695341739,697.4556016347316,4,1,0
461,0.34166318131386497,2662.977329053334,2,1,0
283,0.3504848272890602,1111.8733704180565,5,1,0
749,0.37231572192702417,4160.887509176662,4,0,0
738,0.17857879478811411,3645.308740763144,2,1,0
427,0.3814994488559711,879.2759171061688,8,0,0
814,0.2671927821176316,1665.488376711854,4,1,0
651,0.277852430195973,3749.146156055516,7,1,0
962,0.05920079207075141,2077.3053749084747,8,1,0
32,0.3862673980633157,1290.6735349666621,7,1,0
463,0.0065382670873074256,1673.5087147017819,6,0,0
83,0.3455368033022848,3731.0064445206117,7,1,0
269,0.2728343324843174,222.18565525073353,6,0,0
638,0.30434211030175046,1094.9077347276252,7,1,0
925,0.12755769666900035,4198.245591183612,9,0,0
783,0.17918126782891425,341.4391849262904,2,1,0
341,0.31569484080723925,1858.1010630747703,9,0,0
772,0.1846955822275569,1127.1894210216867,7,0,0
218,0.17263724720928586,4395.72188055497,7,1,0
648,0.16438006377722497,762.9007723559127,6,0,0
37,0.3714156382328451,4726.447111905435,6,0,0
947,0.2194543701031194,1512.9388952220397,2,1,0
144,0.20736631818507,2808.7955025162187,9,1,0
683,0.06587189981598207,4984.28591221564,6,1,0
115,0.30732055952725096,3758.4831692256403,3,0,0
921,0.2733397499443935,2929.7865458999545,0,0,0
613,0.1693216357239316,4193.492750657499,8,1,0
420,0.01242975795789708,1070.8292802792694,6,0,0
441,0.37780566591208603,4300.598775162505,3,0,0
40,0.21241426658845025,3452.5131341029632,3,0,0
296,0.051200174898000606,4726.8445041725345,5,1,0
720,0.2649431569900944,1666.6842572967864,6,1,0
936,0.3922040583091019,4268.928707947037,6,1,0
27,0.3827950318955301,2679.5517902155366,1,1,0
894,0.2029060461001358,1539.8832208458284,7,0,0
26,0.2601063443784146,4522.104408587196,3,0,0
226,0.33517681983089953,1699.2413035382729,5,0,0
68,0.2308851831981395,3344.287284410363,1,0,0
544,0.3783695391178136,1767.876854777029,5,1,0
129,0.35848763677677414,756.2698683318785,6,1,0
176,0.10459306504042126,606.7088580087544,7,1,0
851,0.04074498865463827,2214.281726722693,7,0,0
954,0.31632968796476985,4211.361600215176,9,0,0
540,0.1379744140785938,760.8334919908216,3,0,0
396,0.23981254837222904,1474.3452371294209,4,1,0
111,0.31127940166082213,3045.8255559437557,5,0,0
954,0.31632968796476985,4211.361600215176,9,0,0
374,0.303101126805166,3719.2580697466424,4,1,0
231,0.29381349330755435,4430.1205607042275,5,1,0
421,0.17946738012652413,1323.4606912991808,0,0,0
538,0.17727210313216407,2311.740884142103,0,0,0
3,0.3570355880711675,2683.4882046041,4,0,0
764,0.20969391575984297,3642.55988439205,6,1,0
975,0.3373404207892597,3733.0112749100053,5,1,0
886,0.20399574173479346,620.0538868741268,9,0,0
96,0.21549186442410156,1775.972380475585,3,0,0
893,0.34763706647220843,2187.758428581723,7,0,0
234,0.33772780901162525,3809.086662090062,3,0,0
345,0.2139573450938927,2553.7328839374536,5,1,0
727,0.15266294951663317,779.979494188729,3,0,0
344,0.3898557625901925,3412.977127202181,7,1,0
550,0.21357884035052188,2293.182056891929,8,1,0
276,0.37723573750111855,1787.8207830247547,4,0,0
35,0.023496250501558735,2067.33754277437,6,1,0
68,0.22411400726304448,3426.3093802754347,3,0,0
945,0.32073042616610986,3192.046751821107,4,1,0
73,0.19915518393178566,2318.4879945645253,7,1,0
919,0.1090383910305765,3591.52832004,8,1,0
7,0.39305032330383555,4479.79066317646,5,0,0
607,0.03505902287349483,967.4259159576635,2,1,0
435,0.06914158670237386,2031.538951194009,1,1,0
382,0.371449407049216,3484.998683514946,6,0,0
632,0.18979967822416616,292.70466951012156,4,0,0
342,0.33583302860473524,916.4041717992432,9,1,0
403,0.384475233579698,2898.1753423703,7,0,0
707,0.19153140606723368,817.4200889191184,5,1,0
575,0.27677939691863024,1754.859498265602,8,1,0
428,0.19739375458535696,487.0780210329728,0,0,0
942,0.35706599680107637,1273.8928949247186,5,0,0
457,0.19742848276410546,1384.0481352594772,1,0,0
193,0.17568948337905432,3845.5141984495936,8,0,0
814,0.09669132974941247,1479.6362611744457,4,0,0
497,0.23280934741898107,118.38660853621474,6,0,0
925,0.014162178773513834,2138.9237889505107,6,1,0
344,0.3898557625901925,3412.977127202181,7,1,0
564,0.24729888533473243,4867.718899499289,0,0,0
737,0.12512316263146844,280.50868699484136,1,1,0
567,0.14912857818824232,965.3791297103861,8,0,0
747,0.18964939633609373,4606.889409490978,5,0,0
325,0.10660196569456754,4113.176134714509,9,1,0
145,0.1062073662616076,2352.289333367858,0,1,0
190,0.04848938125804769,2683.2646601539163,9,1,0
229,0.1896059531178172,4099.235250101252,3,0,0
553,0.24838505656358179,2218.1751224775016,3,1,0
970,0.0708012878064942,4018.102058887154,5,0,0
20,0.309873927245783,4045.573512180284,2,1,0
832,0.1910664544129939,4635.528218640938,6,0,0
383,0.18497206602723398,4136.6219994665735,5,0,0
798,0.22678640480758738,4648.901028466467,6,0,0
386,0.19063285954452364,2406.6523799274623,5,1,0
333,0.06088318879978272,2562.4745737156773,4,1,0
571,0.3979565712100782,2636.452352739453,8,0,0
224,0.36376821361507133,2707.218823833781,4,0,0
853,0.3554471652302708,3023.3557186282655,5,1,0
787,0.35271634784870143,4963.870753338036,6,1,0
100,0.3394436685943925,1461.5236292713396,4,0,0
173,0.16002836344264548,4121.088517012187,4,0,0
104,0.07345445451146349,450.00484653155246,7,1,0
512,0.24502010322028095,3857.7883917723416,0,0,0
982,0.12932493107965026,2099.968958540929,6,1,0
197,0.20892103083985714,290.57663693275117,0,1,0
955,0.3576820576144448,4969.161709604596,9,1,0
348,0.1303375788702968,4108.589245924508,2,0,0
857,0.3729321191826665,867.4434855111303,1,1,0
994,0.20954387683548298,1273.386479099013,6,1,0
154,0.1629177197520727,2302.776189023637,9,1,0
439,0.3896825851675599,504.57487388304406,7,0,0
168,0.14993713422203248,889.4507040625314,9,1,0
811,0.12144311831239452,2767.366401014689,3,1,0
794,0.33383697550414343,1432.0773178731288,6,0,0
816,0.13357203493532466,1472.1340101819858,2,1,0
314,0.2613653390284273,4359.474170749773,4,1,0
391,0.032795432332318575,1780.5224938397828,2,0,0
607,0.06860740598201215,4811.457395058291,5,0,0
720,0.244946872192087,395.27975233567906,4,1,0
126,0.01714583915527118,607.7810764897587,5,0,0
978,0.3104094017529459,2572.5293496818317,6,0,0
357,0.11796005523669184,1898.2612175093418,7,0,0
936,0.3396235006621373,2091.786886382918,8,0,0
161,0.05160832443949981,1079.9967767031824,8,1,0
385,0.37826958361312035,708.8526160631396,3,1,0
500,0.16798515369025574,3031.6945878865617,5,1,0
202,0.39195979243376994,4833.243698186455,4,1,0
722,0.06294898827086254,288.4392385253338,6,0,0
937,0.30192368259063573,4234.293317584018,8,0,0
207,0.11196921665484783,1714.3185663108911,3,1,0
975,0.17080113046651707,3971.6646664819955,1,0,0
97,0.23736056356410645,1113.4877575994565,7,1,0
286,0.021391640491897068,4321.45709161276,7,1,0
685,0.18950291658909973,2498.881315609334,0,0,0
296,0.39947428103585303,3284.4918031380134,3,1,0
926,0.07278375491661787,4761.078889670908,5,0,0
76,0.1976128253612332,645.0603346863516,6,1,0
164,0.1781833188775283,4279.800206975093,0,1,0
450,0.07963084717054719,416.53742978887385,9,1,0
135,0.32155217630892513,1888.2469439513413,1,1,0
854,0.16261059568731712,3388.263722099763,1,1,0
630,0.007606547597677704,4463.342341801376,5,0,0
517,0.029963324115227452,3417.1691716014,3,1,0
484,0.2545789827813013,1477.290067583695,6,0,0
160,0.10211931028493221,4150.001073582825,6,0,0
787,0.2880404395072469,1850.619697159592,5,1,0
976,0.12694042306201597,884.8469986661025,1,0,0
267,0.2317388656153339,3370.6327574565394,6,0,0
709,0.336322171763395,825.077812085871,4,0,0
219,0.344771591828799,3739.3457682574003,5,0,0
100,0.1396326390204949,4941.768347781416,0,0,0
990,0.05663487653234289,644.0641298526147,4,1,0
687,0.06560774146584325,1725.7960057856837,4,1,0
748,0.20242994480907217,4107.976063644266,7,0,0
33,0.1665196176816971,4131.17731796173,8,1,0
483,0.061136426360674734,1543.1271399276836,1,0,0
948,0.002434203827751613,257.2208388184545,6,1,0
783,0.015567868965284781,4200.7590894981095,3,1,0
449,0.24633716515550147,3244.0763388742976,5,1,0
104,0.17182365422269924,3883.617570020573,0,1,0
340,0.10053909389693594,1020.0646731046373,8,1,0
958,0.36880154801721104,2783.3684742762416,7,0,0
568,0.28511898228852406,4955.453168462188,4,0,0
87,0.11110360349799098,767.4582848180771,5,1,0
763,0.37309524165865215,218.54443869013446,6,1,0
207,0.22796221215970852,1633.5198178533506,3,1,0
336,0.05403874683319415,617.7144242230165,0,1,0
476,0.029962577660540723,437.1180017099188,5,1,0
39,0.3722073570177837,3871.504013516913,8,0,0
133,0.351202682933101,1090.9613725090578,4,0,0
598,0.35394034761826765,650.6535768547927,2,0,0
47,0.24192498501661164,4237.644943066796,7,1,0
441,0.2447937981215237,4850.360080420516,9,0,0
387,0.190668488457584,3929.0058891669155,3,0,0
968,0.14780113875211065,3841.1033188317892,5,1,0
431,0.08409539221412732,180.44460285309864,4,0,0
729,0.3792123628537709,3554.809568177333,4,0,0
806,0.027670999275226427,2864.1463462849015,6,1,0
170,0.219254008349485,3155.100189495457,0,1,0
392,0.38808574602011187,383.1789974507123,2,0,0
693,0.32908123826316676,1831.4976234799167,9,1,0
228,0.010869419031853678,3248.0477833937184,6,1,0
647,0.31727823387076237,2820.0939646549427,2,1,0
365,0.1885038559793723,376.4073958934701,7,0,0
354,0.33641584496021504,2338.0432812436225,5,1,0
214,0.3168660025288184,3956.538796152993,0,1,0
653,0.04189548627413081,1112.2798763157618,9,1,0
198,0.21882315132880104,528.7169847705206,4,0,0
811,0.2627225631810898,2054.3226638806414,9,1,0
664,0.027863992850492236,3996.9976804336634,2,1,0
806,0.2828710130354507,2549.2095306808574,7,0,0
496,0.39910191287197094,1202.8775582168046,7,1,0
39,0.24136419373839169,4572.3597182116655,2,1,0
126,0.13651941644312376,2646.735785395282,8,1,0
985,0.31471185555855025,3761.8884502599008,6,1,0
523,0.0854300996932324,1861.901498675173,2,0,0
859,0.2860273195906907,2139.2397587801934,1,0,0
902,0.09146766064210626,4440.582152858948,4,0,0
777,0.31425108511810196,276.8767375261224,1,1,0
950,0.04983041242475644,1437.4352573529331,3,0,0
693,0.128203579094345,4086.0029640443104,7,1,0
865,0.338194689027455,1285.6206723257005,5,0,0
87,0.2858183089870663,1420.193645724961,6,0,0
795,0.2709349715265761,808.5984684260845,3,1,0
88,0.26903377536741135,1028.536224186481,4,1,0
840,0.34420064535467837,1835.3148383310483,2,1,0
544,0.371500959260474,1569.5591649916375,3,0,0
190,0.04848938125804769,2683.2646601539163,9,1,0
120,0.16784120032142086,4659.423567013242,1,1,0
578,0.09821595453637016,3988.7071252687356,2,0,0
114,0.26557338168550615,3722.154616428257,3,0,0
126,0.14296377982699415,1313.1184458527098,9,1,0
624,0.3360572300493995,968.7927189966614,3,1,0
58,0.23801035344005994,2154.25886360638,1,1,0
232,0.03865734344132726,4273.2242112810345,0,0,0
914,0.22920252651526435,2424.2235884256243,4,0,0
117,0.0649494022684054,3507.051517407663,6,1,0
577,0.13151808876946514,2053.7183918866444,7,0,0
242,0.09901547331554683,3982.4159873095477,9,0,0
688,0.06469046553377061,3527.8747856093255,5,1,0
811,0.28338228192618786,2928.5375143163947,9,1,0
985,0.2802658027477482,3960.5446293408054,9,0,0
146,0.14667431333504477,4789.835659363011,4,1,0
146,0.14667431333504477,4789.835659363011,4,1,0
465,0.007138490842916179,983.1844499869103,5,0,0
754,0.16777047109326776,4620.1037758010425,6,1,0
802,0.08609873971181653,4748.460228140203,6,0,0
384,0.14345177445605112,239.54236167525116,9,0,0
302,0.31014432629429245,4416.36024480752,0,0,0
429,0.3947275445160842,929.5305223387959,3,1,0
367,0.11779411412233876,4463.323761892642,5,1,0
651,0.09424402496931933,1586.4814945691592,6,0,0
820,0.2453237496703634,176.12319620271745,0,0,0
420,0.01242975795789708,1070.8292802792694,6,0,0
556,0.3816695266213549,4275.341809766172,7,1,0
185,0.3226654064147609,2547.9773226628304,5,0,0
696,0.2841139078333307,4050.5096245366467,2,1,0
940,0.30187214428162823,1710.1027101536483,1,1,0
646,0.31148644384404783,4747.039175025404,0,1,0
974,0.2989424681812995,4075.6120080533997,8,0,0
940,0.16564838465199994,3978.791159995032,6,0,0
753,0.39177800832121307,273.2052609613213,1,0,0
679,0.12627727370430253,2394.640546913332,9,1,0
44,0.29515658616253426,3458.7661133258594,3,1,0
537,0.148839379281186,3669.6090174063356,2,1,0
380,0.24438969411483302,3197.6907299945246,6,1,0
12,0.26388103266822377,4677.4322707674155,2,0,0
464,0.24177492539518453,1662.5112769430928,3,1,0
376,0.15519904764792242,4187.374641503708,8,1,0
748,0.08789190791519091,1023.3286102067113,5,0,0
699,0.299798630022027,2519.98695568526,0,0,0
606,0.25046934587494724,3133.730585145109,4,0,0
894,0.2029060461001358,1539.8832208458284,7,0,0
406,0.3012629450626267,843.2552899820664,7,1,0
668,0.36417641873828094,4397.9682274932175,8,0,0
198,0.12380944359945284,3709.8201451066748,8,0,0
336,0.25704343743963687,3497.6679355826413,0,0,0
33,0.11117650960515724,4513.168375554607,0,0,0
611,0.22209197396075214,3378.387666542232,0,0,0
214,0.08801984107748534,887.6187056904819,2,1,0
314,0.2494364105769405,686.3304094092242,3,0,0
156,0.05919842071382703,881.413862159592,1,0,0
283,0.23047775705659135,3681.620163114671,1,0,0
530,0.271386751079902,2722.1159456998444,3,0,0
731,0.17823833542389372,2039.254102463782,7,1,0
187,0.18299820414496792,904.385984743592,5,1,0
201,0.06073238545356374,421.8857861369015,1,0,0
377,0.14622090229475787,3649.509944898657,8,1,0
864,0.10806299917438111,2756.8407258364336,1,0,0
219,0.344771591828799,3739.3457682574003,5,0,0
95,0.25387607593133216,2336.8917968300448,9,1,0
344,0.21342916439754478,3370.1357418730286,4,0,0
512,0.032119287928562945,3187.6686079577917,3,0,0
511,0.318813217473132,4084.167654168777,6,1,0
505,0.07255536774080257,1492.973259755629,5,0,0
943,0.3028768652604672,3605.5368558557025,9,1,0
277,0.15810756128166503,434.06283586235514,7,1,0
128,0.261591533759108,1350.6259036714448,8,0,0
287,0.12622375980492978,3781.499382967614,5,0,0
651,0.09424402496931933,1586.4814945691592,6,0,0
940,0.2538240430088123,4564.71429571463,6,1,0
384,0.38449009761431474,3482.9558147686416,0,1,0
780,0.03765071679923487,813.4025586422175,5,0,0
165,0.1319804270659355,507.38709102698965,3,1,0
473,0.11835765292243489,3372.371304687949,8,0,0
400,0.05063259049370483,1010.202049924727,8,0,0
154,0.02632105631358056,139.18240571964185,9,1,0
720,0.37591685552982557,1890.2175500530047,5,1,0
828,0.11315214307561727,3042.586191105562,5,0,0
147,0.1553342529559733,438.6627447485231,9,1,0
809,0.2777625340313598,1787.8273817790293,2,0,0
813,0.008898998360474641,3640.4029627228824,2,0,0
951,0.2530181351137404,939.2327624693546,7,0,0
981,0.33614132625657606,4313.965548693197,4,0,0
550,0.21357884035052188,2293.182056891929,8,1,0
201,0.004709927986222662,2754.52403057938,9,1,0
782,0.3631432320090601,1707.2379278196117,8,0,0
618,0.03833619098414498,4774.651908816248,5,1,0
971,0.07527040663226803,4472.184084595899,2,0,0
703,0.33721627823429845,2795.6587009029486,1,1,0
660,0.20387012346485972,2015.4877246687295,9,1,0
350,0.29429304867462713,1157.723058776234,5,1,0
727,0.15266294951663317,779.979494188729,3,0,0
71,0.28642937580926975,2855.4269298083723,2,0,0
331,0.1726719889631651,71.54829789660926,8,0,0
457,0.10235972697499945,1185.1401443740574,5,0,0
522,0.34379122170384374,2253.4889429192763,8,0,0
164,0.26850454284127767,2643.8226501322183,9,1,0
43,0.004411294465170579,1503.0491998300856,8,1,0
455,0.014285458862005218,3537.6642074773367,3,1,0
401,0.07655125239939997,1750.9288808293322,4,1,0
703,0.33721627823429845,2795.6587009029486,1,1,0
511,0.2682351955942366,4785.228678111101,9,1,0
478,0.09898662776748379,2786.5106403138498,1,1,0
607,0.06860740598201215,4811.457395058291,5,0,0
502,0.3613843380053978,2731.252436302898,7,0,0
401,0.053650605185336264,2008.5738860773065,9,0,0
797,0.33291541382593126,4811.527551189451,1,1,0
983,0.28581384668058274,2229.435727743046,2,1,0
201,0.32703877647787377,863.7751624655314,7,1,0
201,0.32703877647787377,863.7751624655314,7,1,0
772,0.031212591841256687,148.96379677510077,1,0,0
128,0.2676904776910306,2884.022874437731,3,1,0
245,0.10487925750566751,644.3460588957462,4,0,0
335,0.024900141447188384,1508.6022523727838,2,0,0
334,0.3896895391516603,3725.4320890404574,4,0,0
915,0.20077086900264124,1305.419837213247,0,0,0
817,0.2784837668802242,309.79612087165367,5,1,0
416,0.30465609595343035,2959.1476841028853,5,1,0
785,0.0846015258386259,1904.573432587537,3,0,0
211,0.2150929333892565,3323.4887077444982,1,1,0
620,0.39714035868133724,4604.889427081234,9,0,0
659,0.17215401665997965,3495.9580555732846,2,0,0
115,0.3586863870314867,1298.843366843538,5,0,0
668,0.1738175434881007,1202.6310196622337,4,0,0
720,0.19770250526485383,1027.3890078887398,1,1,0
695,0.15789782225412557,2257.1453793386854,2,1,0
312,0.20706575728954918,3761.7044540448496,2,0,0
471,0.3985384032813782,1616.489247921831,3,1,0
106,0.009717577591150994,4464.839527227888,9,1,0
254,0.15090002793057755,2663.7677198789443,1,0,0
777,0.2798084278223619,4626.247074724945,1,1,0
134,0.029855452438195318,3707.8869756867775,4,1,0
826,0.13106552522271414,2951.0301286725717,5,0,0
495,0.07795946795322795,3996.03138839349,6,0,0
387,0.38482108194182724,1432.5369266066084,9,1,0
942,0.2634815329127458,2107.3548307610863,3,1,0
468,0.29825800034931543,2691.2652499324904,7,1,0
343,0.23929186621638676,4954.010735831444,2,0,0
291,0.35650841786688947,1398.5314844814302,3,1,0
152,0.22463407923281836,2967.275453702148,1,1,0
906,0.08373524527502124,4137.984333254288,6,1,0
544,0.33285771762857025,850.9619535195409,5,0,0
154,0.1629177197520727,2302.776189023637,9,1,0
922,0.14002660280827822,4344.542547194033,0,0,0
844,0.34719866373995667,934.3065484138737,9,0,0
966,0.052698467414570016,3997.69707004711,8,1,0
805,0.0023562127611205796,4742.4065379194035,5,1,0
285,0.17238488344993708,3459.2152701513023,2,0,0
184,0.36460547425042655,3339.3414932622272,5,0,0
474,0.004433139066811698,2299.7308473140006,8,1,0
424,0.05327562360805649,2272.577617272863,1,1,0
542,0.06209372157972842,2033.9660927670145,8,1,0
281,0.09246300938640872,1214.7239207927505,9,1,0
740,0.2667036875727462,2429.484724116317,0,1,0
921,0.0013037316963168677,1982.3829312120693,2,1,0
239,0.16953842419344317,910.0906963376256,9,0,0
926,0.056526483917255066,393.29077154205333,3,0,0
338,0.0426341708058387,1991.6284975681006,1,1,0
161,0.36355222452925345,2622.903507372986,5,1,0
377,0.23364367909106004,1847.7236790396746,5,0,0
798,0.37138832055394744,2956.2000789372646,8,1,0
533,0.35572712093211456,1332.594587841876,6,0,0
401,0.31075936201702425,3541.971895146368,1,1,0
430,0.2912844546074056,2633.1671252516594,1,0,0
396,0.09081571093941093,3147.558604655697,8,1,0
508,0.0937636114560833,890.913856992182,0,0,0
904,0.1694915446690854,3782.0895953598965,0,1,0
932,0.34872391408215303,2408.585052503669,5,0,0
695,0.29368720006290444,2376.4509396520048,6,1,0
814,0.3677391941666238,634.0366812057565,8,1,0
457,0.15442363739081,4849.815745188381,1,0,0
885,0.32778295047848666,4231.239813388134,2,0,0
917,0.3750306620721736,2676.4951065621053,8,0,0
676,0.14924654903748164,1845.638047945824,3,1,0
694,0.2293949326451789,4559.419314602223,2,0,0
149,0.24033505615253836,4770.646982622317,9,1,0
376,0.2726195873638093,389.30170554911746,0,1,0
936,0.1914546640898928,4761.964152721118,9,1,0
224,0.36376821361507133,2707.218823833781,4,0,0
947,0.2194543701031194,1512.9388952220397,2,1,0
311,0.2624083751823706,2234.9517793885498,3,0,0
53,0.0694844959433123,1770.443191750619,0,1,0
425,0.31251339390516447,2669.7297660566946,8,1,0
828,0.20547091661032374,4567.513540438018,8,0,0
961,0.3742823592268134,3001.229414701058,2,1,0
770,0.01760758676276175,643.4261543451906,3,1,0
397,0.33388861322288066,4314.418183127409,8,0,0
199,0.23048602612782443,1512.7688324865776,4,1,0
806,0.027670999275226427,2864.1463462849015,6,1,0
742,0.2968987297077128,2549.5278716818884,3,0,0
867,0.09833361619515363,4752.0178423766965,2,0,0
682,0.3840432706538581,3134.3109802038334,5,1,0
500,0.0850651636918045,981.6364134490099,0,0,0
641,0.11469675107719102,2400.8953474905047,4,0,0
935,0.3531843859251538,2431.8393126053525,1,1,0
317,0.182688687267467,3819.273178239718,6,0,0
251,0.36431851115844954,1617.1425443784092,2,1,0
936,0.3247662155326949,723.3909883240349,2,1,0
844,0.34719866373995667,934.3065484138737,9,0,0
877,0.16709835576842452,168.7475670236281,7,0,0
409,0.38872281412670556,3918.9697436912334,5,0,0
631,0.34741378966406294,4716.1081367421175,2,0,0
283,0.3151420197481715,3790.6956948344055,1,0,0
776,0.03314509372327512,1118.4966087878013,3,0,0
643,0.027342310376682777,520.7285132781142,9,0,0
752,0.29606161817550924,3552.2799414396486,0,1,0
932,0.13557112669029403,2489.484125702455,7,1,0
493,0.18559611807299697,2453.0756128892854,3,0,0
229,0.3117058656681323,2004.996132702452,4,0,0
819,0.2015156556413683,2834.8773873728965,4,1,0
696,0.3996450029521073,3291.5022172411013,4,1,0
845,0.3614653361193018,331.3676558738339,6,0,0
805,0.11375748153732251,1247.3867050942674,9,0,0
478,0.3845538717536496,3539.855234509451,8,1,0
942,0.2634815329127458,2107.3548307610863,3,1,0
338,0.1262975465595667,4204.218933163124,8,1,0
104,0.37915130860525925,2597.985245080663,3,1,0
841,0.060373317948340055,1441.7074198639525,6,0,0
314,0.2657429636522524,625.8841050583256,3,1,0
469,0.23260271656083553,3644.099745557033,1,1,0
164,0.08156055793355677,4734.11348989018,3,1,0
252,0.029812762193634434,2626.840989708405,0,0,0
40,0.339180044891451,3098.388723965669,9,0,0
221,0.32593247383359375,4495.076628632847,6,1,0
640,0.15962835262394842,4437.998523510118,7,1,0
209,0.37181433930037333,4289.31111985029,0,1,0
386,0.2507820766603171,2013.2211931742318,3,1,0
601,0.16958681000112202,4406.180022878396,2,1,0
156,0.05919842071382703,881.413862159592,1,0,0
428,0.19907747229238748,3564.277770887656,1,1,0
824,0.05581872266059268,143.90717512922097,1,0,0
721,0.2462658905048299,4418.133217448423,5,0,0
725,0.04424344784950701,1345.818339325834,7,1,0
935,0.35697103991337703,4949.65102753453,3,1,0
44,0.19338511744084103,374.97104874928925,3,1,0
496,0.2874853136983609,2128.1359530455243,2,0,0
855,0.20769671498439918,633.5197828550034,9,0,0
850,0.14578885837996536,651.8373700768924,8,1,0
54,0.20439650863558628,3279.871934015397,8,0,0
578,0.09821595453637016,3988.7071252687356,2,0,0
440,0.21459529098001723,2803.3767422164374,6,0,0
331,0.13752722384025018,1904.437654534189,2,1,0
832,0.361450503723889,3758.2851922206,3,1,0
375,0.22696306821089796,3882.0761228609713,4,1,0
178,0.24875821343721677,1480.242360329999,8,1,0
102,0.1897226934404757,3508.0275220032904,4,0,0
490,0.014868130647301303,1892.7377777270524,4,1,0
271,0.22032680377455338,1464.3120558093142,5,1,0
165,0.01940226201547257,3512.0722497689994,4,1,0
653,0.2601159802520127,991.3817708437631,8,1,0
399,0.13392246027945692,72.87719241833311,6,1,0
861,0.21275022437348545,4903.375252602208,9,1,0
314,0.2657429636522524,625.8841050583256,3,1,0
685,0.15079830372296177,4011.239750235408,3,1,0
494,0.37873807962991757,3333.8515089509187,5,1,0
900,0.2732105061800514,1093.2963165771282,7,1,0
806,0.027670999275226427,2864.1463462849015,6,1,0
289,0.27834102634087676,3227.048926548387,8,1,0
400,0.16428531636614713,3006.3576431943175,2,0,0
295,0.2968242925536804,4347.325911206851,6,0,0
742,0.2968987297077128,2549.5278716818884,3,0,0
195,0.3109683668783546,2640.6921299813066,0,0,0
746,0.12318566657381363,2543.520203573415,7,1,0
351,0.007805311128864623,1656.104181805755,2,0,0
336,0.05403874683319415,617.7144242230165,0,1,0
658,0.16833691712684623,2756.184166909334,7,0,0
273,0.22942066980139159,2440.157179847588,8,0,0
451,0.10651765992163209,3640.4868159070897,0,0,0
788,0.23963804014694412,3229.5464717613618,6,0,0
883,0.1060224246914872,80.60560727046078,2,1,0
639,0.3418941004449373,1867.2155698413687,7,0,0
271,0.2754976416726271,4394.029058296046,0,1,0
783,0.015567868965284781,4200.7590894981095,3,1,0
891,0.07372630023745058,2953.4648756994025,4,0,0
313,0.11423578795851186,300.25076221007924,9,0,0
548,0.21658852448794363,3227.698099259575,3,0,0
56,0.21075559125514526,555.0479784753774,5,0,0
925,0.2923110044566768,2559.0761274140377,4,0,0
779,0.3428015332724372,4306.696796330752,4,1,0
104,0.18504464003498544,1639.2137626309275,6,1,0
838,0.37726466941337083,4841.854409313284,0,0,0
931,0.3610487231339404,4096.7789707623,3,1,0
251,0.05483191481672095,910.3081330254316,6,1,0
474,0.3387316771199867,1070.047749482083,6,0,0
606,0.25046934587494724,3133.730585145109,4,0,0
182,0.3846978884204011,3027.3761715320657,4,1,0
789,0.22474138105053992,4736.686240402078,3,1,0
633,0.39226825934244763,707.3437392033264,1,0,0
341,0.08181200010511691,3526.4328004234303,9,0,0
97,0.34968547840548847,3328.354875616563,7,1,0
19,0.04782429977800334,3996.778974407732,0,0,0
921,0.14233719597340883,433.5040084268974,2,1,0
825,0.20320314340049772,1080.992725194146,2,0,0
435,0.3462570063805965,1261.4356623131537,6,1,0
323,0.16882808440046976,4507.227431559683,4,0,0
282,0.16316012866079632,4831.586157680696,7,0,0
120,0.02097507574502505,1047.9860540276773,1,1,0
739,0.15486662447300603,3797.762928687187,1,1,0
914,0.22920252651526435,2424.2235884256243,4,0,0
676,0.12015615514833722,3464.915953633302,7,1,0
499,0.1518268228688005,580.4046895688695,9,1,0
746,0.30342990390046426,3921.5520360663886,2,1,0
544,0.33285771762857025,850.9619535195409,5,0,0
493,0.15922598340290217,554.0948409190071,3,1,0
946,0.031222137486962065,3494.5549171101143,1,0,0
195,0.12304706804772203,4453.391965658507,7,1,0
467,0.05301359497768943,3007.1403729196395,6,1,0
248,0.2541735874536716,917.5747186333253,6,0,0
748,0.3127390302123307,2179.6310918403065,8,1,0
81,0.09814360007153805,2397.3887384613095,8,1,0
360,0.22637716885437004,4664.5271060130935,5,0,0
535,0.014631054583666092,2607.540665620476,6,1,0
984,0.1663852730245901,4305.826823217248,9,0,0
468,0.3284076155442245,4375.922212960259,9,0,0
96,0.33998927432538073,2432.2237926948924,0,1,0
253,0.26634284035690786,4826.056597904422,4,1,0
100,0.21680301670476754,2316.4765582535388,7,1,0
937,0.30192368259063573,4234.293317584018,8,0,0
761,0.05576667017583825,3010.602014100567,0,1,0
528,0.32250490774578366,3928.8568715595015,3,0,0
378,0.29697031047170264,3825.6858150497483,8,0,0
671,0.1808998399315282,2451.259770498374,4,0,0
664,0.005275561225094927,1618.1158187483402,4,0,0
698,0.1215009570643929,355.832503932412,5,0,0
704,0.24463963052580157,4098.00052565956,0,0,0
450,0.3389343080288727,2583.0462954063423,0,1,0
532,0.3560272668456136,1889.3281173659202,0,0,0
873,0.30937349122880314,2456.7249712383186,4,0,0
906,0.3150875424435207,3092.479655234264,9,0,0
609,0.022801361913043106,2823.501939302002,0,0,0
916,0.12761621717214172,114.23451971868414,8,0,0
620,0.1678932917514181,1965.3507281170848,3,1,0
984,0.0789004385128329,429.6611222448425,5,0,0
400,0.05063259049370483,1010.202049924727,8,0,0
220,0.07812205712595838,3534.5175619438633,5,1,0
419,0.039409038621392,3887.899471616602,9,1,0
156,0.08877895985661138,4864.3182069202085,9,0,0
575,0.13436373473239543,4873.736469995163,5,0,0
185,0.07795062176997342,468.1373729832459,6,0,0
933,0.05374931855471454,3844.2926941919327,1,0,0
181,0.30795236683328814,3125.7080172131446,7,0,0
354,0.33641584496021504,2338.0432812436225,5,1,0
847,0.1151975357572822,1391.220971321531,7,1,0
464,0.3793867811269692,377.98741115151284,8,0,0
58,0.28374293889179814,1985.161033301942,0,0,0
822,0.2616462314444975,4292.091529618779,6,1,0
628,0.27987924646464535,1959.810429926428,5,1,0
899,0.2454051506340214,2299.2976161583256,9,0,0
285,0.004889690152880932,4939.193550286121,9,0,0
882,0.3882434406578334,2008.1106777458128,9,1,0
249,0.2747613737613793,2417.8818132686574,1,0,0
51,0.3652081325098678,4600.516265878081,4,1,0
375,0.13439064908080206,4328.476478567898,6,1,0
97,0.0960646636009333,1606.8836669430245,9,0,0
571,0.38266621546727203,267.49016244821286,9,1,0
662,0.08912507197898167,1821.0903426574753,3,0,0
859,0.184528079670902,2543.909488667504,3,1,0
104,0.36347693436655,1153.7805254656603,4,0,0
500,0.05549740696090533,3306.343832660725,9,1,0
996,0.34822110451877886,4282.734657584604,8,0,0
518,0.2451790175825937,4298.012830903528,5,1,0
269,0.1312301557003417,4254.5884260124,6,1,0
968,0.273024965941383,2323.758755140782,4,0,0
153,0.3823881210625446,3554.503481846284,6,1,0
726,0.20763071878641026,673.960414314414,4,0,0
248,0.23667294046380916,2286.257131108643,2,0,0
303,0.06812600702819094,2731.7516167146273,4,0,0
334,0.25552633389728824,3544.294647461461,3,0,0
943,0.3482188963511066,4372.397715482477,6,1,0
915,0.0994458514690087,2192.260367681567,7,1,0
128,0.2656005234097981,3840.8364574640955,2,1,0
612,0.07918651026460011,2632.9737498002264,1,0,0
866,0.24784538511435694,764.2721412626332,8,1,0
929,0.13743571404607657,1574.976180148837,3,1,0
803,0.2473771202178518,2586.571438715682,6,1,0
791,0.3359719429243251,3061.595976729149,9,1,0
164,0.16048634638775033,176.2464638509269,4,1,0
459,0.2720910771156504,2213.133049903842,3,0,0
940,0.30187214428162823,1710.1027101536483,1,1,0
987,0.19044256105438423,1332.3180383574224,0,0,0
477,0.0666722336581852,1086.4376005565748,4,0,0
843,0.36561055493662314,1537.791231304259,1,1,0
340,0.03489289200023238,2444.769935342103,2,1,0
102,0.18715299670316232,1846.5658312694463,4,1,0
712,0.09033134945120469,2423.0869987380934,8,0,0
405,0.1590863457492132,4961.3759079857455,8,1,0
730,0.017201813857147252,788.0074828130518,5,0,0
38,0.05996092946356507,776.7589289246617,6,0,0
617,0.33216968330284113,2033.4374363842717,9,1,0
648,0.05087726425050787,4410.9978626015145,6,0,0
524,0.00714538502035017,1183.2402362208459,6,1,0
68,0.14679281921214105,443.3242932032662,4,0,0
484,0.020985251703033503,1839.1023348761876,8,1,0
868,0.13425245862641766,3701.9392898907317,2,0,0
464,0.3924995872117918,3632.2971674698792,9,1,0
518,0.07208163008716412,4094.6644224032584,0,0,0
87,0.3738502570065448,4753.111104513959,2,1,0
270,0.3508568170330476,903.0629300672958,9,0,0
685,0.3965854099970208,2798.6338330112653,7,0,0
288,0.39483423139025137,2126.1137980396174,4,0,0
65,0.028241712001741026,2498.3259989715434,4,0,0
69,0.31048254813859616,1241.668633672318,1,0,0
69,0.09477775426847024,919.4369710673886,8,1,0
314,0.09029810395236182,2647.143541905713,4,0,0
883,0.11243754590284794,2627.7916115879098,8,1,0
899,0.1266264084828581,378.7227871530076,7,1,0
674,0.15805079089141216,468.41743943535704,8,0,0
289,0.27834102634087676,3227.048926548387,8,1,0
843,0.36561055493662314,1537.791231304259,1,1,0
373,0.027716494470616915,1836.3803168468196,8,0,0
692,0.2915338422110718,1723.543132070433,7,0,0
614,0.019447906123413072,687.8132742305169,3,0,0
171,0.02818909564527622,4718.711553234937,0,0,0
651,0.07282604553217825,4265.55086360582,8,0,0
908,0.22055808204916683,2004.173733465677,1,0,0
227,0.14536115381033254,4686.694914742016,2,0,0
168,0.14993713422203248,889.4507040625314,9,1,0
685,0.3090218395618687,127.81405100207664,9,0,0
761,0.12836888731640583,302.12122028588215,7,0,0
639,0.3418941004449373,1867.2155698413687,7,0,0
381,0.13467985033176888,2787.5324246198793,0,0,0
614,0.026121831847982002,4138.933573359369,9,1,0
211,0.3132428199853787,3963.240713804908,9,1,0
880,0.2434141059706184,1938.2718667694714,0,1,0
530,0.04603502285445127,1197.0385337575085,4,0,0
265,0.2866433288035419,2561.6023743228425,1,0,0
387,0.38482108194182724,1432.5369266066084,9,1,0
866,0.20715415616708655,2593.049088325249,4,0,0
932,0.13557112669029403,2489.484125702455,7,1,0
96,0.10280245951956668,396.18005373304845,7,1,0
135,0.026706881624774303,3908.9112027089704,4,0,0
787,0.02612279185041394,3460.917954041761,7,0,0
211,0.2150929333892565,3323.4887077444982,1,1,0
147,0.3816538076061053,204.2536483424914,4,1,0
327,0.027820386343868964,1399.2297636211517,9,0,0
308,0.2407697238482872,175.77572997891212,7,1,0
533,0.35572712093211456,1332.594587841876,6,0,0
688,0.23319680868019027,2559.615203408641,8,1,0
681,0.13512443753085707,3344.950650915152,9,1,0
490,0.014868130647301303,1892.7377777270524,4,1,0
589,0.03263499622516375,2194.2291794230296,0,1,0
513,0.33602627025268095,1305.3796756751356,3,1,0
607,0.2221760980487475,4366.36225128581,1,1,0
834,0.05426389527894421,1058.2988486910158,6,1,0
201,0.29171310757204555,2223.312547759406,6,1,0
302,0.0801602356834672,3787.0933575768777,8,0,0
304,0.30578827273970055,3842.846727908398,0,0,0
604,0.18581150517888384,4470.045167221772,4,0,0
82,0.26783003086405605,2890.158062617851,7,0,0
233,0.13475531060914864,3918.100847886843,2,0,0
878,0.28325908279391504,2121.2481023826094,8,1,0
175,0.007803718327630438,4602.4740823529755,7,1,0
49,0.373870192820846,3947.909887394965,1,1,0
43,0.3169077031149724,2618.0475631059317,8,0,0
109,0.15282424841809172,738.8164308652075,3,1,0
774,0.2510742263184926,2498.096107537753,3,1,0
660,0.20019692719182614,2582.0781751562695,0,0,0
939,0.17143436976370746,3645.2511909998834,5,1,0
566,0.3746181653012336,3435.081878924279,3,0,0
658,0.16833691712684623,2756.184166909334,7,0,0
288,0.31302976572141455,564.8033453607804,3,0,0
811,0.1894237324252775,739.4284420640887,7,1,0
642,0.10188801709553186,1679.0339069218053,1,1,0
438,0.25503011427207184,2458.641168660793,1,1,0
8,0.24093669197249512,3723.2507456129233,5,0,0
236,0.22793325009021653,2049.5846749654957,6,1,0
131,0.15069918870859123,4830.629564660975,8,1,0
558,0.06739891420973854,3478.462523647964,7,0,0
839,0.22720487564073194,3508.093157641621,9,1,0
629,0.2510810053818267,1993.3175344978642,0,0,0
942,0.09936833193507838,381.40833280776087,2,1,0
532,0.26101170883217434,4359.937786167961,7,0,0
678,0.217345196331793,3977.019248543381,3,1,0
666,0.28466731595361255,1012.9233757552634,4,1,0
397,0.19514777360638524,4464.7820763243935,0,0,0
278,0.14486880026444465,4328.439909092736,3,1,0
867,0.38827873589261,2914.062528856583,2,1,0
156,0.06724505324775115,4942.663282959489,1,1,0
545,0.15294740663075995,1066.1377652675183,8,0,0
781,0.06165290266071238,2464.733008759996,7,1,0
726,0.06232371449640667,4872.783657830427,6,0,0
273,0.24882267052317075,936.9921312800044,4,1,0
463,0.05054429708710745,4605.6264543038415,2,1,0
457,0.17586005567282614,4373.157193315652,1,0,0
496,0.2874853136983609,2128.1359530455243,2,0,0
684,0.3276630356913263,4944.32941511654,6,0,0
917,0.3217772334782096,2019.0071257025563,7,1,0
265,0.3232152889960016,4031.3936100988994,9,0,0
348,0.156117260208252,2375.869981999887,4,1,0
323,0.2505201184923017,2873.7261876181055,7,0,0
551,0.21611552975225412,4856.154404181111,9,1,0
422,0.10353608769512168,3880.4819012014896,8,0,0
990,0.2567114668242374,2213.054841921686,4,0,0
62,0.14234388077213583,3529.598991334416,1,1,0
173,0.04168878144931415,2586.4104101277403,6,1,0
750,0.28608598089188486,1511.3798352995457,7,1,0
806,0.19839644073282658,4575.622860632866,0,0,0
489,0.01278949159758408,4277.033553035751,3,0,0
601,0.22149576932815912,2638.399721609606,9,1,0
273,0.14250895462978413,3702.27018450432,3,0,0
277,0.33346770877860854,4959.400446726543,9,1,0
608,0.25971486448365416,277.86721872874443,1,0,0
230,0.024991357538775905,629.0917666278202,6,0,0
973,0.36781048887994244,1737.3529325208285,6,1,0
701,0.007101078085382351,1232.3175750725893,7,1,0
794,0.005786099377635134,4997.43938491807,4,0,0
519,0.3934843242183711,2053.919369456684,9,0,0
674,0.23501010478634837,3996.6333080008685,2,1,0
343,0.06250684505790488,1013.4050906926308,0,1,0
573,0.061641963726206395,4222.556167392445,5,0,0
162,0.1312861857179785,3266.886344696022,4,0,0
293,0.21930571796982185,3110.091697179564,0,1,0
227,0.1226523585295406,3952.808990925342,1,0,0
432,0.26224459379576165,1536.2825951542793,5,0,0
54,0.20439650863558628,3279.871934015397,8,0,0
225,0.10650654201628801,2552.7726819956733,9,1,0
432,0.16286851122521634,4694.084631356771,2,1,0
781,0.2571604661954557,3244.2673248486226,2,0,0
109,0.16926331736341788,3922.233285481027,6,1,0
805,0.009862873231587743,680.843125072109,6,0,0
419,0.03586586890745419,447.13138545264337,8,1,0
956,0.19537649228350207,1046.4317753724445,0,0,0
273,0.3137530771008831,3409.079519085952,9,0,0
676,0.24862042394032174,3990.381961513733,7,0,0
966,0.009463820255731725,3512.0156819556582,1,1,0
665,0.1356940941183824,1699.256619705333,7,1,0
453,0.39568145956144296,4558.832282196538,9,0,0
974,0.18708554679579004,3886.43526138881,6,1,0
618,0.08101120818221985,3171.996343850492,8,1,0
331,0.13752722384025018,1904.437654534189,2,1,0
768,0.17873482275087077,3666.8529816457103,1,0,0
95,0.25387607593133216,2336.8917968300448,9,1,0
807,0.17271010008839932,4577.948446547195,3,0,0
51,0.051798574998739744,4657.09086685601,7,1,0
161,0.11515733769492276,1663.109399988356,7,0,0
835,0.30205445057542357,4741.102073504719,6,1,0
968,0.273024965941383,2323.758755140782,4,0,0
30,0.21792417975680412,662.4540365263358,5,1,0
99,0.10674869695549793,3957.9714252770195,5,0,0
649,0.3152088091906772,2412.029165100454,4,1,0
527,0.31304905099352337,1494.9227737487586,4,1,0
113,0.2751756394193755,3982.113672190061,5,1,0
334,0.31365706850513125,234.637711914317,6,1,0
409,0.38872281412670556,3918.9697436912334,5,0,0
872,0.20437188140426393,2531.791076124073,2,0,0
405,0.30502167272887576,4371.857699764204,7,0,0
109,0.16926331736341788,3922.233285481027,6,1,0
780,0.32594271194149765,684.6716166513221,6,0,0
642,0.2682256280211165,3753.1076983188946,6,1,0
233,0.3084505645198687,3682.0736346122108,9,1,0
814,0.06131402498900329,1261.882851388503,9,0,0
154,0.02632105631358056,139.18240571964185,9,1,0
137,0.012085176066751746,1987.4638226400632,4,1,0
276,0.27325802250861503,4453.564685212454,7,1,0
578,0.303979675416171,599.1121291582344,5,1,0
942,0.2634815329127458,2107.3548307610863,3,1,0
967,0.11680979923902218,3524.7445860552166,5,0,0
530,0.3506150762042504,2711.2502947927915,5,0,0
721,0.18555304554976948,1214.0859043303485,2,1,0
837,0.15908163521132712,1208.7585490220558,1,0,0
466,0.15147258394504198,720.9471738769985,7,0,0
878,0.3929334283529425,651.6282931547606,4,0,0
735,0.1759648853658884,2303.157569304595,9,0,0
365,0.3084423779825908,3073.6513500954215,8,0,0
853,0.07765651007335317,1112.8361291230708,9,0,0
855,0.10530124631625415,3381.94963358388,6,0,0
496,0.2874853136983609,2128.1359530455243,2,0,0
826,0.18138356656873794,633.1457046850371,8,1,0
25,0.08299361080193818,895.3756459716161,2,1,0
481,0.3674914858149477,478.52840702024173,0,0,0
108,0.0009060169346258307,344.23833704003647,5,0,0
99,0.1715258662598253,606.5800379297791,9,1,0
76,0.058635884776955305,2815.549971702311,0,0,0
111,0.27802621213998047,1535.9010034218088,7,0,0
186,0.3240158286654309,4582.304605765801,6,0,0
754,0.28302378646209214,1438.3139811343206,1,0,0
18,0.3467569617874846,3427.6159342993114,3,1,0
461,0.34166318131386497,2662.977329053334,2,1,0
999,0.3633022186659345,1760.0973082608436,6,0,0
540,0.10338026203488082,690.8423281468322,2,0,0
432,0.1145007128515172,134.12153545629747,2,1,0
667,0.26426993017814393,2105.972943128405,1,1,0
268,0.1064697738161714,4104.6692536265955,4,0,0
168,0.018556659981151136,1146.3741388497049,1,1,0
277,0.15810756128166503,434.06283586235514,7,1,0
776,0.07025365155429664,853.7276614056454,2,1,0
281,0.1908549095467708,2263.8991152720805,5,1,0
553,0.37759363712413024,512.9026282233981,0,0,0
940,0.30187214428162823,1710.1027101536483,1,1,0
87,0.1326137476893106,2852.1276852869883,6,1,0
517,0.2010655775144382,3742.1789574716017,9,0,0
517,0.03986927871473067,4956.914244156969,2,1,0
181,0.27362302105014363,3750.6431060276727,4,0,0
550,0.31493620009158946,1802.1601524953758,1,0,0
261,0.1008357174337478,2873.2563547985937,6,0,0
522,0.34379122170384374,2253.4889429192763,8,0,0
314,0.2613653390284273,4359.474170749773,4,1,0
990,0.30012651646675254,2472.859950925636,0,0,0
641,0.0062982006358934806,4554.15200993722,5,1,0
628,0.15267660677389489,1229.0192427178317,1,0,0
76,0.33642751890484557,3165.8488303741265,3,0,0
968,0.273024965941383,2323.758755140782,4,0,0
672,0.2294034771345178,1683.4792278734312,4,0,0
919,0.1090383910305765,3591.52832004,8,1,0
210,0.00550667916780373,4508.105108244742,8,1,0
955,0.3576820576144448,4969.161709604596,9,1,0
406,0.2352366598385784,546.9597993116622,5,1,0
667,0.3129919569589768,4884.470154190204,9,0,0
192,0.057645629941800114,2542.564941232476,0,1,0
922,0.10953330815618945,2747.9895619381386,8,1,0
829,0.3815750288727806,4862.853241405548,2,0,0
141,0.3454756831339779,4715.374652870808,8,1,0
286,0.03933102915712933,3268.387149980423,0,0,0
968,0.14897746565843273,570.3396927693636,6,1,0
658,0.08014673691041435,2636.814911592268,2,0,0
966,0.16334451126587418,4948.2714670578935,4,0,0
381,0.13592296699210116,4360.062399446923,2,0,0
143,0.19941076346202868,2706.7572056607796,8,0,0
787,0.06958000545398091,4248.734206136602,6,1,0
313,0.13805931622172907,2601.5694166292415,1,1,0
364,0.011064337210790809,2954.547576704593,8,1,0
289,0.014561892494552642,4937.910253952383,9,1,0
110,0.024101121022918393,4977.462638095174,3,1,0
76,0.30705757723122373,4663.010257982105,5,1,0
406,0.162013977816924,1468.4572695183806,9,0,0
944,0.32069662436165824,4489.552510953828,3,1,0
109,0.28728725173650854,3584.3633661789263,0,0,0
348,0.010466014746036756,3591.0841713544783,2,0,0
477,0.3758283386051856,402.36290006310975,0,0,0
108,0.22378497525398605,3253.6852157498047,6,0,0
960,0.1350478761418228,2553.678322242259,7,0,0
413,0.09329001974656237,3276.2186283871,8,0,0
7,0.39305032330383555,4479.79066317646,5,0,0
346,0.2261833796032851,4292.566680180441,5,1,0
561,0.29797397539630716,3231.3282633533313,8,1,0
846,0.1723800936346478,966.3233860462163,2,1,0
426,0.05329872491467502,1127.2452971201888,4,0,0
348,0.1303375788702968,4108.589245924508,2,0,0
809,0.2777625340313598,1787.8273817790293,2,0,0
579,0.35950972158144556,2209.2261175877297,3,1,0
781,0.2571604661954557,3244.2673248486226,2,0,0
721,0.2377887048592332,3869.6783920735966,4,1,0
352,0.20386960809579746,4085.266141769036,7,0,0
262,0.32287964613065295,945.8489091496759,4,0,0
542,0.038167821083226416,1408.424157726044,9,1,0
578,0.09821595453637016,3988.7071252687356,2,0,0
955,0.12607113033232614,2239.2352283581135,5,0,0
87,0.004029144447767585,1950.861011320496,8,1,0
256,0.1111455269147773,3893.70181646002,7,1,0
978,0.03226794192233812,249.66313828712308,5,1,0
628,0.2590011681982922,1106.1822779187073,9,0,0
289,0.06280780657811796,1897.6120471315535,5,0,0
176,0.10459306504042126,606.7088580087544,7,1,0
527,0.16230439904847233,1997.0846114901299,7,1,0
256,0.2916380985695483,3518.6486417047963,7,1,0
473,0.12850282173713862,2094.4842025760645,0,1,0
694,0.19078795952609084,4913.603699658053,9,1,0
628,0.176438675252167,2380.752134449173,9,0,0
746,0.30342990390046426,3921.5520360663886,2,1,0
456,0.3111514895370131,3384.485106450381,2,1,0
186,0.3240158286654309,4582.304605765801,6,0,0
466,0.016473934122764988,3399.0876835783893,8,1,0
575,0.3737564852912384,4984.234131551201,9,1,0
73,0.36580397218426197,1905.4268079569392,5,0,0
675,0.13732409643424415,3719.437119969298,5,0,0
761,0.09528802325859692,3309.2064437757203,7,1,0
387,0.190668488457584,3929.0058891669155,3,0,0
695,0.29368720006290444,2376.4509396520048,6,1,0
900,0.10528889101459338,3549.7362972827304,3,0,0
299,0.33688127462346623,2739.2837924496075,0,1,0
685,0.14111429805905557,1478.4662510579694,4,1,0
715,0.32772672824678206,2761.5522578561563,5,1,0
891,0.05047384081802031,3345.573484250906,8,0,0
398,0.3047529455024916,4918.774420322442,1,0,0
834,0.01878644292230508,340.2714690909226,3,0,0
727,0.3361634049968206,4441.661355576565,6,1,0
58,0.23801035344005994,2154.25886360638,1,1,0
963,0.10887435241701099,2298.4338356506473,6,0,0
485,0.21698792456014754,822.7944364746407,1,1,0
87,0.3738502570065448,4753.111104513959,2,1,0
684,0.3736487787799284,265.42491751102557,7,0,0
372,0.19029359744888352,3881.4054635467623,3,1,0
819,0.2322594324058594,3144.351344575354,3,0,0
233,0.13475531060914864,3918.100847886843,2,0,0
787,0.2880404395072469,1850.619697159592,5,1,0
251,0.3481729780476404,4582.123720683296,2,0,0
725,0.015810019118731977,785.7559005272275,0,0,0
738,0.3197810490169803,4406.2805330037145,9,0,0
765,0.3766012825702479,3153.5925779753097,7,0,0
171,0.3637178687077408,171.67898830784193,6,1,0
946,0.3686096117856524,657.3932117196697,3,0,0
126,0.11221261124776655,4268.806136884284,7,0,0
185,0.1546242588125707,151.87707010375755,6,1,0
977,0.21584872282046647,2334.3901593833834,4,1,0
817,0.2514215309995434,3365.6843862918636,2,0,0
31,0.3287841528923062,3422.525605029499,9,1,0
503,0.22836529644292014,3095.7408200780906,4,0,0
851,0.04074498865463827,2214.281726722693,7,0,0
866,0.2609674820322885,1883.2926700104128,2,1,0
248,0.12557920067914286,2072.31622575454,7,1,0
675,0.15569096994629217,1621.2098618961068,6,0,0
92,0.18008107660689576,832.3094828930489,9,0,0
237,0.3910450073118049,2513.645944311618,8,1,0
266,0.2242628039412412,2514.588677785213,3,0,0
60,0.13172137969840464,3465.2322575371077,3,1,0
490,0.337115724874266,2310.254315328625,1,1,0
525,0.026848539299653418,1227.2122040186348,6,0,0
381,0.13592296699210116,4360.062399446923,2,0,0
275,0.0997293329420797,4797.281025084518,1,1,0
788,0.037197842882092436,4539.04597821582,4,1,0
443,0.25085640834424594,1290.5293302700043,7,0,0
331,0.3743492392195775,2280.80224700332,2,1,0
849,0.3998703218564196,552.2095371129709,0,0,0
281,0.027135592694686794,2652.8142285519443,2,0,0
863,0.15389637777396237,1679.9705205082091,0,0,0
575,0.27677939691863024,1754.859498265602,8,1,0
321,0.007478997296717749,1283.0284268087305,7,0,0
341,0.2901660951289545,758.6886358539293,2,0,0
1,0.3110045944044903,2912.3565344167573,3,0,0
885,0.028001154469500078,1309.8572518555263,5,1,0
428,0.19739375458535696,487.0780210329728,0,0,0
963,0.18214250064741627,2702.1716959872815,2,1,0
698,0.034566667908744686,4009.302550683021,1,0,0
594,0.0923569547849416,2081.158577764143,8,1,0
804,0.040103853906862996,620.3219781877573,5,0,0
689,0.054075378011832875,1350.454187531757,2,0,0
224,0.05809028712704456,1789.7011079643028,7,0,0
147,0.08108536356859403,2278.883440179477,2,1,0
701,0.08229963684978736,3228.7880891540594,5,0,0
26,0.17425457489104274,3212.4481077523114,3,0,0
681,0.008574077009180614,1887.318709496909,3,1,0
661,0.3099489758801739,3436.4870024466327,0,0,0
853,0.27433843757469845,2592.9463009443107,4,1,0
926,0.19205745562188464,1301.9510959041418,5,1,0
969,0.3054300417584252,88.65158089288914,8,0,0
814,0.3677391941666238,634.0366812057565,8,1,0
645,0.36239348747919303,4637.740951945571,0,0,0
908,0.3398702789281854,2882.9239637056203,7,1,0
718,0.1910269412555285,1676.408721659748,4,0,0
88,0.1562718261183611,775.1915355018219,7,0,0
778,0.3309391940223456,2182.2141927305256,8,1,0
130,0.1731967840250545,3143.6016898688513,8,0,0
281,0.09246300938640872,1214.7239207927505,9,1,0
922,0.14002660280827822,4344.542547194033,0,0,0
656,0.11154316726448743,1201.905591924914,8,0,0
116,0.05098418448146175,2960.5497982892907,5,1,0
439,0.28076229938657254,448.5559456597393,1,1,0
350,0.09873679184284151,3765.048891811932,3,0,0
620,0.39714035868133724,4604.889427081234,9,0,0
342,0.33583302860473524,916.4041717992432,9,1,0
920,0.3298725092033161,4358.867769687578,3,1,0
943,0.02698488071369587,3797.6256142571833,7,0,0
370,0.2596133720947639,351.0407436565087,8,0,0
821,0.03627350649332595,3426.7562422684073,3,1,0
184,0.23124510520279667,4935.268634692821,4,1,0
449,0.2117702886207541,3368.3607566549267,1,1,0
247,0.009816135693826666,2164.308445027979,6,0,0
860,0.16270248116479358,3524.671197776503,3,1,0
872,0.2908903054628606,1733.1194697150997,9,1,0
414,0.34395504572766217,748.651917304931,2,0,0
830,0.06657656447814997,565.1923908300531,2,0,0
140,0.3444778950855849,2636.721117983745,8,0,0
996,0.20562619923943454,3709.388944566267,4,0,0
702,0.32516166155870274,378.58400603278756,4,0,0
226,0.2671242114614127,960.2853114988188,0,0,0
310,0.3519263425664229,1537.2314107509396,2,1,0
646,0.3267167096239001,2230.6773942260666,3,1,0
889,0.1873521849835948,4760.46100943113,2,0,0
974,0.30801926416997855,1379.63530412548,4,0,0
925,0.1466780399969938,2632.985849104235,7,1,0
608,0.16742810728810598,863.5739597270617,7,0,0
662,0.08912507197898167,1821.0903426574753,3,0,0
868,0.032461811489920556,1281.0449063016733,7,0,0
116,0.2884416374884729,886.5566648111903,8,1,0
185,0.08979061425456508,4786.500640176412,8,0,0
445,0.3958475496008733,1617.53137453822,8,1,0
131,0.18775398888113087,4863.820988171777,3,1,0
273,0.14450316736723173,1877.34964393948,7,0,0
558,0.06739891420973854,3478.462523647964,7,0,0
727,0.18668927976842004,1326.2064115797484,0,1,0
788,0.08619523416785785,3818.2658886873446,6,1,0
162,0.26612290357089036,160.52771123924737,8,1,0
678,0.2647892082571252,1800.6792432550862,6,0,0
57,0.2900859349956519,3620.144311214653,3,0,0
164,0.03571919150441416,4116.182959650752,2,0,0
286,0.03933102915712933,3268.387149980423,0,0,0
153,0.3823881210625446,3554.503481846284,6,1,0
800,0.2825761523386445,3441.6386448221506,9,0,0
824,0.30676394208178653,1233.75796138236,2,1,0
985,0.0183148487994097,2490.426535419641,7,0,0
20,0.2857193257410087,3740.946697053399,0,0,0
676,0.14924654903748164,1845.638047945824,3,1,0
648,0.05087726425050787,4410.9978626015145,6,0,0
298,0.22690795686218523,52.22268925266131,4,1,0
678,0.2647892082571252,1800.6792432550862,6,0,0
777,0.12294896676324052,4704.08456636346,7,1,0
969,0.34449999249428415,735.3465756021765,2,1,0
788,0.08619523416785785,3818.2658886873446,6,1,0
749,0.37231572192702417,4160.887509176662,4,0,0
370,0.007887194885722981,1966.5692774251727,6,0,0
223,0.2565850081652822,370.28577435726334,9,0,0
944,0.1531993991809789,274.58854025542473,4,0,0
209,0.06543176297168934,1483.7477513845884,6,0,0
267,0.3213882750299325,1040.2437040745558,8,0,0
936,0.1914546640898928,4761.964152721118,9,1,0
699,0.23335766120195106,1481.5443930804738,8,0,0
659,0.3839381818168557,295.5830464765623,2,1,0
258,0.20946461196870947,913.2219179356064,2,0,0
732,0.0001203348714511332,3264.975074824249,0,0,0
864,0.01603226074208558,3669.7915587977045,6,1,0
849,0.13857217593667992,1527.0350632559096,3,1,0
696,0.2602852721495867,2391.0622245314885,7,1,0
435,0.23703210845275607,1071.848273912828,9,1,0
85,0.03083729181047873,4115.49610443026,3,1,0
914,0.0763416162424761,3609.3357190176207,8,1,0
529,0.05758195595226279,947.1616191647697,9,1,0
183,0.30193695591309505,2207.948294653855,1,1,0
822,0.2271139119034346,2714.1900957374864,2,0,0
581,0.19698891445862177,3317.931975320751,5,0,0
511,0.318813217473132,4084.167654168777,6,1,0
601,0.23732286163794425,2481.9228718550435,1,1,0
162,0.19699375385652756,313.9824738491608,1,1,0
728,0.22511814333630864,2721.2540984550897,8,0,0
324,0.21747276520368736,4569.976545047321,1,1,0
858,0.22501425600934366,3157.9653156337213,5,1,0
505,0.15090468483134684,470.23051952900306,1,0,0
43,0.373730801740877,3567.027715178902,3,0,0
483,0.061136426360674734,1543.1271399276836,1,0,0
636,0.09511396541006878,2999.624006461599,4,1,0
781,0.2571604661954557,3244.2673248486226,2,0,0
495,0.3539822034191983,1199.877259758882,2,0,0
96,0.05027847718652473,3520.8346558536405,5,0,0
613,0.13124250395029552,3938.1825944106295,7,1,0
401,0.0874730068455149,2630.7021771747714,0,0,0
574,0.3174768564861446,2033.634185032122,0,1,0
307,0.17792295562248528,325.2522452246125,9,0,0
631,0.12304956128815797,245.93946115319486,7,0,0
190,0.20209743980444067,117.16937102487881,5,0,0
796,0.08266221699027093,771.6507743417872,7,1,0
452,0.11782201971071093,1309.6896327877314,9,1,0
613,0.2743899296315058,3519.598399764688,7,1,0
288,0.15480037254275003,4016.0102298230295,0,1,0
187,0.14941291592433392,4056.4639919431997,3,1,0
91,0.0078582915096439,3588.491537290344,9,0,0
629,0.0904092395011975,146.27375033555484,3,1,0
154,0.03148570436685022,2769.2589074835114,3,1,0
966,0.00740443056631257,1142.420612553324,9,0,0
958,0.3441692057732824,3159.8701393595215,4,0,0
781,0.050143236239452826,1868.1819537629656,9,0,0
508,0.07652129858191065,4794.959524142077,5,1,0
131,0.15069918870859123,4830.629564660975,8,1,0
737,0.070389170006116,66.30148287622993,0,1,0
496,0.39910191287197094,1202.8775582168046,7,1,0
618,0.27164373785674367,72.77149931862634,8,0,0
427,0.2328159607795685,2308.354085409166,0,0,0
405,0.15807534588916428,4045.973910196774,2,0,0
776,0.22882280801677013,2540.0987827768636,1,1,0
744,0.17286512609649896,4827.50513454354,9,1,0
445,0.021468077433858535,1701.7086790107971,4,0,0
67,0.19084415287449796,2071.9015849442576,3,0,0
537,0.148839379281186,3669.6090174063356,2,1,0
826,0.34489562365643306,1534.7191212282676,0,0,0
685,0.10248997160217277,1625.5115079265177,8,0,0
112,0.08505062309408495,3577.557859586324,2,1,0
162,0.1312861857179785,3266.886344696022,4,0,0
420,0.2059969947460863,1241.1918268961638,7,1,0
365,0.31771396035148597,2060.312847774657,3,1,0
530,0.3506150762042504,2711.2502947927915,5,0,0
929,0.19829528719316486,3185.4801835535172,9,0,0
260,0.2615650564531122,219.94159756546875,0,1,0
532,0.33462854628982414,4222.377565138275,6,1,0
95,0.25387607593133216,2336.8917968300448,9,1,0
468,0.3284076155442245,4375.922212960259,9,0,0
574,0.171853546067809,512.2803889739137,4,0,0
4,0.11064203295747876,2964.7454732420647,0,0,0
973,0.05469996273016697,4725.348870276636,3,0,0
405,0.1590863457492132,4961.3759079857455,8,1,0
308,0.2407697238482872,175.77572997891212,7,1,0
227,0.17305425008220382,3335.9409840414387,6,1,0
907,0.28132049862404973,3034.890948491618,6,1,0
944,0.1876886769496599,2776.8192652940916,0,0,0
101,0.0927059089135871,3822.4988281033225,9,1,0
573,0.2586433838839633,2741.6973477502816,7,1,0
909,0.07076060122498007,137.6888020693978,7,0,0
170,0.003247507999628252,513.3091403269385,1,0,0
452,0.30998314573141694,3763.022211883223,9,1,0
779,0.13628656795684074,389.0605200752609,6,0,0
187,0.18299820414496792,904.385984743592,5,1,0
618,0.2599990620184609,3909.2270209611233,1,1,0
869,0.03831120099610136,3562.1639147041597,5,0,0
639,0.20546078484691943,2210.1100810910084,7,0,0
995,0.3760614191243137,3289.07309201575,0,1,0
622,0.06291934525683457,4360.2816075546425,8,0,0
808,0.1952871887962344,109.30015684705269,3,0,0
101,0.18016056884578135,477.3666137754327,8,0,0
520,0.146207541942124,1269.4976021893256,8,0,0
401,0.13651167587606106,3782.082983569227,9,0,0
535,0.014631054583666092,2607.540665620476,6,1,0
614,0.019447906123413072,687.8132742305169,3,0,0
171,0.02818909564527622,4718.711553234937,0,0,0
850,0.0746055739815843,1419.9004436489531,7,1,0
749,0.23155901697522518,2766.2959940439164,2,0,0
687,0.1846604721058378,4742.860087458315,1,0,0
485,0.28554658121725734,1556.3358685756202,6,1,0
401,0.03501731181589063,3805.5033955089566,6,0,0
51,0.016505967950163625,1903.5268938152524,6,1,0
150,0.31061326524008365,1046.2031464792926,4,0,0
444,0.3235556304870473,3255.6381237344203,3,0,0
283,0.12446449385729685,1373.8548012572878,5,0,0
631,0.35248516690360293,902.2561957033946,6,0,0
237,0.29822312444942234,74.45450977453831,5,1,0
504,0.19508535763586154,2083.0816713140193,8,0,0
672,0.13708201883615007,3858.856672516194,1,1,0
610,0.29649135048371605,4865.423664277562,3,0,0
256,0.27040614124121765,4516.727752763077,3,0,0
871,0.006790793949384866,500.2506077937736,5,0,0
618,0.22914160819313656,3168.7470150832255,2,1,0
704,0.1799412988772774,1947.634569718433,3,1,0
691,0.02144850549678584,4898.349026042285,5,1,0
41,0.025750149732733485,2382.5625184808805,1,1,0
704,0.0821462837632575,989.7035968506384,1,1,0
349,0.15218389171477548,2541.3388391785606,0,0,0
731,0.18613982840495402,1182.6366061949016,6,0,0
300,0.24337552417615776,1697.8591886250558,0,0,0
321,0.18285792858952354,1877.809647043199,5,1,0
86,0.018676468217777464,195.12216345499058,7,1,0
293,0.21930571796982185,3110.091697179564,0,1,0
578,0.303979675416171,599.1121291582344,5,1,0
696,0.2602852721495867,2391.0622245314885,7,1,0
533,0.3787010991655137,4451.5474173814555,5,0,0
887,0.2813977676041256,3269.974923344005,0,0,0
59,0.2529827815100015,1098.169992967441,4,0,0
618,0.03833619098414498,4774.651908816248,5,1,0
209,0.020123437094102026,2842.356951552937,9,1,0
210,0.2995593424100541,898.2536082126564,5,1,0
593,0.028352325685023327,1203.1397577727255,9,1,0
317,0.35239349342013265,1752.4420979327856,9,1,0
739,0.03960657500418541,4476.6994574842065,4,0,0
935,0.35697103991337703,4949.65102753453,3,1,0
136,0.383584070172176,1700.1648584771715,8,1,0
270,0.07253269732021178,1258.590298341578,0,0,0
660,0.011224624215662338,815.3073068483561,8,1,0
990,0.11227973463444818,1455.9419076037723,8,0,0
532,0.24031036680832196,4397.007878909449,9,1,0
516,0.07008271669136518,1590.7402776403383,9,0,0
14,0.18312059056680752,1874.220893064964,0,0,0
864,0.1469613644857523,569.1125440055123,5,1,0
936,0.3396235006621373,2091.786886382918,8,0,0
65,0.37846382967072073,2933.980672982319,1,0,0
558,0.06739891420973854,3478.462523647964,7,0,0
925,0.0272559449554296,4167.965261891557,9,0,0
516,0.3758972936836282,2522.7498454523916,3,0,0
672,0.19173141727384624,4353.811856257344,5,1,0
153,0.14355455546378487,4989.933184048529,6,0,0
472,0.27562065906130884,3939.7766724862336,0,1,0
112,0.019293100404089214,1907.0353896926017,4,0,0
294,0.2304603864598298,2096.202764581346,4,1,0
566,0.22125474066461448,2956.59891731223,8,0,0
799,0.18260847756699267,378.17995290671905,5,0,0
915,0.299282175079155,1887.8644943455993,1,0,0
666,0.32233614303614216,2245.772808581751,2,0,0
971,0.05994401574192271,4391.9410199891545,6,0,0
132,0.02014062908313574,2269.0280339132446,9,1,0
988,0.28517471400438055,3162.6085188808333,3,1,0
133,0.2615790004029913,4785.339898176487,6,1,0
749,0.2691001957049102,1056.9661356629808,3,0,0
414,0.10949011494577876,740.0164739584026,8,1,0
39,0.13212196840610618,4015.211235125502,6,0,0
239,0.05757789370143518,3603.71055079396,2,1,0
836,0.02623024645599703,2219.459183606632,9,1,0
266,0.05409309744001939,1178.0708336641374,5,0,0
7,0.2605510071472476,1409.9089471959926,0,1,0
321,0.32298213124958064,4713.5104030996445,3,1,0
198,0.08545264497213678,3405.006935160186,1,0,0
948,0.2973881073954175,4653.156781234733,3,0,0
887,0.17788704210033007,1349.5114760009922,0,1,0
481,0.2342690226078446,504.0120958378082,7,1,0
390,0.17171030806533694,327.7518186727139,0,1,0
95,0.25387607593133216,2336.8917968300448,9,1,0
697,0.24274882014133176,56.22113719936536,7,0,0
567,0.1589523368866418,4035.8449880818553,0,1,0
954,0.25822217095141076,3559.336178626096,3,0,0
362,0.010246023438987228,2342.8195959289687,0,0,0
763,0.09221675279840152,543.4656810414879,7,1,0
905,0.3355450872479594,3661.7247594326195,3,1,0
709,0.19281029869304595,1566.8739950702238,0,1,0
273,0.3463907532141718,3366.4795739699284,5,0,0
135,0.32722994641293734,1958.8980040820963,5,0,0
761,0.05576667017583825,3010.602014100567,0,1,0
255,0.1959780700710761,860.394107439342,2,0,0
685,0.10248997160217277,1625.5115079265177,8,0,0
926,0.19205745562188464,1301.9510959041418,5,1,0
935,0.3531843859251538,2431.8393126053525,1,1,0
781,0.050143236239452826,1868.1819537629656,9,0,0
518,0.2451790175825937,4298.012830903528,5,1,0
198,0.08545264497213678,3405.006935160186,1,0,0
721,0.18555304554976948,1214.0859043303485,2,1,0
528,0.26873403225265263,2531.9456725096757,7,1,0
575,0.0659914990062036,4103.590212010426,1,0,0
469,0.23260271656083553,3644.099745557033,1,1,0
241,0.396946680881036,438.66602902095184,6,1,0
550,0.033533825770144465,3805.6682941585386,1,1,0
471,0.3698749736952428,2263.722862473079,5,0,0
107,0.10491329154528067,3453.33418973384,7,0,0
690,0.20852660185146032,4187.176971510542,8,1,0
132,0.02014062908313574,2269.0280339132446,9,1,0
606,0.25046934587494724,3133.730585145109,4,0,0
314,0.21896538192368542,355.6610356304996,9,0,0
177,0.2467443568691744,4516.361679265092,8,1,0
825,0.036529323016390725,4106.52293559764,7,0,0
366,0.27549462224811166,939.5479961336547,6,0,0
86,0.13118479264448735,2298.621641909518,0,0,0
766,0.22361014260118217,972.2205118709667,4,1,0
131,0.05344264774453028,509.08178586444023,0,1,0
300,0.3262423642030788,4205.384134499341,2,0,0
40,0.3702594698089337,1343.8739699650762,7,0,0
772,0.36845659931875796,3935.024988534344,4,1,0
520,0.3787312616703443,4374.762348780913,1,1,0
251,0.05483191481672095,910.3081330254316,6,1,0
966,0.00740443056631257,1142.420612553324,9,0,0
438,0.25503011427207184,2458.641168660793,1,1,0
471,0.21648377349952674,1576.2009380076704,9,0,0
622,0.2306352665761358,1066.3271899547556,0,0,0
102,0.27838435994874533,4644.291916553521,7,0,0
656,0.26880285336320653,2923.1278249128545,1,0,0
884,0.23256179957388978,1955.3231709740555,3,1,0
606,0.02845074024881078,1858.4623543827179,2,0,0
217,0.29706819573877563,2832.217295291344,9,1,0
813,0.2364128124481512,2608.508240676213,6,1,0
859,0.2556490121852443,2184.3628156012965,6,0,0
483,0.23605837211662045,3056.8073134310653,4,1,0
398,0.3047529455024916,4918.774420322442,1,0,0
480,0.06616527806004568,4540.962148942662,5,0,0
251,0.06601758844499778,2870.6509773505845,2,0,0
13,0.2582562313122873,4036.81143060694,4,0,0
944,0.3665765115532927,3418.087050806958,5,0,0
119,0.3779431897839082,1770.5798170373264,6,1,0
562,0.3381984932468698,1717.5036133870308,7,1,0
528,0.012924331920036725,754.2805979946548,4,0,0
844,0.10660709783007222,565.4175740650998,6,0,0
840,0.004771676533613323,3132.3669613530533,3,0,0
421,0.2845534901814019,1597.1655821777993,0,1,0
751,0.22339183825410575,1589.4639251078015,5,1,0
784,0.38658384587347944,1657.3651297045553,4,1,0
285,0.22932494904053796,2668.025134332625,5,0,0
851,0.04074498865463827,2214.281726722693,7,0,0
201,0.36323577174791577,3790.523196993822,5,0,0
376,0.15519904764792242,4187.374641503708,8,1,0
583,0.3396577699830017,2540.9972805767,8,1,0
968,0.09982432097801153,228.7817262473152,7,0,0
806,0.15285106790524428,1311.3481989255708,3,0,0
221,0.3720633428571851,4584.202685849423,5,1,0
840,0.39236170758967914,2871.6870544874782,0,1,0
246,0.07757988946917477,595.260515919153,0,1,0
254,0.09601682618074808,4288.869757936752,2,0,0
498,0.3976439245238421,1292.9461073473458,0,1,0
268,0.22571150180248517,1693.3582389473577,9,0,0
508,0.39236755704304965,4994.666416893498,8,0,0
65,0.08018711758333602,4432.676243662592,7,1,0
96,0.21549186442410156,1775.972380475585,3,0,0
193,0.34239770107507655,1516.2416770101834,3,0,0
820,0.2453237496703634,176.12319620271745,0,0,0
166,0.3338973964032849,4014.7755856007007,5,1,0
976,0.340730057712636,2931.7078206869323,2,1,0
39,0.24136419373839169,4572.3597182116655,2,1,0
853,0.3192389583066195,1798.9906106051403,4,0,0
145,0.3184107321421764,1145.7743694851702,6,0,0
717,0.16543344852286407,2987.485464900245,1,0,0
195,0.35251001743440585,4004.93560569334,6,1,0
70,0.34147084731266514,4241.724161716284,0,0,0
721,0.3179372636655035,4625.815247549091,4,0,0
669,0.3647130469913575,4801.679506249257,3,1,0
750,0.074404357259088,4457.807975240736,6,1,0
870,0.25267683411891306,3543.153849939293,5,1,0
166,0.015080685753419476,4244.212918894952,9,1,0
367,0.15594507490221227,1274.8459139589797,2,1,0
410,0.17388251045731395,72.61586982434143,3,0,0
307,0.17792295562248528,325.2522452246125,9,0,0
893,0.2652365935988961,4562.45889193957,6,1,0
493,0.15119180305621344,934.1759647965296,7,1,0
732,0.09910313261775983,1667.8911507970427,2,0,0
82,0.06607168908493027,3117.2697283331636,3,0,0
753,0.1593021856413272,4074.7129217028228,3,1,0
692,0.11874302118109992,163.4047964612388,4,1,0
861,0.29994289402638735,1072.4124503560347,7,0,0
650,0.24379080169835804,4077.053590991683,5,1,0
436,0.28452182499783313,852.7993255491895,9,0,0
218,0.1129121938820169,510.2179015567114,9,0,0
80,0.0778239963807954,2369.6493014749644,2,1,0
922,0.14002660280827822,4344.542547194033,0,0,0
65,0.21123937528070502,3505.933634925113,7,1,0
529,0.28457549032728574,720.2362752225492,4,1,0
183,0.23583159139258014,605.7840489034181,6,0,0
341,0.31569484080723925,1858.1010630747703,9,0,0
378,0.18547732320451027,3958.485043791603,8,0,0
917,0.38175104236018315,4661.845712418042,1,1,0
693,0.1459649855365367,3588.3136248662577,8,0,0
136,0.383584070172176,1700.1648584771715,8,1,0
341,0.2901660951289545,758.6886358539293,2,0,0
588,0.26756025383670246,3640.563918339748,5,1,0
131,0.09872440854556586,301.6216878560758,1,0,0
972,0.39773096061073365,2375.2721292322335,9,0,0
811,0.2627225631810898,2054.3226638806414,9,1,0
327,0.26035189101980677,205.96447767856642,7,0,0
348,0.3699328997714587,4268.087556284812,9,1,0
134,0.029855452438195318,3707.8869756867775,4,1,0
814,0.09669132974941247,1479.6362611744457,4,0,0
544,0.3783695391178136,1767.876854777029,5,1,0
905,0.2004410675639552,2610.5132432326695,9,0,0
644,0.2824207183587133,2781.460369749423,1,0,0
635,0.24876000522672287,3576.1890044560487,3,1,0
287,0.12622375980492978,3781.499382967614,5,0,0
235,0.02672935630240908,2413.7439778103717,4,1,0
606,0.06336083547633853,160.71280368054096,5,1,0
704,0.1799412988772774,1947.634569718433,3,1,0
761,0.12549360315803537,502.88885183751677,2,0,0
633,0.39226825934244763,707.3437392033264,1,0,0
525,0.03195047102418691,1711.7466348061805,6,1,0
630,0.3668442296379284,4744.580867959851,2,1,0
934,0.2646953106737667,4242.93804481489,7,1,0
570,0.23863881626661765,3019.141518313737,1,0,0
87,0.004029144447767585,1950.861011320496,8,1,0
122,0.2309626021028675,4993.680109961684,5,1,0
460,0.23903127230697613,3059.126367151846,6,1,0
470,0.3243675694378671,727.0352012006007,6,1,0
441,0.2447937981215237,4850.360080420516,9,0,0
39,0.027732848632524676,4765.146689357177,0,1,0
567,0.12227022149214967,2947.9858994443216,2,1,0
292,0.10763638664483571,3556.3544737576995,8,1,0
956,0.13577522758874283,1898.9344132138322,2,1,0
547,0.2747447867559102,4943.355193975647,3,1,0
26,0.05024737961987702,3850.469272457688,4,1,0
739,0.25339169079115703,4010.682814800511,7,0,0
727,0.3361634049968206,4441.661355576565,6,1,0
237,0.10694786818739588,2860.2772609060453,2,1,0
393,0.06230753159456237,1827.9092599998426,5,0,0
447,0.2714631945498922,3384.9878910787247,9,0,0
974,0.24435308419580098,4805.743610707779,3,0,0
941,0.2646225284797365,4738.777617231898,9,0,0
952,0.13885781962028632,1762.851022492932,6,0,0
630,0.18043330099006877,142.12453096297895,8,0,0
450,0.06361244346850536,2361.2647789403904,2,0,0
596,0.28612169798422565,1135.3718495535663,1,1,0
276,0.35521235819339,2825.391155352848,1,1,0
131,0.05344264774453028,509.08178586444023,0,1,0
168,0.08646575731972267,4784.477282525798,0,1,0
928,0.3538513147748419,1417.2376816927847,8,1,0
589,0.22360687039689253,720.7774823494527,8,1,0
943,0.3028768652604672,3605.5368558557025,9,1,0
918,0.017587315765798306,4788.316276845935,4,1,0
871,0.28421597716525165,4389.91182250157,3,1,0
291,0.017166085571426626,1554.3452750900167,0,0,0
490,0.30753231492890565,2076.396978294426,5,0,0
529,0.07242641363412206,2314.858784090786,7,0,0
344,0.05097627479013872,4667.350381521246,7,0,0
401,0.13771495181973642,3174.7976703737377,1,0,0
362,0.06677154475277558,785.7030779602226,0,1,0
704,0.1375123862438989,3108.966581894171,3,0,0
611,0.0006839921817684003,2367.570422408555,2,1,0
179,0.31564465616636544,4119.46548648132,9,1,0
342,0.13677101450096846,4253.749703276778,5,0,0
667,0.26426993017814393,2105.972943128405,1,1,0
181,0.12610002530845643,1934.653396407924,1,0,0
111,0.27802621213998047,1535.9010034218088,7,0,0
619,0.2664451641957994,3516.5937447363626,9,0,0
727,0.3724326792331398,4027.87911763229,7,1,0
181,0.2458233750557371,4097.299862375844,5,0,0
75,0.0990543573357871,848.0157288604809,4,0,0
955,0.23005859160166275,224.21526059388006,5,1,0
149,0.3955360717390562,1176.3048397658715,7,0,0
900,0.3170151963025168,3337.189752318263,6,1,0
652,0.1732705348817622,1946.592514905775,2,0,0
247,0.2992308791240331,4870.826708500275,8,1,0
106,0.13699439077150904,4397.782109214723,0,0,0
320,0.19146869114580856,4345.572651021033,1,0,0
879,0.24638021199954502,2967.6329907251456,2,1,0
890,0.024742506776935402,2148.9507057065707,3,1,0
806,0.19839644073282658,4575.622860632866,0,0,0
397,0.1461955119238702,987.8094429191342,6,0,0
164,0.28249998559095785,1835.2725647067712,1,1,0
807,0.17271010008839932,4577.948446547195,3,0,0
939,0.33923430825231166,1452.533944823085,5,1,0
464,0.24177492539518453,1662.5112769430928,3,1,0
524,0.0027218545958452856,3748.5910994730634,3,0,0
237,0.29822312444942234,74.45450977453831,5,1,0
676,0.07339844868852452,1469.6918635024451,4,0,0
971,0.17047390082130487,365.3303572974153,2,1,0
564,0.11485115768106718,1976.8359418934551,6,1,0
431,0.3823312776146224,4577.925499072019,8,0,0
580,0.29251758435933095,800.8300994150512,0,0,0
792,0.15535766415572372,2108.8665533104845,5,1,0
922,0.3191857647853039,1904.1073308380505,2,0,0
624,0.33207638252724103,4530.243125274832,0,1,0
789,0.26773247482847706,3986.8605023405303,7,1,0
751,0.22339183825410575,1589.4639251078015,5,1,0
93,0.16362997258476614,244.1315813360722,0,0,0
103,0.12176416944976814,4461.027538544212,6,0,0
390,0.10589964429077386,2674.244085425171,9,1,0
177,0.2735306073993131,4548.158693673806,6,1,0
302,0.03425139628594703,999.4078094101312,5,0,0
925,0.07130002691484522,4620.862701276054,1,0,0
787,0.2880404395072469,1850.619697159592,5,1,0
123,0.3951413676864209,1557.8965691058363,9,0,0
632,0.18979967822416616,292.70466951012156,4,0,0
408,0.380339880610483,4435.2031382839605,8,0,0
511,0.3435949982343383,4787.569846348883,3,1,0
472,0.17889246292088312,2856.589770574785,5,1,0
457,0.09605381959971121,2695.062956856279,8,0,0
872,0.3733016023221019,3074.3195516396117,8,0,0
709,0.1389097473526903,4159.966740782776,6,1,0
315,0.05200622714254016,3319.752420775999,9,0,0
360,0.10418039453742867,4236.689866849974,6,1,0
631,0.12304956128815797,245.93946115319486,7,0,0
278,0.027554819970333377,3550.443455205258,4,0,0
201,0.014490295124988117,1956.9910558915135,1,0,0
221,0.28008594778367923,1584.3670547159034,0,1,0
300,0.3262423642030788,4205.384134499341,2,0,0
211,0.3132428199853787,3963.240713804908,9,1,0
100,0.21680301670476754,2316.4765582535388,7,1,0
499,0.09763666662358039,1738.8504614714125,6,1,0
803,0.3038549041135023,719.7332056885328,2,0,0
926,0.16926753851136467,4781.471728613093,5,0,0
734,0.289798363706337,3621.494618509802,1,1,0
526,0.20168215251317662,57.0953233028005,8,0,0
622,0.06291934525683457,4360.2816075546425,8,0,0
363,0.22448988703191985,4354.882004897411,1,0,0
296,0.051200174898000606,4726.8445041725345,5,1,0
416,0.3672023212716235,4752.3213685433075,6,0,0
97,0.3007132926124004,4729.349602896434,6,0,0
303,0.13133486766524227,2816.219971896346,0,1,0
794,0.1607709161989357,241.38376158159474,0,1,0
615,0.31629663415249853,146.12749617710432,5,1,0
900,0.10775642877388442,4293.128056761543,2,1,0
646,0.23367864416580586,4522.9737488666715,8,1,0
109,0.28728725173650854,3584.3633661789263,0,0,0
834,0.028547380254941968,2911.5697919255585,8,1,0
638,0.24165572434864696,2915.9951341935166,3,0,0
540,0.35951666939494376,874.2676171426137,5,0,0
909,0.07076060122498007,137.6888020693978,7,0,0
5,0.22852982963288815,1777.5010346700797,0,0,0
178,0.24875821343721677,1480.242360329999,8,1,0
331,0.1726719889631651,71.54829789660926,8,0,0
548,0.014895252016311089,4695.109856465986,0,1,0
800,0.10546366805325597,3698.764160426314,1,1,0
7,0.39305032330383555,4479.79066317646,5,0,0
425,0.31296755710972546,3525.40776994009,7,1,0
106,0.07957954199691492,865.6253694638353,1,1,0
210,0.38358966420183077,4730.397190571659,0,1,0
561,0.17995701810768172,3738.736208436262,3,1,0
506,0.27240098913798844,3299.825659131521,3,0,0
559,0.1940138091707571,3004.4062525805984,9,0,0
567,0.08404872388330492,3057.1066737728074,4,0,0
782,0.2430220992423271,2306.6526494644927,2,1,0
755,0.05481814126759321,2207.343211032148,2,1,0
738,0.08856072880120974,1874.1744565188924,5,0,0
340,0.10053909389693594,1020.0646731046373,8,1,0
525,0.02666503410337312,1978.2601937997433,9,1,0
328,0.2928020839197536,3717.022327974614,6,0,0
380,0.21107758246374003,3183.882329924257,4,0,0
238,0.32597717249208513,4153.950901044686,1,0,0
849,0.11357487338566347,934.3355715886821,7,0,0
503,0.13470894466478583,3753.963103266421,9,0,0
792,0.012492041140924726,2476.6389032365796,3,1,0
923,0.2705339293284112,697.7622783070697,8,1,0
790,0.23835596592840708,3610.646641333365,3,0,0
128,0.2656005234097981,3840.8364574640955,2,1,0
586,0.29638614966376603,4674.262487447341,9,1,0
348,0.1303375788702968,4108.589245924508,2,0,0
565,0.2856819848345786,3139.016465563531,3,1,0
752,0.29606161817550924,3552.2799414396486,0,1,0
936,0.3396235006621373,2091.786886382918,8,0,0
247,0.381928250100107,3150.5035051594573,2,1,0
171,0.02818909564527622,4718.711553234937,0,0,0
673,0.1702205400497092,4942.359674097109,1,0,0
933,0.1653513941996555,1729.6773133344666,3,0,0
83,0.36496175964291055,848.9097928367254,9,1,0
844,0.1037347190294386,1057.3007476745408,4,0,0
821,0.2035706922779557,4907.86929708503,1,1,0
442,0.03088119314509985,1261.5577962626458,3,1,0
703,0.33721627823429845,2795.6587009029486,1,1,0
570,0.3863720722732061,4360.65570254284,2,0,0
187,0.09696261215988694,4760.135053756225,0,1,0
770,0.19991622967510253,3967.2462265730373,3,0,0
277,0.33346770877860854,4959.400446726543,9,1,0
400,0.39559133369446725,3343.6877852424273,7,1,0
804,0.08769429260997202,1776.1756265614133,1,1,0
984,0.19581597797690853,4158.468547019057,2,0,0
602,0.1927105498649393,1884.7821861704451,9,1,0
596,0.34431365114749907,394.7253795160273,1,0,0
277,0.3511692170509309,2520.3311345576817,2,1,0
341,0.31569484080723925,1858.1010630747703,9,0,0
708,0.18944354516630263,888.8595967129211,9,1,0
636,0.09511396541006878,2999.624006461599,4,1,0
831,0.13366477418133843,3323.6482047737973,0,1,0
111,0.37136536472704507,3051.1724876229728,7,0,0
489,0.10252754670941788,4439.439260129598,6,1,0
245,0.10487925750566751,644.3460588957462,4,0,0
709,0.1389097473526903,4159.966740782776,6,1,0
601,0.17087442116296364,3410.579227911933,7,1,0
591,0.03583968983766733,234.2522911925062,9,1,0
106,0.33674490575659166,4124.943840864558,3,0,0
903,0.3852407265595149,367.6227796498703,5,1,0
661,0.21933388601578774,4017.1924877290344,7,1,0
359,0.3574053460656388,991.4233082054542,4,0,0
123,0.3951413676864209,1557.8965691058363,9,0,0
980,0.154646531861515,1423.7180132118112,3,0,0
181,0.27362302105014363,3750.6431060276727,4,0,0
658,0.08014673691041435,2636.814911592268,2,0,0
914,0.10392186070982451,3863.5376017208023,1,0,0
114,0.26557338168550615,3722.154616428257,3,0,0
476,0.2527929155921988,2336.1193470102726,3,0,0
913,0.2174007668849139,4758.07880972352,6,1,0
506,0.27240098913798844,3299.825659131521,3,0,0
563,0.3229174259584482,1686.2760544726136,0,0,0
946,0.05164673377632156,2463.0069160345356,1,0,0
637,0.36580217025973416,1176.4320500833362,1,0,0
693,0.128203579094345,4086.0029640443104,7,1,0
53,0.375165387909978,4467.183115111952,1,1,0
304,0.14803192035629292,2192.324974823959,3,1,0
221,0.32593247383359375,4495.076628632847,6,1,0
484,0.09170267430486984,1430.3101239294856,3,0,0
551,0.21611552975225412,4856.154404181111,9,1,0
340,0.10053909389693594,1020.0646731046373,8,1,0
730,0.194382326058455,4725.672955042678,5,1,0
184,0.2633727479024699,2333.9578875006578,5,1,0
547,0.3511066842041623,3514.1274800519486,6,1,0
118,0.13069865828019744,2646.49312504193,8,0,0
647,0.31727823387076237,2820.0939646549427,2,1,0
503,0.11459261971559837,3213.112341356494,7,1,0
640,0.10993097818448844,3783.2954053626017,3,0,0
384,0.3740726345515706,1126.6451303652098,3,1,0
143,0.2857944576483596,297.31172512560744,7,0,0
774,0.2510742263184926,2498.096107537753,3,1,0
785,0.3807707740380545,706.093320369125,8,0,0
213,0.20330292652304782,2052.356223676141,7,1,0
523,0.0854300996932324,1861.901498675173,2,0,0
223,0.2565850081652822,370.28577435726334,9,0,0
69,0.2784193473451205,3011.099384179601,8,1,0
989,0.1466330428714151,1230.1406463848461,4,1,0
402,0.2773458764236373,2940.118292390624,4,0,0
569,0.2666541812293704,1318.747930641682,3,0,0
109,0.06365963112764567,789.0409357605286,8,1,0
427,0.07656740030220194,3593.3068865418327,2,1,0
732,0.20790820629761309,4643.162370977257,5,0,0
650,0.24379080169835804,4077.053590991683,5,1,0
68,0.3327547043786067,4520.110693000998,0,0,0
3,0.025227785310061868,2208.0478667018715,3,1,0
849,0.2589824755606945,2817.7344307567732,6,1,0
276,0.25109057076956376,4786.117295969251,4,0,0
505,0.022790493539091294,2314.8081721613507,7,1,0
652,0.3398349866257613,4932.789452325408,5,1,0
605,0.028711739701122507,1133.3811713223067,5,0,0
454,0.15907609290208002,1713.8016023815114,2,0,0
472,0.3634384530698858,2849.8945800706624,3,0,0
994,0.21952074441057395,4560.358767071776,7,1,0
336,0.25704343743963687,3497.6679355826413,0,0,0
664,0.25232052797403764,2573.8934960727756,1,1,0
840,0.12433439174878502,3250.5841130169447,2,0,0
921,0.3787125516866624,310.73212321698185,4,1,0
573,0.25983394823296496,1680.794507989825,9,0,0
117,0.1979555753813418,2930.5431296545707,2,1,0
923,0.37971435247824326,847.5583387433768,9,0,0
673,0.17643892416605927,3213.818960968935,1,0,0
180,0.04198128172336335,3469.7133185569437,1,1,0
524,0.008856925304694507,1600.956603189083,4,0,0
420,0.2753452457353234,271.3735493022407,9,1,0
268,0.3123664259478072,1311.8865018034996,1,1,0
885,0.3202053184132671,3545.077763389759,1,0,0
772,0.1099997361183126,3654.699936567208,8,1,0
792,0.012492041140924726,2476.6389032365796,3,1,0
706,0.06881949902068213,1263.0291268060275,1,0,0
40,0.21241426658845025,3452.5131341029632,3,0,0
690,0.20852660185146032,4187.176971510542,8,1,0
950,0.13358263129399495,1900.5084255289871,7,1,0
205,0.19431547280355138,3480.7218092039107,4,1,0
946,0.059946693572436704,3809.6553631427278,2,0,0
344,0.34480400950020396,4566.572122811244,3,0,0
446,0.3649578147562888,450.5510902696127,1,1,0
646,0.18907066867188993,851.282802979924,6,1,0
616,0.25288641693460545,963.9046733497111,6,0,0
485,0.28554658121725734,1556.3358685756202,6,1,0
214,0.15822728826672883,2552.4523929424126,5,0,0
910,0.10031604507328673,4437.761119641556,2,0,0
919,0.1402302434259226,2475.0847524422484,9,0,0
903,0.24285768969800353,2384.258943655395,7,1,0
791,0.11842473529827313,2056.4445026777703,0,0,0
743,0.355841029677543,1039.5255213379544,1,0,0
833,0.2968753762035898,2664.3320099370517,4,0,0
841,0.060373317948340055,1441.7074198639525,6,0,0
457,0.09605381959971121,2695.062956856279,8,0,0
649,0.22398759606926333,3327.511031144675,3,0,0
230,0.08530056231082217,1054.0619306993672,3,0,0
219,0.0652931787806551,1944.1844165867547,9,0,0
619,0.01838889636654495,4711.58592291701,4,1,0
509,0.1375870134512916,3444.378852684874,7,0,0
17,0.2963480333214389,4308.421960832017,3,1,0
45,0.3793242963712236,3974.309531067711,5,1,0
528,0.09488944671561211,88.23944920417976,0,1,0
395,0.09210994964817965,4529.650177242502,3,0,0
273,0.24882267052317075,936.9921312800044,4,1,0
425,0.3301934191004443,978.6088712683032,6,0,0
615,0.01779107289673132,186.6994834482371,0,0,0
771,0.33998585504468815,802.2350998686957,4,0,0
184,0.2633727479024699,2333.9578875006578,5,1,0
195,0.14646260170156145,2190.7760020885403,4,0,0
519,0.3934843242183711,2053.919369456684,9,0,0
9,0.06818282692562067,3866.7300259870035,0,0,0
654,0.13029894318588808,775.302807917775,3,1,0
939,0.17143436976370746,3645.2511909998834,5,1,0
831,0.13366477418133843,3323.6482047737973,0,1,0
770,0.19991622967510253,3967.2462265730373,3,0,0
626,0.0013340840046431324,2127.084455933014,5,0,0
318,0.06317245101410002,688.3858770655885,6,0,0
452,0.2767307359624676,2207.201955528929,2,0,0
976,0.1289054370116688,375.5504606811495,1,1,0
492,0.32939305884045644,4088.1905745721365,4,1,0
272,0.2389997725271557,4672.122493043418,7,0,0
558,0.20122256922179627,1063.4620909181292,4,0,0
325,0.10660196569456754,4113.176134714509,9,1,0
621,0.0022522404901443305,1160.672752954418,3,1,0
141,0.3454756831339779,4715.374652870808,8,1,0
560,0.3240579221423477,3581.237978934455,7,0,0
658,0.20017779713497924,1851.1488800804775,8,1,0
359,0.10773471637460563,283.8458807596312,7,1,0
859,0.184528079670902,2543.909488667504,3,1,0
125,0.3760296842251841,3380.3613770131715,5,1,0
638,0.30434211030175046,1094.9077347276252,7,1,0
834,0.028547380254941968,2911.5697919255585,8,1,0
268,0.3123664259478072,1311.8865018034996,1,1,0
443,0.38598221717494174,2692.562644497316,3,1,0
78,0.28280176387402167,4418.960462329963,2,0,0
844,0.10660709783007222,565.4175740650998,6,0,0
357,0.15605973266960227,4533.138207980093,0,0,0
550,0.14318303394357929,2885.2011192439195,6,0,0
878,0.09267698786092476,1638.8298816388076,6,1,0
178,0.21709329598173477,3492.3199216303274,7,1,0
959,0.010321719772896643,2446.3817784581665,4,1,0
90,0.2808361035497788,3555.3430178504373,6,1,0
576,0.21196862794679072,934.2775580463409,5,0,0
135,0.32155217630892513,1888.2469439513413,1,1,0
699,0.23335766120195106,1481.5443930804738,8,0,0
192,0.1251035535891915,4475.184537814513,4,0,0
916,0.2998522067040501,3390.066126896744,9,1,0
798,0.23842140195772987,4968.817590771614,2,1,0
957,0.14887707683612217,2067.97189310983,0,1,0
111,0.03571138554557873,4583.579108238698,5,0,0
198,0.2562919515662552,4611.627668824031,0,0,0
495,0.2908927630972627,1858.4653341139256,9,1,0
615,0.3992704576410436,113.22986452007734,4,1,0
895,0.1296920105191231,2729.1972156646934,6,0,0
467,0.3207235813773549,872.3199278745044,8,1,0
317,0.35239349342013265,1752.4420979327856,9,1,0
304,0.1602249651873806,2482.0128028581516,0,1,0
589,0.03263499622516375,2194.2291794230296,0,1,0
91,0.38277168484460133,2863.318891451322,1,1,0
748,0.16094567126698195,1374.4089405477023,1,0,0
833,0.3507453077646816,2072.610292602534,9,1,0
745,0.34052505586522264,1355.7328396812377,7,0,0
766,0.22361014260118217,972.2205118709667,4,1,0
618,0.28814029664184715,1442.9986142116097,9,0,0
984,0.36759197177566183,2625.034916083758,7,1,0
166,0.015080685753419476,4244.212918894952,9,1,0
899,0.2653475948817607,2280.8474589911675,2,1,0
607,0.028547168953971858,4029.597624650182,0,1,0
961,0.3742823592268134,3001.229414701058,2,1,0
93,0.0714049628913348,1220.0038824931917,4,1,0
958,0.038151227087039774,3030.9318980286066,9,0,0
490,0.30753231492890565,2076.396978294426,5,0,0
66,0.15702200150882206,1324.3724898208247,2,1,0
255,0.02981979231438575,4966.661592319096,8,0,0
864,0.1469613644857523,569.1125440055123,5,1,0
494,0.33547945052177613,905.6309601229915,4,0,0
216,0.32951734054950066,3759.4466140813183,9,0,0
415,0.1605067219643168,2555.7048364672355,4,0,0
590,0.2835061627100861,4854.248668053719,8,1,0
10,0.38798842490762114,1935.3913840587454,4,1,0
107,0.08595627886355217,1801.6601800687697,8,1,0
533,0.3787010991655137,4451.5474173814555,5,0,0
582,0.08760118146202,124.14974998492352,4,0,0
190,0.3510412834422483,1475.2859457834873,4,1,0
258,0.20946461196870947,913.2219179356064,2,0,0
900,0.3170151963025168,3337.189752318263,6,1,0
48,0.046211458452535104,113.87577513770307,9,1,0
862,0.17078481647213756,2037.1964105036718,2,1,0
256,0.27040614124121765,4516.727752763077,3,0,0
144,0.20736631818507,2808.7955025162187,9,1,0
974,0.27106875465308333,2938.8238285466223,7,1,0
177,0.2467443568691744,4516.361679265092,8,1,0
484,0.2545789827813013,1477.290067583695,6,0,0
478,0.09898662776748379,2786.5106403138498,1,1,0
993,0.17538881150515606,3285.0336261973434,0,1,0
423,0.04621055022658932,241.51675977617973,0,1,0
161,0.36355222452925345,2622.903507372986,5,1,0
711,0.3479407871842425,634.5789469850582,5,1,0
990,0.11227973463444818,1455.9419076037723,8,0,0
949,0.19635426607210849,397.04347398533866,6,0,0
441,0.2372721750792781,4979.526183381974,0,0,0
40,0.21241426658845025,3452.5131341029632,3,0,0
672,0.13708201883615007,3858.856672516194,1,1,0
716,0.1569093901635808,228.86597208603294,5,0,0
608,0.3671750176676479,3261.799227037848,9,1,0
208,0.14528175578872765,1234.423441271375,5,1,0
179,0.3419419867231351,350.1782833857926,7,0,0
722,0.06294898827086254,288.4392385253338,6,0,0
683,0.018525996846746384,4765.379215628651,5,1,0
162,0.03150838943768541,1833.357785613142,1,1,0
459,0.075621669073483,1121.5307732836204,1,1,0
852,0.07832368918181676,300.17120218290216,0,1,0
413,0.09329001974656237,3276.2186283871,8,0,0
508,0.16923187562091524,142.50785214943508,4,1,0
865,0.2113512847635864,3502.0684297676157,8,1,0
710,0.3737985640497212,4380.118244391513,5,1,0
828,0.09328924962682067,1312.8013664738698,9,1,0
614,0.006194160951877914,2107.3299391215783,5,0,0
899,0.2653475948817607,2280.8474589911675,2,1,0
435,0.06914158670237386,2031.538951194009,1,1,0
258,0.21087749014209806,2314.4173060860535,3,1,0
866,0.24784538511435694,764.2721412626332,8,1,0
236,0.07683807425078093,1023.597693124679,3,1,0
199,0.37487643934851905,1522.7127884054037,4,1,0
4,0.11064203295747876,2964.7454732420647,0,0,0
109,0.32968759370974643,2164.656527941311,4,1,0
972,0.0772820033249414,3206.493019510235,5,1,0
378,0.0950427062999224,2416.733462592265,1,0,0
161,0.2921598658813545,1864.2601575953709,0,1,0
314,0.024039484243225107,2972.7111068967815,0,0,0
228,0.16323636490931032,965.8627460894078,2,1,0
179,0.31564465616636544,4119.46548648132,9,1,0
929,0.24156732278274973,1852.9084719461941,9,1,0
378,0.3361003317825561,2256.179798698394,3,1,0
815,0.3690908636104589,3448.151976633999,4,0,0
688,0.05254877510681916,2495.2369638791947,9,1,0
279,0.03716577568017293,3208.15349429262,9,1,0
438,0.25503011427207184,2458.641168660793,1,1,0
213,0.08145829650080955,1678.082990772636,6,0,0
846,0.07142921443324624,655.9789970119631,5,1,0
480,0.27685236144435266,2088.504061434899,8,0,0
532,0.24031036680832196,4397.007878909449,9,1,0
929,0.2721256886377869,4647.423506640212,2,1,0
812,0.3043989800901968,3711.8505493656585,4,0,0
284,0.20244859821958222,3487.256553544378,8,0,0
661,0.1982377143616938,3032.100603815919,2,1,0
401,0.07655125239939997,1750.9288808293322,4,1,0
893,0.2652365935988961,4562.45889193957,6,1,0
872,0.2865139801158609,1065.4141953863298,3,1,0
632,0.39739887741038826,3698.567572886983,5,1,0
840,0.39236170758967914,2871.6870544874782,0,1,0
807,0.34501291197032735,79.18985318209445,3,1,0
156,0.28741951892993745,4991.561112200436,8,1,0
770,0.19991622967510253,3967.2462265730373,3,0,0
133,0.351202682933101,1090.9613725090578,4,0,0
609,0.022801361913043106,2823.501939302002,0,0,0
337,0.2473090075550161,3476.469506130163,8,0,0
599,0.10316943929104444,2321.973309326611,7,1,0
430,0.23565220087825411,2512.121839113677,3,1,0
304,0.14803192035629292,2192.324974823959,3,1,0
726,0.3549148961410324,4451.86251638349,7,1,0
517,0.16288977187280912,4188.867600454766,8,0,0
958,0.36880154801721104,2783.3684742762416,7,0,0
594,0.04599225533539997,1023.1036085307031,4,0,0
73,0.007114111864582995,302.2078746786342,6,1,0
772,0.2965280949836788,1451.2283742893653,4,1,0
67,0.19084415287449796,2071.9015849442576,3,0,0
237,0.3910450073118049,2513.645944311618,8,1,0
221,0.2875307794081841,1578.3272822487397,2,1,0
583,0.1811141819693301,1507.8356644169464,7,0,0
221,0.28008594778367923,1584.3670547159034,0,1,0
297,0.2066016902984294,2852.750610262097,4,0,0
699,0.23455148747574495,1213.9580613957874,1,1,0
277,0.33346770877860854,4959.400446726543,9,1,0
111,0.22464791044812726,1182.6173029648671,7,1,0
336,0.04626427718335957,3496.0677381470496,6,1,0
323,0.16882808440046976,4507.227431559683,4,0,0
580,0.34508553530216607,2311.3353800488094,2,1,0
463,0.07965374112596796,4577.922087155086,4,0,0
403,0.38016411070206885,2885.6867196359203,9,1,0
780,0.32637987798806267,615.912440725951,2,0,0
932,0.23977056255311419,4481.831799018265,0,0,0
813,0.06632193722698276,3446.586636274255,6,1,0
606,0.02845074024881078,1858.4623543827179,2,0,0
384,0.2882578952443189,3233.5734064660605,5,0,0
649,0.1960699625580749,4671.260859460255,1,0,0
324,0.11137416218959428,3172.0413349371797,5,0,0
925,0.12755769666900035,4198.245591183612,9,0,0
480,0.27685236144435266,2088.504061434899,8,0,0
817,0.2784837668802242,309.79612087165367,5,1,0
419,0.14215984348914573,127.91286263147578,6,1,0
783,0.10700002471805742,3437.4892509823267,6,0,0
429,0.3817495377158526,1134.2234142608174,9,1,0
509,0.17167669320802598,2343.628566668292,9,1,0
230,0.16914279610495453,1700.4274928009709,3,0,0
584,0.35327490114141347,4633.911593923181,4,0,0
707,0.2518099689868007,2955.671584928881,0,1,0
391,0.15637055809420009,3095.1179808202023,3,1,0
5,0.10104046804326039,4060.260989619655,5,1,0
656,0.11154316726448743,1201.905591924914,8,0,0
378,0.0950427062999224,2416.733462592265,1,0,0
247,0.3931609030680385,1873.5669825940563,7,0,0
859,0.2860273195906907,2139.2397587801934,1,0,0
38,0.3496043387686885,3382.366779319573,5,0,0
853,0.18356641765513254,2219.8604849255657,7,1,0
644,0.17305549354705757,2097.4606696437777,7,0,0
283,0.06400885432083281,1365.811676576993,6,1,0
546,0.14539597211092375,3838.751974308395,8,0,0
742,0.39692164643393063,2327.5113309224985,4,1,0
268,0.22571150180248517,1693.3582389473577,9,0,0
57,0.22602188828990083,165.57339587689063,0,1,0
895,0.017358076091947283,389.10868767547953,3,0,0
713,0.2614907575529163,227.4285540065756,8,0,0
267,0.21802079145647513,150.8668780471466,7,1,0
347,0.3322253285466298,1185.5331021477864,5,0,0
440,0.12275090551373591,4125.578343999234,2,1,0
284,0.010822780673491794,408.86804032502,8,1,0
506,0.27240098913798844,3299.825659131521,3,0,0
376,0.2726195873638093,389.30170554911746,0,1,0
530,0.04603502285445127,1197.0385337575085,4,0,0
680,0.10402477411255007,753.0091183997109,1,0,0
518,0.3981428414714005,98.9222744885341,6,0,0
702,0.2668881968675188,2054.3996387051156,4,1,0
959,0.39665642319995087,2562.918028986942,2,0,0
575,0.20209606709334033,3115.7555491821636,3,0,0
385,0.37826958361312035,708.8526160631396,3,1,0
754,0.32144200749562646,2022.4277120513343,4,1,0
492,0.13612027125302234,3957.4115830186693,2,1,0
661,0.1982377143616938,3032.100603815919,2,1,0
881,0.08290311801514616,1191.9458110708317,8,1,0
381,0.24281536701606277,1975.3445038582897,4,0,0
831,0.24417731014060018,1566.120617955359,4,1,0
634,0.38520650744835727,2700.7987633019125,5,0,0
578,0.32366023671021615,2258.909830483572,5,1,0
835,0.250016957784804,2955.2508151209263,8,1,0
254,0.15090002793057755,2663.7677198789443,1,0,0
109,0.30150192021495575,4904.119119475407,2,0,0
826,0.2649476482769706,4084.3841660417315,5,0,0
125,0.2605480897900627,1054.708563770761,2,0,0
5,0.3530611392459285,2856.7733179769225,1,0,0
926,0.19205745562188464,1301.9510959041418,5,1,0
756,0.1205158689518055,866.0106449940204,9,1,0
89,0.27698497493913743,2044.3332746034782,7,1,0
346,0.2261833796032851,4292.566680180441,5,1,0
701,0.08229963684978736,3228.7880891540594,5,0,0
944,0.3665765115532927,3418.087050806958,5,0,0
639,0.3418941004449373,1867.2155698413687,7,0,0
476,0.13214987638687747,2909.462392654186,9,1,0
468,0.3284076155442245,4375.922212960259,9,0,0
855,0.32505027632527694,4106.639454374886,9,0,0
288,0.002962032727001185,3847.4078556089635,2,0,0
878,0.28325908279391504,2121.2481023826094,8,1,0
485,0.2447245993427697,707.4892169889658,4,1,0
923,0.18143290849755173,3426.8929993693127,9,1,0
343,0.2874552941035531,4495.8617536475085,9,0,0
405,0.1590863457492132,4961.3759079857455,8,1,0
289,0.22430662641483595,2187.5535300279194,4,0,0
974,0.30801926416997855,1379.63530412548,4,0,0
503,0.28096762675983167,1626.2352620826841,7,1,0
13,0.33787262758209163,3820.1773453924284,5,1,0
151,0.031437891057243816,3727.7881389884815,0,1,0
113,0.27353149545922106,885.0700932542065,1,1,0
706,0.06881949902068213,1263.0291268060275,1,0,0
753,0.2056275939551645,1711.6429353255824,4,0,0
78,0.2250320852078791,3201.44006876165,7,0,0
81,0.09814360007153805,2397.3887384613095,8,1,0
390,0.17171030806533694,327.7518186727139,0,1,0
309,0.397893365588251,1742.7959972114052,4,0,0
831,0.08553004626667582,2088.656472044997,5,0,0
443,0.04121663600949538,3954.4199920491924,6,0,0
818,0.1420176453253888,2856.2936571048444,3,1,0
424,0.29831526617857057,4340.579700794812,9,0,0
772,0.1099997361183126,3654.699936567208,8,1,0
658,0.20017779713497924,1851.1488800804775,8,1,0
491,0.07767165125500847,1105.4407278965043,0,0,0
243,0.23611321287810216,2357.2668984504053,6,1,0
764,0.2334390495615522,3577.4000642561077,3,0,0
161,0.36355222452925345,2622.903507372986,5,1,0
510,0.2250549293425148,764.8983817733938,0,1,0
18,0.3467569617874846,3427.6159342993114,3,1,0
728,0.016009026659725478,4574.290971396591,6,1,0
228,0.16323636490931032,965.8627460894078,2,1,0
849,0.3349166694081443,2339.211021847073,6,1,0
525,0.3727262067535102,4611.8365135996055,7,1,0
355,0.25262769512545513,1864.2331900165827,1,1,0
842,0.31755026874226333,2315.5369158476956,3,0,0
472,0.3634384530698858,2849.8945800706624,3,0,0
115,0.12377919781765445,3048.81177300948,1,0,0
575,0.0659914990062036,4103.590212010426,1,0,0
219,0.33240002193354246,1634.852838575722,5,0,0
995,0.16766450372946773,1395.827014051284,1,1,0
956,0.29336576369487594,2608.0060903630806,9,0,0
580,0.05907777497222716,3257.742530003819,7,0,0
885,0.3202053184132671,3545.077763389759,1,0,0
397,0.22399772733443407,389.67043028968396,9,0,0
984,0.022046108198766068,1907.2161992509998,0,1,0
341,0.3167320596178863,1585.8752870895182,0,1,0
917,0.33868767336483946,3933.0805303279653,7,1,0
136,0.3089076398794446,3473.9319184829624,7,0,0
667,0.26426993017814393,2105.972943128405,1,1,0
304,0.15262681455022153,2666.039803961134,2,1,0
765,0.2711021943596575,3342.7319316444564,7,1,0
22,0.14579406408057866,1113.3296173154663,0,1,0
208,0.15545601443108914,1905.8036981445396,1,1,0
303,0.2921341010322505,4286.298389051171,4,0,0
980,0.154646531861515,1423.7180132118112,3,0,0
131,0.018698495204398646,1392.5403683128695,4,1,0
40,0.2604143652703708,1023.0693966046568,6,1,0
237,0.009102651551599283,4303.102610783679,8,0,0
430,0.24617879726474484,2063.765593858805,4,0,0
898,0.12439853187657396,3773.7338316794308,9,0,0
621,0.16842499846768832,3454.5766440020643,0,0,0
923,0.37971435247824326,847.5583387433768,9,0,0
783,0.17492511804542743,2259.430838693999,1,1,0
180,0.21694402424273973,65.46553075448955,8,1,0
8,0.24093669197249512,3723.2507456129233,5,0,0
944,0.35717413770110235,1927.106402800843,1,0,0
655,0.06759152708571503,2348.4466304592697,8,1,0
587,0.39166834596231026,800.4633965772982,9,0,0
676,0.24862042394032174,3990.381961513733,7,0,0
273,0.10886244939945111,3699.381504345846,1,1,0
303,0.022172106281169612,1893.1671396125557,3,0,0
564,0.20734905915256407,628.8800838907481,1,1,0
691,0.02861834675840469,2710.1073549051553,2,0,0
429,0.3947275445160842,929.5305223387959,3,1,0
584,0.0743166077889425,3187.820973888156,8,0,0
825,0.34693158093786614,1047.147624916925,2,0,0
256,0.06649929353731959,816.6391887813355,3,0,0
188,0.20805927221592996,2388.3798457548532,1,0,0
546,0.30551170577096226,805.849211710476,2,0,0
424,0.0584173682053406,4915.123571472207,9,0,0
87,0.11110360349799098,767.4582848180771,5,1,0
480,0.24584389301688564,1700.3425343969961,2,0,0
526,0.08617460707248165,2839.5803257871676,8,1,0
309,0.17292942898763464,616.5996015739935,3,1,0
783,0.17918126782891425,341.4391849262904,2,1,0
562,0.31443644849408775,4975.720460935247,9,1,0
419,0.0059522344239251734,1943.4454111378734,0,0,0
319,0.14835565426434238,2991.6504124667945,9,0,0
320,0.21761535900471196,4103.868671736007,4,0,0
785,0.3559764940327752,4786.555730442654,5,1,0
983,0.32137595697977345,2148.0353462778544,7,0,0
47,0.3432932510572165,4241.524278874823,0,1,0
109,0.32968759370974643,2164.656527941311,4,1,0
88,0.3449118464488187,3486.5224635314107,1,1,0
260,0.35097360005990336,3317.1490476186136,9,0,0
921,0.014050841808822101,2055.1664554006074,6,1,0
268,0.22571150180248517,1693.3582389473577,9,0,0
201,0.36323577174791577,3790.523196993822,5,0,0
685,0.15079830372296177,4011.239750235408,3,1,0
349,0.1530979602410406,4766.324494060419,8,0,0
651,0.05535284440325544,4844.201875980534,1,1,0
861,0.13277879900620682,353.67041191509776,7,1,0
915,0.23415029572819257,4787.032139066037,9,1,0
412,0.34285361464303793,3288.2298852345266,4,0,0
901,0.18167361673242222,2660.5194323354144,7,1,0
518,0.2451790175825937,4298.012830903528,5,1,0
30,0.21792417975680412,662.4540365263358,5,1,0
275,0.0997293329420797,4797.281025084518,1,1,0
516,0.18836937266547732,1905.9586744456026,9,0,0
747,0.18964939633609373,4606.889409490978,5,0,0
966,0.009463820255731725,3512.0156819556582,1,1,0
640,0.10993097818448844,3783.2954053626017,3,0,0
66,0.2192199224807626,3972.43938606114,6,0,0
393,0.09920268199695198,1603.817638177676,1,1,0
254,0.09767948042430419,4448.909566652903,7,1,0
88,0.3449118464488187,3486.5224635314107,1,1,0
231,0.21327284930503798,2026.6876229895765,9,0,0
50,0.07029241562444849,4513.51072704857,4,0,0
314,0.3348772256091239,1898.6694313160922,4,0,0
500,0.38544920215940126,4207.546243479551,4,0,0
922,0.2572448011560194,3934.6466864978684,6,0,0
246,0.13266333367134236,3393.917692694854,6,1,0
332,0.3363866573645537,2005.416479769926,5,1,0
368,0.37211083640465376,4296.937101645716,0,1,0
483,0.37083040473815904,2919.660466258876,4,1,0
607,0.13014159858251173,3556.816836790602,8,1,0
327,0.18114771629478416,2114.1592595179536,0,1,0
471,0.21648377349952674,1576.2009380076704,9,0,0
449,0.3266447704506813,3274.289184445501,4,0,0
340,0.1910574322547593,3818.474593842113,1,1,0
511,0.16365659441484393,1893.276982535998,3,0,0
921,0.18498324720293474,287.47024108217704,3,0,0
630,0.29912439643959116,1401.7177521743079,5,0,0
827,0.39383842016787707,3618.084879009864,8,1,0
258,0.1123793889693443,2684.779144275207,3,1,0
171,0.35824493166628774,2727.61132437906,1,0,0
13,0.38114259761586217,1396.4151268593862,1,0,0
138,0.11053577640699591,347.1078980619402,3,1,0
96,0.05027847718652473,3520.8346558536405,5,0,0
648,0.2425659538571674,2732.387680548392,9,0,0
960,0.0156807844022942,1698.926961549112,7,0,0
943,0.05988346595544247,3714.9504485389634,2,1,0
327,0.25131505781062674,3738.109442227868,5,1,0
649,0.3152088091906772,2412.029165100454,4,1,0
73,0.007114111864582995,302.2078746786342,6,1,0
513,0.36693504360642076,188.28223206404792,4,0,0
872,0.3201903733221205,929.8783578969051,3,0,0
10,0.2937782009929393,3102.5166655636453,0,1,0
457,0.2705807795503292,4297.485720961651,1,1,0
305,0.3307239083065506,2510.1485096914676,9,0,0
921,0.2733397499443935,2929.7865458999545,0,0,0
148,0.215246791715755,1850.9451031387187,4,0,0
255,0.02981979231438575,4966.661592319096,8,0,0
702,0.1411569171053601,1975.7052026351691,3,1,0
58,0.19678891007287896,389.537777519084,3,1,0
796,0.2880796649129831,2480.0792152323374,3,1,0
850,0.38725205317766337,4575.596930571387,7,1,0
475,0.3598275366390571,2825.6594714546013,8,0,0
659,0.3839381818168557,295.5830464765623,2,1,0
194,0.07969513287446056,615.5158724202885,0,1,0
433,0.21151808954109247,4045.0418234807235,8,0,0
55,0.04664892773837176,1746.5334354505983,7,0,0
231,0.09634554734648398,1923.4515011004892,1,0,0
653,0.08017232195258284,3343.373860272875,9,1,0
299,0.33688127462346623,2739.2837924496075,0,1,0
14,0.004132648972929198,3631.4356659083046,4,0,0
361,0.2878926054447058,3766.6115942171214,5,0,0
363,0.19504301939010682,1622.8504445132314,6,0,0
290,0.31250972708405206,4894.051852869266,2,0,0
750,0.074404357259088,4457.807975240736,6,1,0
485,0.21698792456014754,822.7944364746407,1,1,0
969,0.34449999249428415,735.3465756021765,2,1,0
186,0.1781932392615141,489.5970230450574,8,1,0
511,0.25456770646079957,1194.7582832631088,3,1,0
503,0.13470894466478583,3753.963103266421,9,0,0
821,0.2035706922779557,4907.86929708503,1,1,0
686,0.030042578611365722,2167.798311342226,2,0,0
59,0.19143260774176946,1987.0045151111606,6,0,0
643,0.027342310376682777,520.7285132781142,9,0,0
290,0.3448178709575605,229.66657813320978,3,0,0
120,0.16784120032142086,4659.423567013242,1,1,0
776,0.21270774713625834,4643.866903048415,3,0,0
113,0.21249762020993163,1689.977343900807,6,1,0
272,0.11313866707190351,1146.2694860077565,2,0,0
896,0.018260189690686934,4490.163832169674,5,0,0
52,0.08859690624201905,4281.341994617133,7,1,0
118,0.34739449929939237,1102.8257008121425,6,1,0
500,0.30812032466530614,3284.303924156551,8,0,0
711,0.20917290374687902,3529.0912005254036,3,1,0
653,0.10329455608629612,2016.9119728249836,5,0,0
228,0.3835853592245304,1781.553306001612,9,0,0
744,0.3280555752390836,961.9341948463206,3,0,0
40,0.04232130360612568,1352.598621834349,3,0,0
162,0.1312861857179785,3266.886344696022,4,0,0
727,0.15266294951663317,779.979494188729,3,0,0
341,0.08181200010511691,3526.4328004234303,9,0,0
82,0.13311674725890071,3527.3461051793233,4,0,0
369,0.2235307777704118,3226.567002575503,4,1,0
720,0.13839004073288735,2339.8255524307883,8,1,0
675,0.17789656391049652,1925.4677787786125,0,1,0
956,0.19537649228350207,1046.4317753724445,0,0,0
659,0.288867885080421,1596.36700485766,4,1,0
934,0.10170650109915752,916.6358286435146,7,1,0
958,0.3441692057732824,3159.8701393595215,4,0,0
601,0.22149576932815912,2638.399721609606,9,1,0
129,0.35848763677677414,756.2698683318785,6,1,0
528,0.2885209309950125,1866.0149470878227,8,0,0
430,0.24617879726474484,2063.765593858805,4,0,0
827,0.3191750325653654,3444.785072551621,4,1,0
115,0.12377919781765445,3048.81177300948,1,0,0
86,0.12499936761191588,1523.4357840531572,2,1,0
549,0.1252567365819457,4968.42996407196,9,0,0
850,0.24747127095098442,2440.5848461885425,2,1,0
271,0.022238594401579992,3568.4521334635565,3,0,0
267,0.3213882750299325,1040.2437040745558,8,0,0
638,0.06454533086415298,1382.4899614138549,0,1,0
523,0.24142738249147339,4850.5569714229505,3,1,0
194,0.10113859054533447,1205.4915136246636,1,0,0
683,0.15584162842298066,1802.426687071313,4,1,0
192,0.14998695407726625,3955.670987673472,2,1,0
801,0.24427123322012856,2755.9152740018153,3,1,0
229,0.1896059531178172,4099.235250101252,3,0,0
236,0.04248491871612464,4183.3127242976525,9,0,0
577,0.13151808876946514,2053.7183918866444,7,0,0
422,0.10104158250396184,4449.345756768178,1,0,0
129,0.09917823412466653,3124.6647258931016,1,1,0
836,0.27907074670147114,593.4475790559577,0,1,0
552,0.37475820757839035,4049.0721168257983,8,1,0
361,0.2649553042804746,4961.721814258321,6,0,0
759,0.35268134544834095,1187.8497401481777,9,0,0
699,0.23455148747574495,1213.9580613957874,1,1,0
14,0.18312059056680752,1874.220893064964,0,0,0
944,0.3806943325524737,2077.0044564678165,8,1,0
767,0.14441970723875674,1584.016025319479,9,0,0
404,0.30000723874031776,2325.6477785485495,8,1,0
303,0.06812600702819094,2731.7516167146273,4,0,0
370,0.007887194885722981,1966.5692774251727,6,0,0
804,0.291877094391535,4060.965337096912,2,0,0
849,0.3349166694081443,2339.211021847073,6,1,0
655,0.19613352076177354,149.0727312060174,3,1,0
280,0.034845348365059814,207.42010205736858,1,0,0
70,0.21617799607338234,4866.191822466377,3,1,0
596,0.13437347264488414,4436.294056742663,2,0,0
406,0.162013977816924,1468.4572695183806,9,0,0
615,0.30836904028745143,3617.5414857031415,3,1,0
788,0.2749026296863474,2079.9145578252565,3,0,0
447,0.3740270345440581,4874.69499951754,4,0,0
905,0.29208086563802454,1883.2219628628407,9,1,0
790,0.20525832018127527,1965.5994448401248,7,1,0
529,0.05758195595226279,947.1616191647697,9,1,0
77,0.22933041051899383,2022.3715095581388,8,0,0
901,0.18167361673242222,2660.5194323354144,7,1,0
302,0.31014432629429245,4416.36024480752,0,0,0
922,0.10953330815618945,2747.9895619381386,8,1,0
288,0.39163884064118476,2650.096258501605,3,0,0
483,0.17503565613747646,4187.809376626428,0,0,0
471,0.34882319138986245,3305.7333315376072,4,1,0
574,0.2418569161953566,693.5344284022107,5,1,0
249,0.3457851888840281,3626.308028746273,4,1,0
654,0.059435552799098124,2665.2667259445248,9,1,0
51,0.3652081325098678,4600.516265878081,4,1,0
19,0.2605744527525452,1509.7711028273063,0,1,0
315,0.39348036349270454,4386.287464771342,9,1,0
289,0.3909662898941044,2382.623114361831,3,1,0
973,0.378008291232591,4649.395852768503,9,1,0
256,0.1111455269147773,3893.70181646002,7,1,0
511,0.3435949982343383,4787.569846348883,3,1,0
508,0.0937636114560833,890.913856992182,0,0,0
552,0.06836770136461762,4061.61547687085,2,1,0
509,0.10174399727765626,491.2265647400161,0,0,0
790,0.23835596592840708,3610.646641333365,3,0,0
517,0.03986927871473067,4956.914244156969,2,1,0
673,0.06230669283916368,3256.171107597417,4,0,0
628,0.176438675252167,2380.752134449173,9,0,0
872,0.2865139801158609,1065.4141953863298,3,1,0
619,0.09186417017071868,4900.46030677345,5,1,0
993,0.07040960906689758,1359.2968016357536,7,1,0
524,0.0027218545958452856,3748.5910994730634,3,0,0
149,0.2022455322259547,3273.586122345022,2,1,0
582,0.12219087317091926,4677.12462144963,4,0,0
268,0.22571150180248517,1693.3582389473577,9,0,0
849,0.3998703218564196,552.2095371129709,0,0,0
544,0.11849015919449235,4757.662713755156,4,0,0
7,0.39305032330383555,4479.79066317646,5,0,0
474,0.04777955197916761,2833.2937424206925,0,0,0
940,0.30187214428162823,1710.1027101536483,1,1,0
750,0.17476140058469902,286.69094607964104,6,0,0
747,0.1265211029099481,2084.274356182147,1,1,0
474,0.004433139066811698,2299.7308473140006,8,1,0
817,0.2784837668802242,309.79612087165367,5,1,0
833,0.19125086534286717,4736.852466766979,9,1,0
691,0.08770564582770551,4115.269023649515,2,1,0
50,0.07029241562444849,4513.51072704857,4,0,0
894,0.17479259789219603,4716.098425074339,7,1,0
920,0.2914764746822601,4703.046164627265,6,1,0
401,0.20255402729392835,3336.7802864250584,1,1,0
838,0.0626504482030546,4144.297715521685,1,0,0
685,0.10248997160217277,1625.5115079265177,8,0,0
108,0.359300831421071,3005.7831565840484,5,1,0
610,0.11945234783378827,4140.498547118341,9,1,0
375,0.0018580501359919954,775.7398533264957,7,0,0
634,0.3351598169907714,447.0781043933931,5,0,0
12,0.19970082937056677,4765.85578889286,2,0,0
613,0.2743899296315058,3519.598399764688,7,1,0
287,0.19743326157214608,373.5835442376765,4,0,0
443,0.38598221717494174,2692.562644497316,3,1,0
529,0.354399632453077,957.8768449058863,4,1,0
441,0.30934367485598563,1168.4898261563787,8,0,0
660,0.20387012346485972,2015.4877246687295,9,1,0
946,0.3686096117856524,657.3932117196697,3,0,0
276,0.27325802250861503,4453.564685212454,7,1,0
381,0.10948506355290066,1555.2199011331527,3,0,0
711,0.19846314031190693,4594.569226342668,4,0,0
141,0.3454756831339779,4715.374652870808,8,1,0
50,0.07029241562444849,4513.51072704857,4,0,0
508,0.10963285079629004,2720.076833335933,1,1,0
354,0.33641584496021504,2338.0432812436225,5,1,0
830,0.039802538496252815,211.26299284126367,2,1,0
593,0.029108756037669825,4519.418815235507,3,1,0
226,0.0026992710918387064,2096.770121317649,3,0,0
456,0.3413224411465657,1227.7854394730007,2,0,0
442,0.03088119314509985,1261.5577962626458,3,1,0
406,0.162013977816924,1468.4572695183806,9,0,0
940,0.07206783199469757,3110.6607460460846,2,1,0
909,0.09538707600835983,3749.258891749169,1,0,0
391,0.15637055809420009,3095.1179808202023,3,1,0
861,0.13066419797045092,4507.037608538661,2,0,0
789,0.1385227981417112,3387.5497724600123,2,1,0
460,0.2793111684330947,471.939474090962,2,1,0
334,0.08930395466182639,2245.4249127342105,1,1,0
618,0.3424683741206546,3958.343350097271,2,1,0
308,0.28491273866606687,1672.1315767833385,5,0,0
336,0.05403874683319415,617.7144242230165,0,1,0
72,0.27366234216974306,1155.4094840063258,2,0,0
849,0.2952018628269531,4980.433254526005,6,0,0
264,0.016824861699513305,3473.405714804949,4,1,0
923,0.2705339293284112,697.7622783070697,8,1,0
278,0.3385799789611604,524.1797253922438,7,1,0
205,0.19431547280355138,3480.7218092039107,4,1,0
156,0.08877895985661138,4864.3182069202085,9,0,0
629,0.020687191233629942,1215.6972588363658,4,1,0
113,0.2751756394193755,3982.113672190061,5,1,0
700,0.16636707699192776,4421.135759701208,1,0,0
984,0.36759197177566183,2625.034916083758,7,1,0
684,0.3736487787799284,265.42491751102557,7,0,0
457,0.33273648256864974,2429.9724137944036,3,0,0
496,0.024283326529647986,590.3900236837299,6,1,0
355,0.010586181867689226,3017.998528187779,1,0,0
635,0.24876000522672287,3576.1890044560487,3,1,0
141,0.15136468859485358,2456.0075153986036,8,0,0
976,0.25895358032014304,1171.3167938736467,9,1,0
350,0.09873679184284151,3765.048891811932,3,0,0
948,0.002434203827751613,257.2208388184545,6,1,0
996,0.34822110451877886,4282.734657584604,8,0,0
618,0.3424683741206546,3958.343350097271,2,1,0
147,0.2651316128191743,3526.7500135249024,8,0,0
42,0.22296197997567135,2358.7656838671783,9,1,0
528,0.2885209309950125,1866.0149470878227,8,0,0
468,0.06777050654541839,3841.1050881297106,5,1,0
154,0.1212886014489683,1593.265397709796,4,0,0
776,0.3582768198894998,4520.892006137816,9,1,0
624,0.33207638252724103,4530.243125274832,0,1,0
72,0.2127528664198443,2879.0038090667026,9,1,0
606,0.02845074024881078,1858.4623543827179,2,0,0
342,0.007323563636243369,4929.729417481762,5,1,0
211,0.3132428199853787,3963.240713804908,9,1,0
966,0.00740443056631257,1142.420612553324,9,0,0
947,0.2194543701031194,1512.9388952220397,2,1,0
96,0.3505721099833267,4432.149416690792,6,1,0
924,0.17376219354245775,2736.5863613145925,8,1,0
913,0.07724661810301908,2959.4505365555624,9,0,0
559,0.1940138091707571,3004.4062525805984,9,0,0
318,0.13720586050018757,1848.4512436900695,1,0,0
891,0.0026570845774310237,4972.99226584849,1,0,0
825,0.036529323016390725,4106.52293559764,7,0,0
596,0.3038428205254055,2381.236419335599,4,1,0
528,0.29661886078270866,269.72903566717105,1,0,0
201,0.36323577174791577,3790.523196993822,5,0,0
986,0.3895337571797348,2082.6661785045635,6,0,0
939,0.29540793744775384,1932.7036476852186,5,0,0
728,0.34834201675755067,640.9843474652563,1,1,0
574,0.12961274357257913,54.77656112564171,7,1,0
122,0.08356620865679387,2382.0045003475943,7,0,0
47,0.1633865490775226,3301.0364562168625,6,1,0
277,0.33346770877860854,4959.400446726543,9,1,0
972,0.33129163218697444,798.037445675945,1,1,0
663,0.29136192030862457,1006.8710299805208,5,0,0
92,0.3603761091388172,1022.8568501485581,2,0,0
661,0.3099489758801739,3436.4870024466327,0,0,0
552,0.06836770136461762,4061.61547687085,2,1,0
230,0.3081849655672912,3259.3051562457276,6,0,0
102,0.29082566633650336,3416.8778891335223,0,1,0
197,0.12033637492264343,1315.7221307979146,0,0,0
635,0.24876000522672287,3576.1890044560487,3,1,0
757,0.37689030054320766,3302.3764981549375,1,0,0
547,0.17190645181754471,3443.7539689500554,3,0,0
176,0.31069230403691445,4066.130422047484,5,0,0
33,0.22241967967026477,1249.989370280066,8,0,0
492,0.13612027125302234,3957.4115830186693,2,1,0
362,0.2196052554659373,2465.5017676621333,5,0,0
586,0.009030109879980264,4452.5865832208465,0,0,0
39,0.24136419373839169,4572.3597182116655,2,1,0
949,0.3163480207017565,798.6392376998216,9,1,0
142,0.1762179707632875,3345.7370292808246,3,1,0
972,0.16116241223471245,2264.4739660597666,6,1,0
629,0.0904092395011975,146.27375033555484,3,1,0
968,0.17812494730189005,3216.525207687558,4,1,0
727,0.3218599031624729,1728.8696756595061,2,0,0
730,0.194382326058455,4725.672955042678,5,1,0
529,0.23377192484688286,1382.8181038649582,3,1,0
400,0.05063259049370483,1010.202049924727,8,0,0
147,0.30193899481204395,1387.4625745101212,9,0,0
621,0.18399253859339332,4085.4266948896457,8,0,0
971,0.24936518254596574,1463.7721519387583,5,0,0
177,0.1264802472288145,2804.4491740494077,2,0,0
102,0.27838435994874533,4644.291916553521,7,0,0
371,0.3664611298152846,748.8706236696056,5,1,0
594,0.04599225533539997,1023.1036085307031,4,0,0
401,0.13771495181973642,3174.7976703737377,1,0,0
273,0.10886244939945111,3699.381504345846,1,1,0
884,0.18203143589832999,2285.7849539720987,6,1,0
23,0.17057466290984152,2008.1314539846787,3,0,0
45,0.325125359823095,2843.617505946453,7,1,0
449,0.2117702886207541,3368.3607566549267,1,1,0
161,0.05160832443949981,1079.9967767031824,8,1,0
327,0.30070536100180567,1041.8171189785862,7,0,0
866,0.32372346187562406,1823.739905528284,9,1,0
891,0.07808866522049362,1272.5753426696074,0,1,0
174,0.06965116935395715,2158.5665094885712,2,1,0
764,0.24500212538217175,3528.584641992621,0,1,0
324,0.3037358769542846,2511.4233244944644,9,1,0
73,0.29655638916236365,4663.489849057404,2,1,0
225,0.07863676703819661,2346.4656461846866,6,1,0
493,0.18559611807299697,2453.0756128892854,3,0,0
909,0.07076060122498007,137.6888020693978,7,0,0
652,0.1983946627072921,3542.737529753491,7,1,0
546,0.30551170577096226,805.849211710476,2,0,0
193,0.34239770107507655,1516.2416770101834,3,0,0
955,0.3576820576144448,4969.161709604596,9,1,0
226,0.33517681983089953,1699.2413035382729,5,0,0
485,0.26272028507619055,2624.8226109202474,0,1,0
567,0.14912857818824232,965.3791297103861,8,0,0
252,0.029812762193634434,2626.840989708405,0,0,0
168,0.08646575731972267,4784.477282525798,0,1,0
575,0.39446351197443974,1423.7675203258914,3,0,0
338,0.0426341708058387,1991.6284975681006,1,1,0
232,0.03865734344132726,4273.2242112810345,0,0,0
716,0.27345814639111066,403.461053853661,7,1,0
388,0.3614852622214874,515.9509261717174,1,1,0
239,0.16953842419344317,910.0906963376256,9,0,0
138,0.2656804158476334,4707.2428274936465,3,1,0
767,0.14441970723875674,1584.016025319479,9,0,0
127,0.12840674050861955,2151.5356317237815,6,1,0
694,0.025260113336167345,4866.125928462932,2,1,0
26,0.17425457489104274,3212.4481077523114,3,0,0
41,0.08258649975922389,2124.3225004159917,8,1,0
253,0.25960348730173005,2175.45078349439,5,1,0
490,0.3892103057678519,1757.515107665187,8,1,0
757,0.2470788017759022,857.5423873280206,0,0,0
49,0.23112762142205023,4294.148216055394,3,1,0
758,0.3790367507103996,2560.59984568975,6,1,0
98,0.32559615407543036,3536.3544365162356,7,1,0
797,0.33291541382593126,4811.527551189451,1,1,0
184,0.36460547425042655,3339.3414932622272,5,0,0
491,0.35022743271217893,1696.3506177600389,2,0,0
278,0.3385799789611604,524.1797253922438,7,1,0
392,0.37114937836697215,3345.554786869605,0,1,0
944,0.35556475900154494,1304.1259719632942,6,1,0
590,0.2835061627100861,4854.248668053719,8,1,0
258,0.21087749014209806,2314.4173060860535,3,1,0
196,0.3417080661468546,2751.791286683946,3,0,0
395,0.09210994964817965,4529.650177242502,3,0,0
958,0.1578605648852443,3603.6762885275543,7,1,0
43,0.06236805661083955,4633.911701233935,7,0,0
242,0.24150592777418933,2884.4553643059553,8,1,0
122,0.11015954931098376,3573.3646574973295,1,1,0
781,0.2571604661954557,3244.2673248486226,2,0,0
513,0.25179088870723015,4490.267052812313,1,0,0
130,0.1731967840250545,3143.6016898688513,8,0,0
988,0.22330095055332794,3105.2617011524117,2,1,0
852,0.009265616797166643,4501.430023054849,2,0,0
374,0.303101126805166,3719.2580697466424,4,1,0
526,0.20168215251317662,57.0953233028005,8,0,0
869,0.3503522880936841,2748.7436390101393,4,1,0
134,0.25011573946290094,3679.640593221333,6,0,0
568,0.28511898228852406,4955.453168462188,4,0,0
722,0.21164424420991818,4612.62661424009,0,1,0
573,0.30756329127515586,1836.9814068474452,9,0,0
956,0.1732504436828725,937.665465539233,9,1,0
256,0.04919274625348463,733.8691802650463,4,0,0
375,0.13439064908080206,4328.476478567898,6,1,0
378,0.29697031047170264,3825.6858150497483,8,0,0
688,0.018342002697271154,4959.691136476156,2,1,0
192,0.1530292264625724,1301.8365537773382,7,1,0
569,0.37647144384181863,1759.4048649267963,1,0,0
364,0.011064337210790809,2954.547576704593,8,1,0
985,0.35860961550521003,327.8780530285879,5,1,0
711,0.3271149889999372,2524.576219940957,7,1,0
767,0.14441970723875674,1584.016025319479,9,0,0
692,0.034253783670776194,1226.6784602511361,7,0,0
102,0.27838435994874533,4644.291916553521,7,0,0
474,0.1760692417801218,885.3313484455267,8,1,0
960,0.0156807844022942,1698.926961549112,7,0,0
579,0.27026462554446784,2061.089015683304,0,0,0
283,0.3621931779990223,1117.6722714657842,1,1,0
869,0.2972046919045365,1120.4695721783646,4,1,0
329,0.3454775600846362,2220.412048795853,6,1,0
78,0.37513591473588587,2642.567335746724,4,0,0
337,0.35734586695737847,4839.818324422669,3,1,0
133,0.351202682933101,1090.9613725090578,4,0,0
490,0.38282616835259153,3539.970135536396,1,1,0
720,0.19770250526485383,1027.3890078887398,1,1,0
135,0.32722994641293734,1958.8980040820963,5,0,0
638,0.24165572434864696,2915.9951341935166,3,0,0
652,0.1732705348817622,1946.592514905775,2,0,0
324,0.3078059759611795,4996.268154825927,0,1,0
475,0.24603909326782303,1640.1982725035984,1,0,0
694,0.33343331806027954,4622.865786291382,6,1,0
358,0.13797207370632314,4349.981899326304,8,0,0
812,0.3043989800901968,3711.8505493656585,4,0,0
148,0.11408295687545289,1966.575533248601,5,1,0
433,0.17276787517431308,4845.674535362987,0,0,0
454,0.21667781010894066,3517.633972180387,8,1,0
341,0.3167320596178863,1585.8752870895182,0,1,0
102,0.3725724049139102,3387.742952557824,9,0,0
129,0.09917823412466653,3124.6647258931016,1,1,0
405,0.15807534588916428,4045.973910196774,2,0,0
928,0.3538513147748419,1417.2376816927847,8,1,0
956,0.01518978997723125,1717.796929603042,5,1,0
111,0.21339518609695968,2969.2893180571596,4,0,0
229,0.02632787972553996,3886.7349200064155,6,0,0
388,0.27582762439522823,721.3237495477489,7,0,0
206,0.23511519349935756,4711.678032662344,5,0,0
523,0.3317784597792805,4228.493010222739,4,1,0
7,0.2605510071472476,1409.9089471959926,0,1,0
934,0.15439601490029797,3588.2133632671457,4,1,0
653,0.08017232195258284,3343.373860272875,9,1,0
401,0.06413838623128293,3704.9927959837496,9,1,0
814,0.09669132974941247,1479.6362611744457,4,0,0
672,0.2294034771345178,1683.4792278734312,4,0,0
206,0.2856069548073988,483.79729802453767,8,1,0
289,0.25137509580480616,415.45177885971793,1,1,0
814,0.06131402498900329,1261.882851388503,9,0,0
164,0.348273532142852,190.93256809026474,6,1,0
137,0.058201425582872945,244.0474204585109,3,0,0
872,0.34745918989075375,2047.9958549498974,1,0,0
718,0.35605902816706764,964.7011696169944,8,1,0
766,0.22361014260118217,972.2205118709667,4,1,0
682,0.11114138331929263,843.848652270706,1,1,0
334,0.25552633389728824,3544.294647461461,3,0,0
130,0.009844655987875539,1356.1064335069682,8,0,0
449,0.02254442800269496,199.87165158907447,3,0,0
546,0.051208358838879475,375.05445384272724,2,1,0
669,0.04777193728238316,975.0595246502484,6,0,0
957,0.32139134459297064,2441.313311656032,8,0,0
659,0.17215401665997965,3495.9580555732846,2,0,0
185,0.1546242588125707,151.87707010375755,6,1,0
251,0.06601758844499778,2870.6509773505845,2,0,0
727,0.3361634049968206,4441.661355576565,6,1,0
762,0.23577006329408262,475.593064531456,9,0,0
369,0.17403518543057006,2348.102002341117,6,0,0
247,0.06269061433824025,677.1185140807027,6,1,0
551,0.21611552975225412,4856.154404181111,9,1,0
714,0.04480686199766132,2665.201728713972,1,1,0
974,0.18708554679579004,3886.43526138881,6,1,0
397,0.04754682385536474,3747.91770634217,4,1,0
448,0.34755990797288366,4912.683857850707,1,1,0
274,0.09640139733830333,1952.4296477303214,5,0,0
642,0.020297992651186703,369.22730128046135,4,1,0
122,0.08356620865679387,2382.0045003475943,7,0,0
966,0.14545340366494336,4750.943188219172,6,0,0
231,0.08783604997795535,2009.8307655094636,9,0,0
490,0.337115724874266,2310.254315328625,1,1,0
189,0.016937732203375022,4578.363423251725,3,1,0
499,0.09763666662358039,1738.8504614714125,6,1,0
116,0.2884416374884729,886.5566648111903,8,1,0
300,0.027183089220091883,3354.9195894804125,7,1,0
602,0.25392507156874067,1890.2419515917002,8,1,0
837,0.1466980723928924,1284.1231422744765,8,0,0
128,0.36388202025647204,3563.540140074751,7,0,0
279,0.2931040830952545,471.9862218212614,8,1,0
824,0.05581872266059268,143.90717512922097,1,0,0
959,0.39665642319995087,2562.918028986942,2,0,0
641,0.11469675107719102,2400.8953474905047,4,0,0
625,0.20046936799817971,2440.985705193176,7,1,0
966,0.052698467414570016,3997.69707004711,8,1,0
446,0.3649578147562888,450.5510902696127,1,1,0
638,0.30434211030175046,1094.9077347276252,7,1,0
107,0.1572820754636826,2503.5386923697497,2,1,0
397,0.33388861322288066,4314.418183127409,8,0,0
261,0.07891536309056152,1313.5172958753926,7,0,0
972,0.016187688637204045,4784.089636927734,1,0,0
22,0.06110579179268366,2819.227561939343,5,0,0
945,0.24854465467539855,1689.9267852803318,1,0,0
680,0.10402477411255007,753.0091183997109,1,0,0
921,0.015146613239812812,3510.4320572331517,5,0,0
966,0.009463820255731725,3512.0156819556582,1,1,0
273,0.307725710192203,1684.3960646067549,1,0,0
167,0.06279105135508034,3174.2677929604006,1,1,0
884,0.2289024662796033,2320.8398833477986,3,1,0
549,0.37955319914954627,3528.678140992128,1,0,0
554,0.0018838472752665258,2275.1875876272707,2,0,0
957,0.32139134459297064,2441.313311656032,8,0,0
944,0.3665765115532927,3418.087050806958,5,0,0
819,0.12311855060310473,2925.172237802303,6,0,0
686,0.3155246966351103,4637.604476416412,4,1,0
639,0.13362934257353087,4634.561518145281,6,0,0
968,0.14780113875211065,3841.1033188317892,5,1,0
603,0.015547310971528006,4108.229541042382,3,1,0
318,0.13720586050018757,1848.4512436900695,1,0,0
427,0.2328159607795685,2308.354085409166,0,0,0
359,0.06666340817128757,3642.4947834296195,2,1,0
574,0.28754318069255763,2888.577431821276,0,1,0
611,0.24731797020779472,3489.38724200678,6,1,0
736,0.18324678958058171,3021.1157837594556,6,1,0
558,0.06739891420973854,3478.462523647964,7,0,0
919,0.2783661538796089,1406.4025511419184,6,1,0
216,0.009723129209773307,272.1976373065862,2,0,0
370,0.2596133720947639,351.0407436565087,8,0,0
247,0.06269061433824025,677.1185140807027,6,1,0
107,0.1572820754636826,2503.5386923697497,2,1,0
270,0.00784746767122324,2817.584206909858,5,1,0
319,0.1309646224241145,3143.683918867873,4,0,0
404,0.30000723874031776,2325.6477785485495,8,1,0
184,0.32051242881767733,860.3627799197992,3,0,0
213,0.0921247372472167,1471.1854902278337,6,1,0
519,0.25871627990648155,4734.268880787604,4,0,0
778,0.3069975620174086,133.04968561444764,6,1,0
660,0.20387012346485972,2015.4877246687295,9,1,0
603,0.36512208313512867,658.4876013555928,3,0,0
407,0.13051433264672463,261.63001185900043,5,0,0
920,0.2914764746822601,4703.046164627265,6,1,0
97,0.0960646636009333,1606.8836669430245,9,0,0
619,0.2664451641957994,3516.5937447363626,9,0,0
776,0.17263227602852654,211.37877165466534,7,0,0
315,0.39348036349270454,4386.287464771342,9,1,0
794,0.36145752646146767,3691.7983931694416,8,0,0
4,0.11064203295747876,2964.7454732420647,0,0,0
674,0.007847952798139823,1376.5753715898663,3,1,0
952,0.13885781962028632,1762.851022492932,6,0,0
194,0.3088096907769777,652.0163206321031,8,1,0
308,0.03520268120125708,2384.0060384104545,2,1,0
758,0.1612891972516678,3593.097890747109,9,1,0
248,0.23667294046380916,2286.257131108643,2,0,0
153,0.3206328546284349,4279.738436308563,6,0,0
386,0.2507820766603171,2013.2211931742318,3,1,0
162,0.19699375385652756,313.9824738491608,1,1,0
321,0.32740565001517885,2421.88264815326,9,0,0
197,0.12033637492264343,1315.7221307979146,0,0,0
364,0.023201443007562828,4662.822245090308,4,1,0
992,0.03154734059160785,1484.0912207180484,4,1,0
581,0.06705981135489508,3673.1131726349186,8,0,0
39,0.31197975471600714,768.7978492376192,1,0,0
80,0.0778239963807954,2369.6493014749644,2,1,0
134,0.029855452438195318,3707.8869756867775,4,1,0
656,0.25685193281127777,2681.7292406791726,1,0,0
695,0.1211178300379036,4946.292057800029,3,0,0
388,0.22263701238235228,1090.8998238586396,7,1,0
524,0.3691756385605974,345.84470782466383,2,1,0
871,0.10756029852302046,1035.5563374709582,6,0,0
427,0.3814994488559711,879.2759171061688,8,0,0
690,0.03289910889761949,3106.3873106243655,2,0,0
621,0.029281355260239172,2459.8736708810793,7,1,0
164,0.28249998559095785,1835.2725647067712,1,1,0
584,0.13777833506061438,1832.692337145531,2,1,0
926,0.056526483917255066,393.29077154205333,3,0,0
409,0.16044069951832168,535.2548335919514,2,1,0
466,0.15147258394504198,720.9471738769985,7,0,0
919,0.12126973663289992,4583.536929735794,1,0,0
646,0.13198336836779628,1027.272106582826,5,1,0
327,0.31181391643065803,4181.150531725018,7,0,0
187,0.27928671085413304,3700.237309178893,2,0,0
369,0.38228413187971516,3281.8951219425335,5,1,0
915,0.037391627979541986,2257.494606340337,6,1,0
116,0.22621724755877498,4110.788674559334,0,0,0
966,0.009463820255731725,3512.0156819556582,1,1,0
20,0.24832260619475222,3391.9896262724233,1,1,0
196,0.12838475776895658,2965.73756349582,2,0,0
669,0.06116928798107063,4881.113016601725,3,1,0
459,0.075621669073483,1121.5307732836204,1,1,0
238,0.12079250033541672,3606.319214964836,2,1,0
183,0.3741035591975638,1712.9799266050472,0,0,0
138,0.11053577640699591,347.1078980619402,3,1,0
62,0.3818015335440068,4806.270940595801,1,1,0
707,0.19153140606723368,817.4200889191184,5,1,0
93,0.15568772108166057,4315.98377887429,5,0,0
737,0.12512316263146844,280.50868699484136,1,1,0
254,0.09900151515377675,4708.084059154995,4,1,0
803,0.3038549041135023,719.7332056885328,2,0,0
483,0.23605837211662045,3056.8073134310653,4,1,0
739,0.3366021230079047,2889.715110440337,7,1,0
141,0.11247502193851694,398.137374287976,8,0,0
736,0.014241905274635758,2700.2156500692467,9,1,0
373,0.137585056244034,3063.570357867556,3,1,0
916,0.12761621717214172,114.23451971868414,8,0,0
207,0.07891349064989928,3314.2208775247136,8,1,0
751,0.17642205918675002,1813.0473035872792,2,0,0
327,0.25131505781062674,3738.109442227868,5,1,0
405,0.3909200955864939,712.892064047301,8,1,0
126,0.01714583915527118,607.7810764897587,5,0,0
683,0.018525996846746384,4765.379215628651,5,1,0
495,0.07795946795322795,3996.03138839349,6,0,0
849,0.3009131743165239,3322.510543664746,7,1,0
814,0.09669132974941247,1479.6362611744457,4,0,0
288,0.3807294167180793,777.7985456149731,7,1,0
487,0.32678111097901247,3292.8288041897335,3,0,0
932,0.13557112669029403,2489.484125702455,7,1,0
860,0.112668455727164,4505.861403451794,6,0,0
313,0.022852412319293747,1840.3055309110052,3,0,0
11,0.3415400867370677,1907.56113489115,4,0,0
551,0.32696568000856013,1093.9070092599068,3,0,0
860,0.16270248116479358,3524.671197776503,3,1,0
610,0.3892465497266895,368.40476291879486,3,0,0
734,0.2868139289714539,2727.932781002914,6,0,0
911,0.14147378401866562,62.21908978068015,9,1,0
214,0.00916919450532494,4909.992676653627,9,1,0
433,0.2967430026983351,4615.292985414345,7,1,0
624,0.3252924933230617,2147.670146558633,2,1,0
81,0.09814360007153805,2397.3887384613095,8,1,0
293,0.27258675361630996,3425.944542566224,3,1,0
619,0.312573045866677,1945.5896730555767,9,0,0
375,0.07937895755604168,4863.020386940992,4,1,0
631,0.35248516690360293,902.2561957033946,6,0,0
73,0.06019998334064397,4837.676142948168,8,1,0
348,0.041005370604093816,4521.571859311988,7,0,0
453,0.01256986287815709,2579.593873278042,5,1,0
692,0.11874302118109992,163.4047964612388,4,1,0
565,0.3137339493830364,2824.2539663269454,3,0,0
265,0.08395159830104443,4163.159912483468,2,1,0
107,0.10491329154528067,3453.33418973384,7,0,0
930,0.08709110332646403,2792.310304343701,3,0,0
148,0.215246791715755,1850.9451031387187,4,0,0
828,0.20547091661032374,4567.513540438018,8,0,0
348,0.010466014746036756,3591.0841713544783,2,0,0
267,0.005336143924417058,4183.225359913868,9,0,0
467,0.05301359497768943,3007.1403729196395,6,1,0
487,0.029501666999550147,3978.672862262962,0,1,0
985,0.0183148487994097,2490.426535419641,7,0,0
474,0.004433139066811698,2299.7308473140006,8,1,0
681,0.2696741024204399,658.1972547731377,7,1,0
422,0.08177689726509368,3216.2399875825577,4,0,0
292,0.371794703260613,4942.47151498776,9,0,0
230,0.024991357538775905,629.0917666278202,6,0,0
897,0.33858143823623654,3193.9367473325956,7,1,0
550,0.033533825770144465,3805.6682941585386,1,1,0
951,0.29931858941493067,2423.742440913086,1,0,0
160,0.10211931028493221,4150.001073582825,6,0,0
509,0.17167669320802598,2343.628566668292,9,1,0
588,0.3710112259398801,1442.053525386511,6,0,0
393,0.06243503845296133,869.5393996725026,8,1,0
107,0.2201108631280826,2281.740578957164,7,1,0
996,0.20562619923943454,3709.388944566267,4,0,0
99,0.24977416760233562,4091.0324361110347,2,0,0
833,0.05327974023388399,3057.808073686453,1,1,0
569,0.2666541812293704,1318.747930641682,3,0,0
383,0.06557811198262936,1510.4351200073318,5,0,0
690,0.20852660185146032,4187.176971510542,8,1,0
274,0.09640139733830333,1952.4296477303214,5,0,0
758,0.390558423104507,1612.408729643236,6,1,0
873,0.16905328171458833,2785.0528950276675,6,0,0
878,0.21604185642603396,942.1712093696758,3,0,0
369,0.28071918896656217,4829.481284493395,0,0,0
405,0.30502167272887576,4371.857699764204,7,0,0
658,0.16833691712684623,2756.184166909334,7,0,0
209,0.013601254357737846,4076.600129313333,3,0,0
24,0.17492618385183184,4092.5525492979864,5,0,0
837,0.1466980723928924,1284.1231422744765,8,0,0
563,0.3229174259584482,1686.2760544726136,0,0,0
632,0.20469456559170923,4711.553946254848,8,0,0
162,0.19699375385652756,313.9824738491608,1,1,0
833,0.19125086534286717,4736.852466766979,9,1,0
380,0.24438969411483302,3197.6907299945246,6,1,0
511,0.05619296614576291,1929.7354460173358,5,1,0
752,0.27343344970906414,602.0411501802125,9,1,0
894,0.2758523762976175,3899.647720256335,6,1,0
143,0.03469765747027104,2104.044585902472,8,1,0
529,0.23377192484688286,1382.8181038649582,3,1,0
164,0.348273532142852,190.93256809026474,6,1,0
640,0.0889398977303143,3900.556204841267,0,1,0
120,0.16784120032142086,4659.423567013242,1,1,0
568,0.1749016772557897,1110.9224216689001,2,0,0
466,0.15147258394504198,720.9471738769985,7,0,0
65,0.37846382967072073,2933.980672982319,1,0,0
502,0.2899026725833981,2944.067510700219,3,1,0
948,0.002434203827751613,257.2208388184545,6,1,0
849,0.32379279440090364,3109.765533965085,0,1,0
505,0.07255536774080257,1492.973259755629,5,0,0
778,0.3069975620174086,133.04968561444764,6,1,0
183,0.30193695591309505,2207.948294653855,1,1,0
273,0.22942066980139159,2440.157179847588,8,0,0
335,0.16953707424088815,2959.1753724567875,2,0,0
118,0.13069865828019744,2646.49312504193,8,0,0
362,0.05771378035213387,3456.456508532081,9,1,0
306,0.15047613820579409,1782.0629556888398,3,0,0
22,0.1715077382502983,3956.2848742690844,1,1,0
98,0.050638061915503185,4114.005735273804,6,1,0
273,0.22942066980139159,2440.157179847588,8,0,0
116,0.2884416374884729,886.5566648111903,8,1,0
662,0.022105371967850285,4536.913302875515,5,0,0
214,0.21572249615400518,1221.6951448846978,1,0,0
811,0.28338228192618786,2928.5375143163947,9,1,0
402,0.39173427571915787,4753.013589980115,0,0,0
828,0.20547091661032374,4567.513540438018,8,0,0
451,0.3412465168685744,3800.4371860260485,9,0,0
753,0.2056275939551645,1711.6429353255824,4,0,0
692,0.24650910424075156,180.44691553625955,3,0,0
840,0.263259723866618,2035.7675436187835,7,0,0
720,0.244946872192087,395.27975233567906,4,1,0
77,0.22933041051899383,2022.3715095581388,8,0,0
746,0.12318566657381363,2543.520203573415,7,1,0
495,0.30417502326583934,4738.655588592313,6,0,0
646,0.16984630923979355,2358.2454689326487,4,1,0
612,0.14485895906376778,1486.7327676150085,9,0,0
362,0.05771378035213387,3456.456508532081,9,1,0
766,0.0036364038470046434,925.5705537892843,4,1,0
75,0.2625769470558142,1991.6976215500854,0,1,0
875,0.02369928896558199,4419.484514158571,1,1,0
127,0.2898162291009091,1301.5057537179243,8,1,0
868,0.004015931937811468,771.2409998215591,7,0,0
49,0.2773495882916579,903.8994875752201,0,1,0
703,0.33721627823429845,2795.6587009029486,1,1,0
685,0.3090218395618687,127.81405100207664,9,0,0
254,0.09767948042430419,4448.909566652903,7,1,0
674,0.15477099593104404,4242.484381452784,6,0,0
822,0.2271139119034346,2714.1900957374864,2,0,0
116,0.05098418448146175,2960.5497982892907,5,1,0
193,0.04140213735727288,325.0858988010717,1,1,0
900,0.2732105061800514,1093.2963165771282,7,1,0
244,0.19696648932312355,144.84219555490984,6,1,0
328,0.06330991452251183,3642.1951330062398,4,1,0
126,0.01714583915527118,607.7810764897587,5,0,0
629,0.28679230347689455,2884.4885588978973,6,0,0
189,0.33289090177198855,1802.2695598575183,6,0,0
486,0.22609134268084713,2118.029173000477,8,1,0
474,0.16548145217922416,2909.0094164157454,4,1,0
481,0.24664041366928002,4824.350434457894,7,1,0
354,0.2770968483076991,4814.6362642735585,0,1,0
945,0.32073042616610986,3192.046751821107,4,1,0
553,0.24838505656358179,2218.1751224775016,3,1,0
912,0.26043701831744287,2575.4516816223495,1,0,0
381,0.2717680488236299,4467.1873498594905,7,1,0
191,0.09950884600749355,3421.5883090553007,3,0,0
654,0.3011281511886286,3600.676641050866,5,0,0
408,0.22367527450281283,4416.323120414264,7,0,0
515,0.2552848748076433,217.25136940087052,3,0,0
741,0.0028173799307145697,4987.418727756012,6,1,0
910,0.10031604507328673,4437.761119641556,2,0,0
450,0.3389343080288727,2583.0462954063423,0,1,0
813,0.2377318030845602,1666.194005379251,8,1,0
872,0.26077549195548355,2427.965586601485,7,0,0
645,0.3511624897098534,4286.002121782624,2,0,0
671,0.1808998399315282,2451.259770498374,4,0,0
444,0.3235556304870473,3255.6381237344203,3,0,0
746,0.329678693639422,1739.6062741145304,6,0,0
376,0.14623701661177874,4759.945849574041,9,1,0
939,0.33923430825231166,1452.533944823085,5,1,0
708,0.21624036520906048,3877.1407614489003,9,0,0
868,0.13425245862641766,3701.9392898907317,2,0,0
96,0.10280245951956668,396.18005373304845,7,1,0
103,0.12176416944976814,4461.027538544212,6,0,0
315,0.39348036349270454,4386.287464771342,9,1,0
23,0.372814166260251,328.53622386281717,0,1,0
609,0.022801361913043106,2823.501939302002,0,0,0
67,0.0803015732148245,2614.762871054471,1,1,0
947,0.24958491663133087,3606.73980020168,9,0,0
957,0.14887707683612217,2067.97189310983,0,1,0
410,0.13344964404938592,2454.4197152534284,0,0,0
88,0.26903377536741135,1028.536224186481,4,1,0
748,0.3869625284027743,112.80190845270036,4,1,0
923,0.3649556568961818,3188.5314989727817,7,0,0
255,0.08435082140187283,209.85356783408136,5,1,0
289,0.08698044384811277,3677.58243710031,3,0,0
665,0.32126591766968315,2231.2357502908344,8,1,0
752,0.1434078736035156,2840.6872322267222,1,1,0
185,0.08979061425456508,4786.500640176412,8,0,0
446,0.3649578147562888,450.5510902696127,1,1,0
108,0.39324151714795297,730.8737745900938,4,1,0
349,0.1449623813165143,4543.739417399963,2,1,0
840,0.13051419576792406,4156.443133248985,8,0,0
390,0.13003137402109533,4581.9101296557255,9,0,0
586,0.29638614966376603,4674.262487447341,9,1,0
73,0.21605144870581405,4297.251199667019,8,1,0
472,0.17889246292088312,2856.589770574785,5,1,0
893,0.0966893049395276,2889.2016343724795,4,0,0
156,0.06724505324775115,4942.663282959489,1,1,0
145,0.03056143766288344,1313.0189268341799,9,1,0
427,0.3814994488559711,879.2759171061688,8,0,0
642,0.16438714374629537,559.4131259829832,7,0,0
680,0.10402477411255007,753.0091183997109,1,0,0
584,0.13777833506061438,1832.692337145531,2,1,0
646,0.18907066867188993,851.282802979924,6,1,0
349,0.1449623813165143,4543.739417399963,2,1,0
39,0.022330608189449375,1717.4539417716303,0,1,0
494,0.11985453912122235,4034.387057699056,6,1,0
849,0.2952018628269531,4980.433254526005,6,0,0
825,0.15292905399742118,3995.255670987867,9,0,0
984,0.0789004385128329,429.6611222448425,5,0,0
676,0.24835306484838127,3112.177342769875,9,1,0
790,0.24436563448864373,1755.9591917041766,8,1,0
73,0.13666443833294534,2323.0369478071657,9,0,0
601,0.2883366588796006,2866.5293817831734,4,0,0
666,0.2906464877528242,3572.4813940964655,2,0,0
338,0.3986971789538893,3975.411373908523,1,0,0
106,0.02313095866999998,787.4646541294625,2,0,0
82,0.06607168908493027,3117.2697283331636,3,0,0
441,0.2447937981215237,4850.360080420516,9,0,0
758,0.10574537180417509,96.31204114176249,8,0,0
750,0.17476140058469902,286.69094607964104,6,0,0
736,0.38033067101180323,2273.033741138339,7,0,0
344,0.34480400950020396,4566.572122811244,3,0,0
580,0.34508553530216607,2311.3353800488094,2,1,0
661,0.17625923050272757,3849.9266842582706,5,0,0
591,0.33068019683065286,2992.660363239276,3,1,0
486,0.22609134268084713,2118.029173000477,8,1,0
806,0.3755736219757205,571.9746994699705,2,1,0
166,0.19065531997603896,3813.0420848528315,6,0,0
341,0.2901660951289545,758.6886358539293,2,0,0
491,0.07767165125500847,1105.4407278965043,0,0,0
470,0.3243675694378671,727.0352012006007,6,1,0
716,0.27345814639111066,403.461053853661,7,1,0
344,0.34480400950020396,4566.572122811244,3,0,0
374,0.3752992283720632,3551.1063184206005,7,0,0
962,0.04885205184529673,3388.663045771585,8,1,0
424,0.28506348741445725,3267.222967714028,3,1,0
935,0.2459339109586034,1152.8938698814115,8,0,0
273,0.14450316736723173,1877.34964393948,7,0,0
758,0.390558423104507,1612.408729643236,6,1,0
448,0.16212494781930753,675.0277282187965,5,1,0
629,0.26402372450189965,222.58623626927658,5,1,0
582,0.3115664603763424,230.37545621180075,4,1,0
656,0.26880285336320653,2923.1278249128545,1,0,0
299,0.33688127462346623,2739.2837924496075,0,1,0
796,0.08266221699027093,771.6507743417872,7,1,0
757,0.2470788017759022,857.5423873280206,0,0,0
465,0.007138490842916179,983.1844499869103,5,0,0
270,0.3508568170330476,903.0629300672958,9,0,0
196,0.3417080661468546,2751.791286683946,3,0,0
859,0.18964169586377227,2191.6067319091167,9,0,0
616,0.15287806375618734,2637.3947157019047,0,0,0
168,0.14993713422203248,889.4507040625314,9,1,0
362,0.2196052554659373,2465.5017676621333,5,0,0
149,0.2022455322259547,3273.586122345022,2,1,0
229,0.3117058656681323,2004.996132702452,4,0,0
780,0.06533631520663119,2492.909084287623,2,0,0
168,0.14993713422203248,889.4507040625314,9,1,0
118,0.268503643296962,1155.800448763374,4,0,0
936,0.10281074384967054,2334.4042023341135,8,1,0
986,0.23263928600600364,4247.940469265535,6,1,0
246,0.2445670158579536,4247.291900905211,6,0,0
621,0.0022522404901443305,1160.672752954418,3,1,0
339,0.2411257961512122,611.2345125546614,0,0,0
730,0.194382326058455,4725.672955042678,5,1,0
128,0.07964804623554828,291.7230214671567,4,1,0
547,0.2747447867559102,4943.355193975647,3,1,0
826,0.08299723033756262,2449.9886256128234,0,0,0
128,0.07964804623554828,291.7230214671567,4,1,0
999,0.3633022186659345,1760.0973082608436,6,0,0
197,0.12033637492264343,1315.7221307979146,0,0,0
656,0.049172460795106565,1776.1502135422254,3,1,0
902,0.15909373972819435,192.26150001200708,1,1,0
796,0.21428230630089606,1511.0654892285797,3,0,0
971,0.16162265852973584,455.3680145900238,6,1,0
207,0.22796221215970852,1633.5198178533506,3,1,0
128,0.2676904776910306,2884.022874437731,3,1,0
297,0.2066016902984294,2852.750610262097,4,0,0
669,0.01015523391667561,1090.0229293175296,8,1,0
688,0.23319680868019027,2559.615203408641,8,1,0
978,0.15386209468218548,3718.3727802459125,6,1,0
766,0.14804730845668557,3019.2507343899015,9,1,0
164,0.26850454284127767,2643.8226501322183,9,1,0
95,0.2881266475442961,4016.1447634754277,2,1,0
755,0.05481814126759321,2207.343211032148,2,1,0
877,0.3629265421691975,1123.0165113021453,5,0,0
98,0.32559615407543036,3536.3544365162356,7,1,0
216,0.05260977761908486,106.91496336662398,0,1,0
390,0.0906291458149408,1855.0942533140462,4,0,0
481,0.07438521411705884,4752.8347344433305,6,0,0
968,0.05313295239619792,1123.8192419029763,6,1,0
847,0.3111879657365871,2265.12634899209,9,0,0
203,0.26124840444529424,3114.7908136079286,6,1,0
802,0.05656796883701182,3391.521412130657,4,1,0
796,0.2880796649129831,2480.0792152323374,3,1,0
749,0.37231572192702417,4160.887509176662,4,0,0
599,0.24620539335768593,1662.8810848193386,5,0,0
114,0.04035422709699299,1126.2437071143552,3,1,0
731,0.26074431085294475,1647.1787141618358,0,0,0
490,0.2887047241469086,2313.816566078251,9,1,0
755,0.14947386403989016,3876.0306605832066,8,1,0
202,0.014899881864791631,4847.887749521188,6,0,0
526,0.3394504211151037,1151.6408631519712,9,1,0
634,0.25368273603241487,128.57838787954657,8,0,0
315,0.14962420963008022,2973.023553612614,3,1,0
661,0.053896123682770636,4232.2058357401365,9,0,0
915,0.13685031474429793,2551.280932800893,5,1,0
129,0.09917823412466653,3124.6647258931016,1,1,0
884,0.2456193879755018,1243.9936555107906,2,0,0
687,0.06560774146584325,1725.7960057856837,4,1,0
644,0.2544204240652534,3802.0209906001533,5,0,0
858,0.06305803537231663,2808.567318650828,8,0,0
198,0.12380944359945284,3709.8201451066748,8,0,0
214,0.21572249615400518,1221.6951448846978,1,0,0
929,0.1735235129768885,4398.634260465693,1,1,0
129,0.19277400067020145,247.4316483573435,9,0,0
747,0.18964939633609373,4606.889409490978,5,0,0
509,0.16498465697234682,3017.197242053675,5,1,0
556,0.14494033976692983,3208.3794684989466,5,0,0
524,0.09443469140777433,2587.7147832212104,4,0,0
594,0.26105527352852204,1100.0381895492394,7,1,0
857,0.07742878703941064,2064.5910395111187,3,1,0
384,0.22323895384154063,4094.6915062009643,8,0,0
757,0.2470788017759022,857.5423873280206,0,0,0
70,0.013492517934246162,4202.6284277322275,7,1,0
867,0.028359976775868934,794.3012571623226,1,0,0
85,0.03083729181047873,4115.49610443026,3,1,0
460,0.06676711658037471,2001.986925816899,1,1,0
994,0.21952074441057395,4560.358767071776,7,1,0
584,0.13777833506061438,1832.692337145531,2,1,0
512,0.24502010322028095,3857.7883917723416,0,0,0
399,0.13924122802139455,2518.649824229625,5,1,0
32,0.3862673980633157,1290.6735349666621,7,1,0
554,0.2664124306563051,1029.2818502483178,5,0,0
591,0.33068019683065286,2992.660363239276,3,1,0
58,0.28374293889179814,1985.161033301942,0,0,0
503,0.25590319871931205,637.898694056069,2,1,0
426,0.3654640179665167,3658.218408004284,4,1,0
13,0.07261250995762453,935.6961322261377,2,0,0
682,0.05279919801307048,1019.9862646213342,1,1,0
544,0.33078228408670274,444.705413421665,4,0,0
942,0.34303657771135976,4571.113177797707,0,1,0
878,0.09267698786092476,1638.8298816388076,6,1,0
781,0.2571604661954557,3244.2673248486226,2,0,0
6,0.10000813063291325,253.3845256887548,0,0,0
620,0.1678932917514181,1965.3507281170848,3,1,0
578,0.3408927488942273,2986.2991999118317,4,1,0
613,0.2743899296315058,3519.598399764688,7,1,0
226,0.0026992710918387064,2096.770121317649,3,0,0
853,0.3347403731929657,2319.8644873387275,2,0,0
776,0.17263227602852654,211.37877165466534,7,0,0
936,0.3247662155326949,723.3909883240349,2,1,0
898,0.12439853187657396,3773.7338316794308,9,0,0
99,0.2210303551971115,375.84883042297247,1,1,0
161,0.17600829125093914,827.0430558967479,0,1,0
899,0.20867016758,3387.9771650761672,1,1,0
601,0.22974165052508266,3777.3474033964258,2,0,0
117,0.29565057446162235,4237.362339013283,1,0,0
676,0.12015615514833722,3464.915953633302,7,1,0
920,0.32623797775361607,1195.4924797768858,0,1,0
902,0.13847730906230493,419.3894010245594,6,0,0
975,0.3373404207892597,3733.0112749100053,5,1,0
511,0.318813217473132,4084.167654168777,6,1,0
88,0.11278997208054753,1595.334247022887,9,1,0
894,0.2758523762976175,3899.647720256335,6,1,0
313,0.2343009050607549,3475.7717049456387,4,1,0
933,0.05374931855471454,3844.2926941919327,1,0,0
863,0.1555603403798237,57.037276553400915,5,1,0
759,0.2932947002772447,4178.048816934253,1,0,0
89,0.36199213262407565,1924.7488789391723,9,0,0
273,0.14250895462978413,3702.27018450432,3,0,0
948,0.002434203827751613,257.2208388184545,6,1,0
520,0.3787312616703443,4374.762348780913,1,1,0
432,0.21016665471592128,2277.2712396152074,5,0,0
566,0.2659117554054026,251.00620653934627,1,0,0
932,0.23977056255311419,4481.831799018265,0,0,0
338,0.3081086981470696,2852.9417959664343,3,0,0
118,0.34739449929939237,1102.8257008121425,6,1,0
162,0.1312861857179785,3266.886344696022,4,0,0
300,0.3262423642030788,4205.384134499341,2,0,0
17,0.2963480333214389,4308.421960832017,3,1,0
721,0.18555304554976948,1214.0859043303485,2,1,0
235,0.285941294133055,3906.107034062592,4,0,0
785,0.3559764940327752,4786.555730442654,5,1,0
822,0.07718088494795017,1550.9017276033726,0,1,0
974,0.18811468918059554,866.4859707530316,1,1,0
838,0.37726466941337083,4841.854409313284,0,0,0
419,0.14215984348914573,127.91286263147578,6,1,0
833,0.3145568099560595,3313.6052621751237,4,0,0
729,0.3364589121434882,3247.604357069053,4,1,0
801,0.24427123322012856,2755.9152740018153,3,1,0
206,0.2902596383381851,741.2025640577483,8,1,0
526,0.08617460707248165,2839.5803257871676,8,1,0
421,0.33341814038064654,3816.990235245254,9,0,0
348,0.16877862678022498,4769.5822338691105,3,1,0
854,0.16261059568731712,3388.263722099763,1,1,0
690,0.03289910889761949,3106.3873106243655,2,0,0
655,0.3127782198612445,2182.2463993868923,3,1,0
371,0.346938267660808,210.22424332732498,9,0,0
872,0.34745918989075375,2047.9958549498974,1,0,0
488,0.3242635134121014,316.82785117246385,5,0,0
882,0.09318469440808563,569.8889206616548,3,1,0
747,0.18964939633609373,4606.889409490978,5,0,0
787,0.2880404395072469,1850.619697159592,5,1,0
421,0.08965638641240287,4945.987282287726,3,0,0
853,0.3554471652302708,3023.3557186282655,5,1,0
132,0.3451887858157117,4156.297039602894,6,1,0
221,0.28008594778367923,1584.3670547159034,0,1,0
764,0.014738176062223829,4004.5664583611638,2,1,0
703,0.30436147108910816,4095.9438966952825,5,1,0
899,0.2653475948817607,2280.8474589911675,2,1,0
312,0.010528891778160021,3165.9186441136144,1,1,0
892,0.398758703347943,4877.7408405047645,0,1,0
973,0.1943490489133013,1149.359514007185,2,0,0
265,0.294361545153537,4675.282140125206,2,1,0
186,0.20263478511636834,2861.7613144348798,3,1,0
133,0.1953467685504744,4400.7970678472075,0,1,0
980,0.154646531861515,1423.7180132118112,3,0,0
808,0.12672684693518232,94.70744435621958,5,1,0
248,0.032964444678741156,569.3670941094862,2,0,0
831,0.1624959476317942,975.8834660943699,2,1,0
607,0.39220283280420004,2709.1572586258612,0,1,0
229,0.3117058656681323,2004.996132702452,4,0,0
891,0.15099095654286687,785.9829039964654,0,1,0
340,0.296806608284692,4877.058730578104,1,1,0
628,0.08277039741154363,2262.988131667699,6,0,0
41,0.2565949458549149,4773.473306690428,0,1,0
574,0.026240855049863787,2000.594623187493,6,0,0
753,0.02993731336069283,3062.263698520913,7,0,0
111,0.13305397808464958,1801.2901280710803,1,0,0
400,0.1959705948942187,2367.4958498359824,7,0,0
709,0.19281029869304595,1566.8739950702238,0,1,0
112,0.20218734978541014,2244.6976114527192,4,0,0
545,0.15294740663075995,1066.1377652675183,8,0,0
103,0.12176416944976814,4461.027538544212,6,0,0
8,0.24093669197249512,3723.2507456129233,5,0,0
156,0.08877895985661138,4864.3182069202085,9,0,0
423,0.37216842141085005,669.3896168275919,7,1,0
532,0.09583565941513716,3657.364297911097,9,0,0
701,0.03117074395472369,2779.245260118481,6,1,0
781,0.050143236239452826,1868.1819537629656,9,0,0
826,0.2649476482769706,4084.3841660417315,5,0,0
946,0.13971758515678157,4524.58101337201,0,1,0
608,0.08214899197623615,93.52343452452996,0,1,0
958,0.3441692057732824,3159.8701393595215,4,0,0
611,0.36531846063143875,3778.2086851606437,3,1,0
111,0.21619121047814444,4772.635832651678,5,1,0
825,0.30546319374173897,2939.5141151074,0,1,0
642,0.16438714374629537,559.4131259829832,7,0,0
704,0.1375123862438989,3108.966581894171,3,0,0
893,0.12453841608579591,4330.135203994532,3,0,0
944,0.13877332964901212,997.1290548566362,1,0,0
400,0.1959705948942187,2367.4958498359824,7,0,0
7,0.1619896373550498,2609.142986902458,3,1,0
793,0.18349663354097367,1904.169054328177,8,0,0
226,0.208958842415719,2916.7454785315244,3,1,0
253,0.25960348730173005,2175.45078349439,5,1,0
837,0.1466980723928924,1284.1231422744765,8,0,0
664,0.16899077523491807,4633.658092903284,5,1,0
101,0.009018954752322228,677.1741329215911,5,0,0
949,0.19635426607210849,397.04347398533866,6,0,0
49,0.0315941396372581,2416.1906179647176,0,1,0
357,0.15605973266960227,4533.138207980093,0,0,0
352,0.04776780468082248,2444.129326850212,8,0,0
840,0.3713303593282107,3737.3107113937613,0,1,0
999,0.3633022186659345,1760.0973082608436,6,0,0
306,0.0841055462167708,2283.1425025301974,9,0,0
37,0.2846489670673976,3770.5724281579733,0,1,0
588,0.19092239946170786,1007.451329661328,7,1,0
856,0.19622594243425395,2513.2193233570024,3,1,0
872,0.2865139801158609,1065.4141953863298,3,1,0
742,0.20738217952309962,4654.984086394835,7,1,0
465,0.2957547660674913,2293.2114433952265,9,1,0
540,0.39508319344673115,1871.170899832815,8,1,0
835,0.16079413211202448,1308.9568318548406,3,0,0
873,0.3577814136661162,3558.0148077086806,3,0,0
588,0.18754970265917498,442.17136251055314,5,1,0
889,0.1873521849835948,4760.46100943113,2,0,0
681,0.24729488900490687,67.28420508470269,3,1,0
587,0.21571573351874412,3046.8120925411577,5,1,0
55,0.04664892773837176,1746.5334354505983,7,0,0
419,0.3669476854497966,2313.617179774876,9,1,0
505,0.15678756603201538,1221.5908785407928,6,0,0
440,0.2847382573315054,3036.403827007313,2,0,0
41,0.3320165165556588,3081.3943951097117,5,0,0
570,0.2746342466742213,2234.554646376218,8,1,0
133,0.20557446617006936,2751.370070583632,1,0,0
339,0.2411257961512122,611.2345125546614,0,0,0
467,0.3181094143346724,3019.156540821348,1,1,0
146,0.1429531451974893,2918.7102687573833,3,0,0
164,0.03571919150441416,4116.182959650752,2,0,0
216,0.32951734054950066,3759.4466140813183,9,0,0
994,0.21952074441057395,4560.358767071776,7,1,0
693,0.32908123826316676,1831.4976234799167,9,1,0
823,0.09043726221266818,2062.8435253341095,5,0,0
256,0.2407945701096813,891.9034906732852,9,0,0
193,0.04140213735727288,325.0858988010717,1,1,0
551,0.11488033742776316,4338.372589944832,7,0,0
107,0.08595627886355217,1801.6601800687697,8,1,0
494,0.3159787326950144,583.9380578671244,2,0,0
743,0.27365237205734216,3706.8027437263327,4,1,0
489,0.1483104309169591,4330.7667763572845,4,0,0
324,0.21747276520368736,4569.976545047321,1,1,0
118,0.20774669834795717,1709.207504101641,5,1,0
467,0.3207235813773549,872.3199278745044,8,1,0
765,0.2711021943596575,3342.7319316444564,7,1,0
638,0.2122860509201785,1270.1351744450942,2,1,0
69,0.2931103557636226,1816.6556636945413,0,0,0
567,0.3561813317214096,1278.066345268358,2,0,0
31,0.3287841528923062,3422.525605029499,9,1,0
289,0.27834102634087676,3227.048926548387,8,1,0
538,0.33789237683561574,2945.4281883458966,7,0,0
19,0.21311572913238214,3577.197135497958,4,0,0
348,0.16877862678022498,4769.5822338691105,3,1,0
62,0.3818015335440068,4806.270940595801,1,1,0
179,0.02752398149710722,3461.4497067690477,7,0,0
109,0.39608456811398224,713.3906947124073,8,0,0
69,0.2784193473451205,3011.099384179601,8,1,0
990,0.23315149499094878,840.5583726037272,6,0,0
641,0.07684206790362341,3602.2059815953335,8,0,0
583,0.3396577699830017,2540.9972805767,8,1,0
849,0.32379279440090364,3109.765533965085,0,1,0
588,0.3677317642988416,2788.224695376945,2,1,0
781,0.06165290266071238,2464.733008759996,7,1,0
600,0.16784707115519204,4097.172128040356,2,1,0
302,0.33920962585685616,3819.1746329966936,9,1,0
415,0.1605067219643168,2555.7048364672355,4,0,0
369,0.14549969478233155,2112.157529435018,1,0,0
939,0.06772930745461814,2942.544392993187,7,1,0
499,0.343751046402208,453.47962836801867,8,0,0
384,0.14345177445605112,239.54236167525116,9,0,0
147,0.2651316128191743,3526.7500135249024,8,0,0
973,0.36781048887994244,1737.3529325208285,6,1,0
414,0.34395504572766217,748.651917304931,2,0,0
839,0.3487364159879001,2811.331883943607,6,1,0
437,0.1929062608796447,4638.205433834249,2,1,0
117,0.0649494022684054,3507.051517407663,6,1,0
78,0.3500798460365675,2845.8381208602573,9,0,0
179,0.12494380321545007,3145.716106175726,6,1,0
20,0.253185710378131,3039.8521198167437,4,0,0
711,0.3271149889999372,2524.576219940957,7,1,0
57,0.19886448781136118,3954.3099210562928,0,0,0
751,0.3041066361897876,3360.142086692382,2,0,0
747,0.18964939633609373,4606.889409490978,5,0,0
987,0.013338381304436264,1750.7725875798592,7,0,0
669,0.3647130469913575,4801.679506249257,3,1,0
247,0.29186612508006243,4821.383163399857,0,1,0
606,0.06336083547633853,160.71280368054096,5,1,0
848,0.2667607154904919,582.3539966758758,5,0,0
987,0.19044256105438423,1332.3180383574224,0,0,0
544,0.18844750844260688,1432.3111655265423,6,1,0
828,0.20953734156272047,3138.898970864616,8,1,0
766,0.0036364038470046434,925.5705537892843,4,1,0
392,0.38808574602011187,383.1789974507123,2,0,0
457,0.17586005567282614,4373.157193315652,1,0,0
396,0.2417011182615021,3114.4883981053154,3,1,0
690,0.20852660185146032,4187.176971510542,8,1,0
704,0.05241787360299566,245.36443721795973,6,0,0
258,0.1123793889693443,2684.779144275207,3,1,0
815,0.35464856845883264,4390.613805190815,7,0,0
978,0.3104094017529459,2572.5293496818317,6,0,0
489,0.01278949159758408,4277.033553035751,3,0,0
338,0.0426341708058387,1991.6284975681006,1,1,0
107,0.08595627886355217,1801.6601800687697,8,1,0
827,0.09375222855949017,3482.1449451148155,2,1,0
265,0.28131629793369417,4023.2225405636023,1,0,0
848,0.13201354784845698,3848.076568427816,4,0,0
638,0.2122860509201785,1270.1351744450942,2,1,0
43,0.3215064900923831,4790.6318955543165,8,0,0
730,0.2910903680723199,4459.534979439846,6,1,0
916,0.13641133444010112,1497.7930433693848,0,1,0
576,0.23628792652192782,4064.107735360625,3,1,0
889,0.1873521849835948,4760.46100943113,2,0,0
376,0.14623701661177874,4759.945849574041,9,1,0
699,0.009133990804838343,3187.517231032033,7,0,0
925,0.12755769666900035,4198.245591183612,9,0,0
749,0.3213139676054658,2555.113154946497,9,0,0
930,0.36947292328936376,4753.743407991111,7,1,0
708,0.22663084169086156,4636.136471018128,0,1,0
913,0.2174007668849139,4758.07880972352,6,1,0
871,0.11938294700198665,215.26160402484157,4,0,0
79,0.010453177200134334,4302.511014324583,8,0,0
769,0.28052641976193954,1404.9925013067013,1,0,0
66,0.15702200150882206,1324.3724898208247,2,1,0
184,0.32051242881767733,860.3627799197992,3,0,0
363,0.19504301939010682,1622.8504445132314,6,0,0
62,0.14234388077213583,3529.598991334416,1,1,0
338,0.0426341708058387,1991.6284975681006,1,1,0
236,0.04248491871612464,4183.3127242976525,9,0,0
825,0.17844994358737742,4093.6882149681946,6,0,0
699,0.037579282669042424,4042.4147540472372,5,1,0
242,0.2158301070718917,4319.743052604211,4,0,0
661,0.1982377143616938,3032.100603815919,2,1,0
628,0.16133406875485962,2619.580559323096,7,0,0
343,0.06250684505790488,1013.4050906926308,0,1,0
120,0.22657837215251325,2969.9181320393027,5,0,0
122,0.11004752013713515,4460.294747693392,6,0,0
791,0.3359719429243251,3061.595976729149,9,1,0
791,0.11842473529827313,2056.4445026777703,0,0,0
229,0.02632787972553996,3886.7349200064155,6,0,0
685,0.12951960506025734,2967.6858408530047,3,0,0
364,0.011064337210790809,2954.547576704593,8,1,0
183,0.1499565242385335,2483.959893707984,3,1,0
695,0.17010811922766733,806.2970045351622,4,0,0
796,0.21428230630089606,1511.0654892285797,3,0,0
233,0.3084505645198687,3682.0736346122108,9,1,0
804,0.08769429260997202,1776.1756265614133,1,1,0
246,0.13266333367134236,3393.917692694854,6,1,0
315,0.32312625882859525,1582.5281582582684,5,1,0
894,0.2029060461001358,1539.8832208458284,7,0,0
654,0.024529426873132254,4829.057967108806,5,0,0
641,0.07684206790362341,3602.2059815953335,8,0,0
799,0.39300024603868344,1822.769140477656,4,0,0
440,0.23568324220392173,1564.7754440120414,7,1,0
729,0.18247859383411258,1946.0668736079137,3,1,0
611,0.3010268364635226,2956.2795132826914,5,0,0
957,0.03159154843011325,3268.2732926555454,9,0,0
628,0.176438675252167,2380.752134449173,9,0,0
421,0.17946738012652413,1323.4606912991808,0,0,0
974,0.24435308419580098,4805.743610707779,3,0,0
124,0.3577181016382702,2112.9279058480683,5,0,0
455,0.19956305022248305,1792.7785750550377,3,0,0
183,0.30193695591309505,2207.948294653855,1,1,0
846,0.3188514255209644,4185.5697734872965,5,1,0
726,0.20135582482585013,1431.1498782222945,0,1,0
334,0.15243967869560354,4337.271122215188,4,1,0
31,0.3234641705491234,4059.5257567801946,9,1,0
649,0.22398759606926333,3327.511031144675,3,0,0
206,0.1946934273338461,4390.662265762104,4,0,0
913,0.25357194132019256,4893.640016306196,8,1,0
721,0.3179372636655035,4625.815247549091,4,0,0
317,0.35239349342013265,1752.4420979327856,9,1,0
893,0.030281421706316758,3718.9124175251795,0,1,0
289,0.3909662898941044,2382.623114361831,3,1,0
425,0.31251339390516447,2669.7297660566946,8,1,0
259,0.2002082305854137,447.27769392972493,1,0,0
620,0.39714035868133724,4604.889427081234,9,0,0
505,0.0003137583142280853,2048.2973459861682,3,1,0
147,0.3816538076061053,204.2536483424914,4,1,0
961,0.3742823592268134,3001.229414701058,2,1,0
405,0.33541334038796766,1063.2295064357575,6,1,0
475,0.3598275366390571,2825.6594714546013,8,0,0
190,0.36533600611993794,4024.0235690385266,9,0,0
74,0.1312039112853725,1440.6917377085183,5,0,0
646,0.3267167096239001,2230.6773942260666,3,1,0
426,0.05329872491467502,1127.2452971201888,4,0,0
946,0.059946693572436704,3809.6553631427278,2,0,0
973,0.14771101815688248,4935.625633399146,7,0,0
859,0.20829611389209934,4953.840513792386,7,0,0
952,0.01579050607321031,1514.1433853429228,9,1,0
455,0.19956305022248305,1792.7785750550377,3,0,0
891,0.20633912418957462,4945.7747997512015,6,0,0
707,0.2518099689868007,2955.671584928881,0,1,0
558,0.16285110578885115,3143.86161087722,0,1,0
7,0.2605510071472476,1409.9089471959926,0,1,0
499,0.3526781681777103,1194.943350390594,8,0,0
505,0.199282980800027,2337.0078306031933,9,1,0
247,0.06269061433824025,677.1185140807027,6,1,0
340,0.03489289200023238,2444.769935342103,2,1,0
97,0.29098490375590713,4349.267201422973,5,0,0
86,0.013128409404953023,2753.3234642262255,5,0,0
521,0.261348632319185,3289.36179306746,7,1,0
397,0.1461955119238702,987.8094429191342,6,0,0
490,0.38282616835259153,3539.970135536396,1,1,0
90,0.2808361035497788,3555.3430178504373,6,1,0
728,0.34834201675755067,640.9843474652563,1,1,0
859,0.2860273195906907,2139.2397587801934,1,0,0
192,0.2602280460696915,4040.9184404503662,1,1,0
779,0.3428015332724372,4306.696796330752,4,1,0
406,0.30333076488793387,4890.662234823936,4,1,0
553,0.07346151355030317,4230.20938439693,1,1,0
553,0.27641517804619975,3861.342203302487,1,0,0
452,0.13115246569221978,1014.2801949754537,4,0,0
726,0.018103630743692478,4179.432675676397,1,1,0
825,0.17844994358737742,4093.6882149681946,6,0,0
291,0.2945781886968941,1400.5005053257748,5,1,0
850,0.24747127095098442,2440.5848461885425,2,1,0
351,0.007805311128864623,1656.104181805755,2,0,0
110,0.03323656510458578,1891.1770408016137,5,1,0
30,0.26509677725023667,4124.82018485405,8,1,0
166,0.04734268736396141,1299.1903246403222,5,1,0
680,0.031449128803429593,1805.2041275799952,7,0,0
985,0.2339578159727721,4457.441068085821,9,1,0
161,0.1715881935161656,373.172091508856,9,0,0
644,0.2544204240652534,3802.0209906001533,5,0,0
518,0.22474007933745777,1655.1471669065338,6,1,0
112,0.20218734978541014,2244.6976114527192,4,0,0
56,0.05325581851590072,4717.241878409776,7,0,0
649,0.22398759606926333,3327.511031144675,3,0,0
725,0.04617291947271612,742.2797874631983,7,0,0
696,0.17282846777092964,4322.18658145478,7,0,0
693,0.1459649855365367,3588.3136248662577,8,0,0
30,0.13775400996599763,3122.972482777106,6,1,0
485,0.15582555030482587,592.5784495934522,3,1,0
910,0.2667398741346657,3692.352050400363,6,1,0
686,0.06437360143785653,292.98931224750345,1,0,0
107,0.08595627886355217,1801.6601800687697,8,1,0
459,0.075621669073483,1121.5307732836204,1,1,0
539,0.3017928938291028,4055.360834491492,3,1,0
632,0.39739887741038826,3698.567572886983,5,1,0
473,0.31781599932001997,3280.9810258005828,1,1,0
788,0.0878000698542587,463.2067182506845,0,1,0
166,0.19065531997603896,3813.0420848528315,6,0,0
209,0.06543176297168934,1483.7477513845884,6,0,0
908,0.22055808204916683,2004.173733465677,1,0,0
13,0.38114259761586217,1396.4151268593862,1,0,0
204,0.1257994848824126,469.6097912531095,5,1,0
210,0.2995593424100541,898.2536082126564,5,1,0
279,0.03716577568017293,3208.15349429262,9,1,0
667,0.2706018828856492,3100.451492843652,0,1,0
944,0.1876886769496599,2776.8192652940916,0,0,0
874,0.29169493518478606,2541.127512287259,1,1,0
681,0.13512443753085707,3344.950650915152,9,1,0
595,0.22182287439928616,4547.538260186061,3,1,0
676,0.2263840647557004,4752.215904093323,8,1,0
228,0.3835853592245304,1781.553306001612,9,0,0
956,0.19537649228350207,1046.4317753724445,0,0,0
343,0.06250684505790488,1013.4050906926308,0,1,0
811,0.12144311831239452,2767.366401014689,3,1,0
734,0.10405499821025371,3574.5739368287573,2,1,0
678,0.27381532569008876,3036.4213621027275,1,1,0
903,0.14189897152077457,1036.2219792534504,6,0,0
369,0.17403518543057006,2348.102002341117,6,0,0
617,0.2938423751975054,2813.0515647338007,9,1,0
826,0.21754546334976216,426.4443824480626,9,0,0
201,0.29171310757204555,2223.312547759406,6,1,0
334,0.3896895391516603,3725.4320890404574,4,0,0
49,0.0315941396372581,2416.1906179647176,0,1,0
875,0.02369928896558199,4419.484514158571,1,1,0
611,0.36531846063143875,3778.2086851606437,3,1,0
800,0.1707535553420218,1677.3726877552604,2,0,0
926,0.2252204977129666,3899.4076210409157,7,1,0
505,0.15678756603201538,1221.5908785407928,6,0,0
503,0.2137114011847182,4802.091169227985,6,0,0
158,0.10037247458476478,2026.0425613854432,0,1,0
141,0.39798254480030376,3756.18199471848,8,0,0
805,0.33709881143246484,3950.4528236709057,4,0,0
999,0.08404529267648764,3847.217077840996,2,0,0
528,0.26873403225265263,2531.9456725096757,7,1,0
816,0.2734405868937165,2158.9788056046364,2,1,0
767,0.14441970723875674,1584.016025319479,9,0,0
850,0.14578885837996536,651.8373700768924,8,1,0
376,0.2726195873638093,389.30170554911746,0,1,0
393,0.06230753159456237,1827.9092599998426,5,0,0
900,0.1279903794214986,4726.31065744277,0,1,0
457,0.09605381959971121,2695.062956856279,8,0,0
948,0.29356640079210045,542.3871421015324,6,1,0
137,0.1337857706891104,2397.7676873260693,5,0,0
835,0.0006573167153132164,3345.9605169903243,9,1,0
171,0.02818909564527622,4718.711553234937,0,0,0
903,0.14189897152077457,1036.2219792534504,6,0,0
409,0.38872281412670556,3918.9697436912334,5,0,0
748,0.3869625284027743,112.80190845270036,4,1,0
851,0.36771829694609315,2994.6411966992077,1,1,0
801,0.20722396751773975,1695.0857720751437,3,0,0
277,0.20138806717416657,616.3823667723124,8,1,0
664,0.07906328481653413,2482.1113149124412,0,1,0
831,0.1624959476317942,975.8834660943699,2,1,0
795,0.2709349715265761,808.5984684260845,3,1,0
810,0.2218390998277297,707.7980215640947,0,0,0
398,0.2620981355316537,4603.83428817503,9,0,0
168,0.018556659981151136,1146.3741388497049,1,1,0
556,0.01606543305796554,734.4017710761383,8,0,0
476,0.34811529676207187,4971.119879852993,5,0,0
579,0.1654959738017015,451.3936602264914,1,1,0
860,0.18063319420299478,4294.320864425698,6,1,0
890,0.024742506776935402,2148.9507057065707,3,1,0
169,0.0018064662671193332,2321.626642659861,5,1,0
732,0.09910313261775983,1667.8911507970427,2,0,0
56,0.21075559125514526,555.0479784753774,5,0,0
667,0.3129919569589768,4884.470154190204,9,0,0
796,0.08266221699027093,771.6507743417872,7,1,0
270,0.07253269732021178,1258.590298341578,0,0,0
376,0.3963387438973134,1817.1229109233198,4,0,0
946,0.3686096117856524,657.3932117196697,3,0,0
868,0.1428324944233615,4127.1793440640395,4,0,0
989,0.36711390059304166,721.9337130366008,2,1,0
271,0.022238594401579992,3568.4521334635565,3,0,0
148,0.2158254270921907,1050.3081905640092,9,1,0
123,0.1690717691120981,3162.9706449100486,2,1,0
74,0.1312039112853725,1440.6917377085183,5,0,0
735,0.09479774508834637,881.3733116187005,4,0,0
71,0.09460450265288822,522.4836884168766,6,0,0
205,0.07551749624846305,3700.1852545707557,3,1,0
472,0.3634384530698858,2849.8945800706624,3,0,0
606,0.004554971941100827,3098.424611551515,3,0,0
553,0.07344708195646638,877.8072276620733,6,1,0
726,0.04719873795192958,3025.7545616697817,0,0,0
260,0.22992554045021607,3054.0989746486775,8,1,0
457,0.19742848276410546,1384.0481352594772,1,0,0
318,0.36324837316871134,4397.123037422875,5,1,0
575,0.3918191510739183,2840.3814012342627,6,1,0
720,0.37591685552982557,1890.2175500530047,5,1,0
518,0.3981428414714005,98.9222744885341,6,0,0
52,0.08859690624201905,4281.341994617133,7,1,0
490,0.014868130647301303,1892.7377777270524,4,1,0
770,0.19991622967510253,3967.2462265730373,3,0,0
166,0.04734268736396141,1299.1903246403222,5,1,0
693,0.012240132906599976,192.4155447412921,4,0,0
748,0.3869625284027743,112.80190845270036,4,1,0
925,0.04192285900224052,3879.148607216068,6,0,0
313,0.2343009050607549,3475.7717049456387,4,1,0
430,0.2912844546074056,2633.1671252516594,1,0,0
448,0.035590118159043116,2080.3133594569263,3,1,0
56,0.1033364688945379,2279.653811280773,7,0,0
466,0.016473934122764988,3399.0876835783893,8,1,0
944,0.35717413770110235,1927.106402800843,1,0,0
432,0.1145007128515172,134.12153545629747,2,1,0
283,0.23047775705659135,3681.620163114671,1,0,0
397,0.1461955119238702,987.8094429191342,6,0,0
701,0.007101078085382351,1232.3175750725893,7,1,0
750,0.17476140058469902,286.69094607964104,6,0,0
115,0.3586863870314867,1298.843366843538,5,0,0
716,0.27345814639111066,403.461053853661,7,1,0
237,0.0034203740741817756,773.8496480346324,4,0,0
141,0.3454756831339779,4715.374652870808,8,1,0
251,0.207581793302052,3822.0809289737385,6,1,0
834,0.01878644292230508,340.2714690909226,3,0,0
936,0.10281074384967054,2334.4042023341135,8,1,0
614,0.30429157731995415,3540.1540726349094,0,0,0
489,0.01278949159758408,4277.033553035751,3,0,0
688,0.1352608900859233,946.5046451078618,4,1,0
762,0.3195723690615728,4659.824150384465,2,1,0
894,0.2029060461001358,1539.8832208458284,7,0,0
663,0.1617136776611076,4589.270049270294,4,1,0
310,0.15943864210309072,1812.262999387533,9,1,0
79,0.1929403670964832,1002.9562625994461,7,0,0
733,0.03959320455431292,4189.155833874827,3,0,0
495,0.30417502326583934,4738.655588592313,6,0,0
668,0.36417641873828094,4397.9682274932175,8,0,0
524,0.18831992589859786,289.3942046965459,7,0,0
875,0.2154086953935629,3364.337580888011,9,1,0
818,0.1420176453253888,2856.2936571048444,3,1,0
618,0.03833619098414498,4774.651908816248,5,1,0
346,0.3515998923877435,3522.522896703483,8,1,0
481,0.07438521411705884,4752.8347344433305,6,0,0
14,0.18312059056680752,1874.220893064964,0,0,0
777,0.31425108511810196,276.8767375261224,1,1,0
187,0.27928671085413304,3700.237309178893,2,0,0
937,0.03572569030471118,320.1725374181589,1,0,0
410,0.15864449188795265,614.7272366735324,9,1,0
477,0.243734904157772,2126.6298863023976,5,0,0
523,0.18544515611921253,3751.070495186753,4,0,0
47,0.0673602225453318,126.53083478781973,8,0,0
72,0.017802613258254385,2079.8091199689243,1,0,0
477,0.0666722336581852,1086.4376005565748,4,0,0
400,0.14440836285881076,4987.581246337074,6,0,0
980,0.01014015744729041,2780.0858221864382,8,0,0
550,0.21357884035052188,2293.182056891929,8,1,0
344,0.21342916439754478,3370.1357418730286,4,0,0
688,0.043884781883837265,3465.644111438023,9,1,0
828,0.15024437931631945,1587.9484567989014,5,1,0
509,0.011069976516935698,3529.9298065602443,8,0,0
516,0.3758972936836282,2522.7498454523916,3,0,0
849,0.2589824755606945,2817.7344307567732,6,1,0
796,0.24350769585013649,3207.6135587941303,3,1,0
769,0.04900270743547086,3588.4441297867106,7,0,0
345,0.12165143817230156,1498.2885593264664,3,0,0
851,0.3442438956557797,1385.0187879661346,3,0,0
265,0.08395159830104443,4163.159912483468,2,1,0
508,0.22375012390521415,4584.440947227836,3,1,0
257,0.16885957228110854,2064.328124446527,6,1,0
60,0.139232645457673,208.5844705101545,9,1,0
58,0.19678891007287896,389.537777519084,3,1,0
350,0.08622456678653423,4900.704260095782,8,0,0
990,0.2567114668242374,2213.054841921686,4,0,0
852,0.18401073471961282,2959.1596982617275,0,0,0
515,0.1392839766028297,4336.136149112181,2,1,0
997,0.05142448603090238,1250.1215069901527,1,1,0
115,0.30732055952725096,3758.4831692256403,3,0,0
880,0.2434141059706184,1938.2718667694714,0,1,0
306,0.050470812778199425,219.56013945186785,7,1,0
372,0.19029359744888352,3881.4054635467623,3,1,0
254,0.023098241600814418,1996.7541664643152,4,0,0
63,0.045707188384845554,4560.10741341276,8,0,0
726,0.20135582482585013,1431.1498782222945,0,1,0
645,0.3511624897098534,4286.002121782624,2,0,0
380,0.3777155503110138,1316.3080258050263,7,0,0
401,0.07655125239939997,1750.9288808293322,4,1,0
438,0.25503011427207184,2458.641168660793,1,1,0
86,0.20867396015207068,803.8055612280031,7,0,0
658,0.20017779713497924,1851.1488800804775,8,1,0
594,0.0923569547849416,2081.158577764143,8,1,0
856,0.043431453993091396,1349.551692704824,7,1,0
780,0.32637987798806267,615.912440725951,2,0,0
668,0.16034964252066142,2918.1875224636415,7,1,0
422,0.1665435656692385,371.9445317859813,8,0,0
157,0.18606009800401435,4862.98031623087,1,1,0
261,0.07891536309056152,1313.5172958753926,7,0,0
343,0.2874552941035531,4495.8617536475085,9,0,0
119,0.32515357865362804,349.95859748934265,5,1,0
113,0.32649636577085883,3726.382018855774,8,1,0
972,0.20786712416169367,941.9572651543778,3,0,0
622,0.06291934525683457,4360.2816075546425,8,0,0
429,0.34462200998101156,3196.9072185323303,2,0,0
839,0.3487364159879001,2811.331883943607,6,1,0
642,0.10188801709553186,1679.0339069218053,1,1,0
428,0.1211285787923837,3050.020246115343,8,1,0
755,0.14947386403989016,3876.0306605832066,8,1,0
924,0.17376219354245775,2736.5863613145925,8,1,0
442,0.3271732298264288,3177.853877399179,4,1,0
736,0.014241905274635758,2700.2156500692467,9,1,0
734,0.34028342068035755,1868.1050406950822,5,0,0
775,0.36641916863620777,2855.7309130499593,7,0,0
584,0.0743166077889425,3187.820973888156,8,0,0
418,0.2885858133119981,4160.112118943771,5,0,0
113,5.9322455425003806e-05,2068.8045680417945,8,0,0
543,0.3667791764677533,645.9660186324098,0,1,0
930,0.36947292328936376,4753.743407991111,7,1,0
601,0.09519163553048593,788.4708686141505,7,0,0
107,0.31098131206548824,2991.517726484503,5,1,0
685,0.21697831284496666,3973.493262181601,7,0,0
511,0.318813217473132,4084.167654168777,6,1,0
412,0.1633705312386856,4223.473569761285,6,0,0
47,0.3697551165785324,738.12946118317,5,1,0
850,0.23466164852173504,1161.6223533688033,7,0,0
504,0.21783603306114518,3005.63517727137,0,1,0
568,0.28511898228852406,4955.453168462188,4,0,0
597,0.26925443650705677,2917.023236368111,6,0,0
203,0.22564258858881997,830.4199455140333,5,0,0
852,0.2837678932281601,4314.696778117644,9,0,0
963,0.3652660654349971,291.3267425662066,5,0,0
210,0.35753818368888785,73.55724834602984,8,0,0
816,0.09408579792306193,3037.95880962998,2,0,0
631,0.12304956128815797,245.93946115319486,7,0,0
556,0.14494033976692983,3208.3794684989466,5,0,0
540,0.1379744140785938,760.8334919908216,3,0,0
200,0.0006777622489744228,764.2972879386732,1,1,0
525,0.34481925982945305,1138.760012784764,0,1,0
415,0.32476306437468455,1140.9280476732508,6,0,0
537,0.148839379281186,3669.6090174063356,2,1,0
750,0.35733843546271044,974.0736468447982,4,0,0
1,0.10524141814632937,1932.3111491359386,3,1,0
617,0.2938423751975054,2813.0515647338007,9,1,0
273,0.307725710192203,1684.3960646067549,1,0,0
436,0.05223649290796811,3433.1920418800405,5,0,0
754,0.20508188461531868,1439.4475615481801,7,0,0
62,0.19817808598373743,3656.5723759833627,5,1,0
142,0.38212211060990586,189.74371209788728,5,1,0
288,0.15480037254275003,4016.0102298230295,0,1,0
248,0.2541735874536716,917.5747186333253,6,0,0
749,0.23155901697522518,2766.2959940439164,2,0,0
96,0.3505721099833267,4432.149416690792,6,1,0
72,0.25610550840514235,3995.2774295449167,9,0,0
829,0.3815750288727806,4862.853241405548,2,0,0
477,0.32275574273934965,4014.887673062739,9,0,0
899,0.20987348745910295,1129.0677313676304,5,0,0
622,0.15226159457569166,1487.0869894711525,4,0,0
154,0.010823951293623957,2673.960664200094,2,0,0
86,0.20867396015207068,803.8055612280031,7,0,0
335,0.3320503355739455,242.11930608289276,1,1,0
553,0.008796243996957442,4467.801752660212,7,1,0
875,0.25072370992083637,2094.6302849068406,7,0,0
109,0.06365963112764567,789.0409357605286,8,1,0
835,0.30205445057542357,4741.102073504719,6,1,0
213,0.20330292652304782,2052.356223676141,7,1,0
583,0.21202609260724614,1728.757648132806,4,0,0
348,0.1303375788702968,4108.589245924508,2,0,0
302,0.35747641177588857,2442.026938200422,4,1,0
132,0.3451887858157117,4156.297039602894,6,1,0
397,0.19514777360638524,4464.7820763243935,0,0,0
166,0.015080685753419476,4244.212918894952,9,1,0
425,0.10790212552984668,3298.3554898534776,7,1,0
764,0.04478301215815533,1047.128643115713,1,0,0
129,0.3280725212796791,3853.586051987481,6,0,0
783,0.015567868965284781,4200.7590894981095,3,1,0
962,0.3969478275972584,2070.219414329288,3,0,0
9,0.06818282692562067,3866.7300259870035,0,0,0
537,0.1377289550690851,3454.018678840514,8,1,0
73,0.19915518393178566,2318.4879945645253,7,1,0
393,0.16233947816890054,4681.062445292196,8,1,0
623,0.32630670087367675,203.6036110974799,9,0,0
871,0.3389554729231334,1323.9752128972555,2,1,0
106,0.3741168582467546,1551.83773013286,1,1,0
795,0.2709349715265761,808.5984684260845,3,1,0
849,0.3998703218564196,552.2095371129709,0,0,0
709,0.19281029869304595,1566.8739950702238,0,1,0
384,0.2626306733589694,4625.418636970764,2,0,0
489,0.1483104309169591,4330.7667763572845,4,0,0
906,0.08373524527502124,4137.984333254288,6,1,0
668,0.16034964252066142,2918.1875224636415,7,1,0
26,0.0383616997280114,1473.4801570150455,4,1,0
476,0.13214987638687747,2909.462392654186,9,1,0
248,0.032964444678741156,569.3670941094862,2,0,0
757,0.2658003745089467,169.9180189433567,8,0,0
498,0.0792262200903815,2799.4344470820906,7,1,0
30,0.32121328650428865,4246.913384321415,3,1,0
730,0.02395693395666687,2032.20387093683,6,1,0
439,0.3896825851675599,504.57487388304406,7,0,0
831,0.03483643221179389,4105.346923374043,8,0,0
511,0.05619296614576291,1929.7354460173358,5,1,0
166,0.04734268736396141,1299.1903246403222,5,1,0
343,0.3132246841140557,158.41032583552118,8,0,0
801,0.1736438330763373,1042.65652594427,1,1,0
828,0.25029044472414935,2668.6556357696445,9,0,0
869,0.08466592870347078,4567.974312291889,5,0,0
622,0.2306352665761358,1066.3271899547556,0,0,0
651,0.05535284440325544,4844.201875980534,1,1,0
408,0.19482795735159125,3627.0949259252984,9,1,0
257,0.21116393955149765,4299.130756720623,8,0,0
320,0.06735786543486288,4472.7360896832,5,1,0
56,0.21075559125514526,555.0479784753774,5,0,0
971,0.07527040663226803,4472.184084595899,2,0,0
341,0.2901660951289545,758.6886358539293,2,0,0
72,0.24955432905380326,223.60283341873588,7,1,0
20,0.309873927245783,4045.573512180284,2,1,0
258,0.15525137627474167,4515.539501851645,0,1,0
607,0.03505902287349483,967.4259159576635,2,1,0
99,0.24977416760233562,4091.0324361110347,2,0,0
39,0.13212196840610618,4015.211235125502,6,0,0
921,0.14233719597340883,433.5040084268974,2,1,0
981,0.02220123280301517,475.8294617400074,1,0,0
273,0.3137530771008831,3409.079519085952,9,0,0
40,0.3702594698089337,1343.8739699650762,7,0,0
445,0.03705437465019412,816.7435431734455,0,1,0
26,0.34169431657170873,4453.656966041058,3,0,0
699,0.18909734154054014,971.8494135828587,9,1,0
855,0.2933166564865082,4243.82581040521,2,1,0
67,0.0803015732148245,2614.762871054471,1,1,0
206,0.2902596383381851,741.2025640577483,8,1,0
984,0.26162925646932866,4779.537610962454,5,0,0
623,0.08766712068842997,3345.0409329661757,8,0,0
672,0.13708201883615007,3858.856672516194,1,1,0
129,0.05290017971206995,3256.6535502084607,2,1,0
589,0.2200652091369003,2430.5424957478317,5,0,0
57,0.19886448781136118,3954.3099210562928,0,0,0
877,0.16709835576842452,168.7475670236281,7,0,0
217,0.29706819573877563,2832.217295291344,9,1,0
881,0.25536966475310846,3591.999704185721,3,0,0
93,0.0714049628913348,1220.0038824931917,4,1,0
670,0.14688093651369316,4659.962945902594,6,0,0
197,0.15826407509898488,2536.7091701674153,6,1,0
710,0.20341132369923248,4727.297999412072,8,0,0
551,0.20042261782673948,1367.4316311088235,0,0,0
16,0.25426371588678626,1177.413995311777,0,1,0
257,0.23554186474196265,1069.808898423959,3,0,0
213,0.0921247372472167,1471.1854902278337,6,1,0
81,0.09814360007153805,2397.3887384613095,8,1,0
878,0.28325908279391504,2121.2481023826094,8,1,0
190,0.10300283927601994,1919.41655889224,0,1,0
495,0.07795946795322795,3996.03138839349,6,0,0
258,0.15525137627474167,4515.539501851645,0,1,0
78,0.28280176387402167,4418.960462329963,2,0,0
924,0.31296651842435347,4327.732394646437,4,0,0
656,0.11654703543102818,2687.158399585198,9,1,0
503,0.11459261971559837,3213.112341356494,7,1,0
273,0.22942066980139159,2440.157179847588,8,0,0
187,0.09696261215988694,4760.135053756225,0,1,0
763,0.0029641076684390755,2994.3011631104628,6,1,0
75,0.2692916929271017,2106.7074054073523,5,0,0
165,0.01940226201547257,3512.0722497689994,4,1,0
202,0.014899881864791631,4847.887749521188,6,0,0
607,0.17776768261520426,406.5070208105724,1,1,0
414,0.3297228293578191,3237.6396163049353,3,1,0
301,0.3506817801552207,1562.3792734071762,9,0,0
189,0.312820814101261,2870.8123176978725,0,1,0
439,0.3896825851675599,504.57487388304406,7,0,0
588,0.26756025383670246,3640.563918339748,5,1,0
870,0.32879691612193856,342.8226729095325,7,0,0
987,0.19900321875190752,979.6363183381176,1,0,0
676,0.24862042394032174,3990.381961513733,7,0,0
478,0.3845538717536496,3539.855234509451,8,1,0
686,0.06387138177134455,4635.496698619156,8,1,0
343,0.08592843487523244,938.0658424654232,1,0,0
732,0.0001203348714511332,3264.975074824249,0,0,0
54,0.12668969941466723,2770.289197767668,7,1,0
208,0.15545601443108914,1905.8036981445396,1,1,0
237,0.18704037364410164,695.2285729792956,9,1,0
990,0.05663487653234289,644.0641298526147,4,1,0
5,0.08271007606420466,2765.733897897017,2,1,0
234,0.33772780901162525,3809.086662090062,3,0,0
832,0.361450503723889,3758.2851922206,3,1,0
561,0.29797397539630716,3231.3282633533313,8,1,0
47,0.24192498501661164,4237.644943066796,7,1,0
960,0.1350478761418228,2553.678322242259,7,0,0
110,0.03323656510458578,1891.1770408016137,5,1,0
929,0.1735235129768885,4398.634260465693,1,1,0
840,0.13051419576792406,4156.443133248985,8,0,0
400,0.16428531636614713,3006.3576431943175,2,0,0
420,0.1619254432785016,3771.179121561931,5,0,0
442,0.2626091258154503,4356.434202840704,5,0,0
781,0.25535664347251563,3590.7135261944477,3,1,0
152,0.19956585120001546,2743.0762192302677,8,1,0
632,0.005263023154850721,2520.0210645373995,0,1,0
897,0.33858143823623654,3193.9367473325956,7,1,0
831,0.2872910987759398,3444.348407824626,4,1,0
661,0.06038976121628936,3222.693543778687,8,1,0
319,0.1309646224241145,3143.683918867873,4,0,0
693,0.012240132906599976,192.4155447412921,4,0,0
216,0.35097425049025266,3103.8015450942557,9,0,0
619,0.1071277171715922,294.9170457179896,9,1,0
788,0.037197842882092436,4539.04597821582,4,1,0
86,0.35534393977939915,4547.095689863825,1,1,0
847,0.21344334785458297,4477.122753150673,4,1,0
297,0.2066016902984294,2852.750610262097,4,0,0
538,0.33789237683561574,2945.4281883458966,7,0,0
632,0.18979967822416616,292.70466951012156,4,0,0
57,0.22602188828990083,165.57339587689063,0,1,0
517,0.27161004718358045,3149.2399149109947,4,1,0
704,0.0936752088312135,1071.176274361575,4,0,0
329,0.3291997976885209,4532.431222696771,6,1,0
780,0.32637987798806267,615.912440725951,2,0,0
721,0.18555304554976948,1214.0859043303485,2,1,0
654,0.3011281511886286,3600.676641050866,5,0,0
546,0.14539597211092375,3838.751974308395,8,0,0
30,0.13775400996599763,3122.972482777106,6,1,0
509,0.16498465697234682,3017.197242053675,5,1,0
647,0.31727823387076237,2820.0939646549427,2,1,0
349,0.27847420931413147,103.91804572711266,0,1,0
315,0.39348036349270454,4386.287464771342,9,1,0
737,0.070389170006116,66.30148287622993,0,1,0
73,0.21605144870581405,4297.251199667019,8,1,0
957,0.14887707683612217,2067.97189310983,0,1,0
137,0.10314590753618175,2771.2244686248555,9,1,0
65,0.37846382967072073,2933.980672982319,1,0,0
655,0.3370036782313556,2022.0969038893354,4,1,0
623,0.1420890001951312,4634.562575152786,1,1,0
799,0.166323817667073,4628.377337834384,8,0,0
901,0.15428324879445848,869.5282880285648,4,1,0
448,0.34755990797288366,4912.683857850707,1,1,0
390,0.13003137402109533,4581.9101296557255,9,0,0
764,0.04478301215815533,1047.128643115713,1,0,0
962,0.04885205184529673,3388.663045771585,8,1,0
37,0.3714156382328451,4726.447111905435,6,0,0
228,0.010869419031853678,3248.0477833937184,6,1,0
828,0.25029044472414935,2668.6556357696445,9,0,0
991,0.015894574777568837,4605.783553873607,8,0,0
984,0.19581597797690853,4158.468547019057,2,0,0
940,0.39645623710832384,1426.9609033828524,7,1,0
360,0.14107779201806964,4638.2064694989185,1,0,0
686,0.3155246966351103,4637.604476416412,4,1,0
772,0.36845659931875796,3935.024988534344,4,1,0
154,0.02632105631358056,139.18240571964185,9,1,0
996,0.34822110451877886,4282.734657584604,8,0,0
75,0.2625769470558142,1991.6976215500854,0,1,0
314,0.024039484243225107,2972.7111068967815,0,0,0
362,0.05771378035213387,3456.456508532081,9,1,0
399,0.13392246027945692,72.87719241833311,6,1,0
426,0.3654640179665167,3658.218408004284,4,1,0
925,0.12755769666900035,4198.245591183612,9,0,0
714,0.04480686199766132,2665.201728713972,1,1,0
988,0.28517471400438055,3162.6085188808333,3,1,0
231,0.09634554734648398,1923.4515011004892,1,0,0
440,0.2847382573315054,3036.403827007313,2,0,0
767,0.21630066297846362,719.7403075583995,2,1,0
958,0.245347172963492,1917.874860367072,5,1,0
915,0.299282175079155,1887.8644943455993,1,0,0
256,0.06649929353731959,816.6391887813355,3,0,0
283,0.06400885432083281,1365.811676576993,6,1,0
768,0.27005835468141004,3511.880908977309,7,0,0
298,0.2275448330532039,4553.566213960521,8,1,0
972,0.3401188769218915,4302.1398641353035,5,0,0
541,0.12484019399025559,1266.4861180725259,6,1,0
581,0.31527801545459766,1335.0897884359058,1,1,0
180,0.1497333564737925,2257.5075240821066,1,0,0
448,0.16212494781930753,675.0277282187965,5,1,0
749,0.2691001957049102,1056.9661356629808,3,0,0
612,0.07918651026460011,2632.9737498002264,1,0,0
580,0.05907777497222716,3257.742530003819,7,0,0
117,0.1979555753813418,2930.5431296545707,2,1,0
825,0.13500102239029022,952.6166890947278,5,1,0
369,0.38228413187971516,3281.8951219425335,5,1,0
25,0.08683581847716992,654.4574757616703,3,1,0
664,0.07906328481653413,2482.1113149124412,0,1,0
654,0.3011281511886286,3600.676641050866,5,0,0
487,0.27994307806336866,622.1797089368789,6,1,0
822,0.2271139119034346,2714.1900957374864,2,0,0
616,0.12053266516616173,3834.9031105875843,4,1,0
125,0.3760296842251841,3380.3613770131715,5,1,0
748,0.20242994480907217,4107.976063644266,7,0,0
131,0.39250341810413103,500.716559031849,4,1,0
448,0.27748766742627407,1034.756044479644,7,0,0
191,0.052850301939650346,3676.5791000904787,6,0,0
925,0.07130002691484522,4620.862701276054,1,0,0
161,0.05160832443949981,1079.9967767031824,8,1,0
753,0.1593021856413272,4074.7129217028228,3,1,0
482,0.23658632581547823,3548.1361118821605,5,1,0
409,0.03953801048832406,3315.5295508232725,3,0,0
621,0.029281355260239172,2459.8736708810793,7,1,0
602,0.1867598321158706,2074.5841475423326,0,1,0
441,0.11731113350314104,3982.2849989651277,9,0,0
393,0.06230753159456237,1827.9092599998426,5,0,0
477,0.39213564965335845,424.91124421747065,5,0,0
93,0.0030416554574796417,177.23905754282194,5,1,0
256,0.27040614124121765,4516.727752763077,3,0,0
509,0.21433241219474242,2768.423869095533,6,0,0
60,0.13172137969840464,3465.2322575371077,3,1,0
96,0.3505721099833267,4432.149416690792,6,1,0
483,0.37083040473815904,2919.660466258876,4,1,0
740,0.3823093670068092,4386.221846650516,6,1,0
569,0.2666541812293704,1318.747930641682,3,0,0
751,0.0513841213248909,3765.911631519173,2,1,0
457,0.17586005567282614,4373.157193315652,1,0,0
682,0.2172116296816024,545.6123086633584,8,0,0
914,0.0763416162424761,3609.3357190176207,8,1,0
54,0.001092071428624386,3399.5103405461223,2,0,0
294,0.2304603864598298,2096.202764581346,4,1,0
929,0.2721256886377869,4647.423506640212,2,1,0
817,0.07628711215118938,852.6023005049822,8,0,0
445,0.3958475496008733,1617.53137453822,8,1,0
42,0.008994065786193828,3812.177484539036,9,1,0
106,0.02313095866999998,787.4646541294625,2,0,0
728,0.22511814333630864,2721.2540984550897,8,0,0
826,0.34489562365643306,1534.7191212282676,0,0,0
41,0.025750149732733485,2382.5625184808805,1,1,0
512,0.30133498047225254,3153.5109485902112,0,0,0
57,0.11556543180299905,303.5542015930957,8,1,0
195,0.2876041465314005,2948.9240025601634,0,0,0
216,0.009723129209773307,272.1976373065862,2,0,0
905,0.047787223831300574,3807.324278067458,9,0,0
605,0.028711739701122507,1133.3811713223067,5,0,0
763,0.2528328715421891,2706.6238088522596,0,1,0
899,0.2653475948817607,2280.8474589911675,2,1,0
757,0.21399308610629558,519.33744933668,9,0,0
30,0.26509677725023667,4124.82018485405,8,1,0
490,0.3892103057678519,1757.515107665187,8,1,0
367,0.15594507490221227,1274.8459139589797,2,1,0
5,0.3530611392459285,2856.7733179769225,1,0,0
841,0.060373317948340055,1441.7074198639525,6,0,0
873,0.35728117304657814,1998.299681604311,7,1,0
975,0.1743499045695926,3334.7092358731297,7,0,0
833,0.2968753762035898,2664.3320099370517,4,0,0
283,0.23047775705659135,3681.620163114671,1,0,0
79,0.1929403670964832,1002.9562625994461,7,0,0
71,0.24699244234604284,4290.789712054541,7,0,0
86,0.20867396015207068,803.8055612280031,7,0,0
691,0.02861834675840469,2710.1073549051553,2,0,0
566,0.22307462822858476,2337.468867373674,8,1,0
569,0.2666541812293704,1318.747930641682,3,0,0
860,0.16270248116479358,3524.671197776503,3,1,0
611,0.1435015527545993,638.3627712502615,8,1,0
973,0.057161035904257085,1820.7140973737828,1,0,0
761,0.05576667017583825,3010.602014100567,0,1,0
33,0.36418065136836125,277.2372500290595,6,1,0
776,0.256417681217571,2435.445943775635,6,0,0
468,0.3284076155442245,4375.922212960259,9,0,0
728,0.279697622319235,1883.549067495567,0,1,0
954,0.25822217095141076,3559.336178626096,3,0,0
872,0.3733016023221019,3074.3195516396117,8,0,0
317,0.24176103368248575,108.57253760487205,3,1,0
884,0.18203143589832999,2285.7849539720987,6,1,0
183,0.30193695591309505,2207.948294653855,1,1,0
39,0.24136419373839169,4572.3597182116655,2,1,0
526,0.016985660666475444,4494.111829998182,3,1,0
439,0.360335161624566,3747.821470257239,2,0,0
41,0.3320165165556588,3081.3943951097117,5,0,0
829,0.3815750288727806,4862.853241405548,2,0,0
79,0.37640449725550496,2941.0126135270666,9,1,0
302,0.06328106825337954,4208.292140467423,4,1,0
586,0.10301186179104216,2841.340742989706,9,1,0
682,0.11114138331929263,843.848652270706,1,1,0
71,0.3416681406401069,917.5894811016275,9,1,0
720,0.244946872192087,395.27975233567906,4,1,0
658,0.16833691712684623,2756.184166909334,7,0,0
770,0.3999740741461912,2185.273082053125,2,0,0
832,0.13267558583769545,3399.226668407264,9,1,0
621,0.18399253859339332,4085.4266948896457,8,0,0
118,0.34739449929939237,1102.8257008121425,6,1,0
640,0.10993097818448844,3783.2954053626017,3,0,0
905,0.0021720338920449556,2263.4524476622923,4,0,0
903,0.002053101448724226,3498.8679510377715,0,0,0
336,0.05403874683319415,617.7144242230165,0,1,0
555,0.2507893249532281,4676.116286216754,0,1,0
739,0.10452906439043308,3976.883377418313,1,0,0
209,0.09091349812057575,3601.511980075793,5,0,0
111,0.13305397808464958,1801.2901280710803,1,0,0
103,0.15649385709022734,1310.9732538903577,6,1,0
406,0.16252882169590765,3375.6531038382877,7,0,0
103,0.15649385709022734,1310.9732538903577,6,1,0
807,0.34501291197032735,79.18985318209445,3,1,0
740,0.2797376297281731,106.88772468601093,9,1,0
868,0.032461811489920556,1281.0449063016733,7,0,0
988,0.3139319130010507,379.99447881532535,0,0,0
801,0.1736438330763373,1042.65652594427,1,1,0
302,0.36799824416525717,4170.078941438967,6,1,0
128,0.04672695633443896,4185.203161658624,6,1,0
85,0.03083729181047873,4115.49610443026,3,1,0
674,0.23501010478634837,3996.6333080008685,2,1,0
669,0.04752012032580971,2472.5378470554483,0,1,0
410,0.32936216711370314,4126.585999524,3,0,0
524,0.3694641480654775,2457.285124882681,8,0,0
972,0.0772820033249414,3206.493019510235,5,1,0
31,0.0078679901867722,197.56307812643936,6,0,0
886,0.3477522180077642,4258.446845156897,7,0,0
411,0.1238554858895235,2616.8097836678626,0,0,0
761,0.20558048292317455,3648.3576724963486,7,1,0
474,0.29773950333283655,4355.165158787839,9,0,0
859,0.3197123200882855,3480.4968610469277,2,1,0
658,0.30494687083464966,1131.3568408048634,0,0,0
811,0.1894237324252775,739.4284420640887,7,1,0
553,0.07344708195646638,877.8072276620733,6,1,0
726,0.018103630743692478,4179.432675676397,1,1,0
845,0.24620087960216785,792.6196882602438,7,0,0
966,0.10413883757677289,1268.7136041184688,6,0,0
289,0.06280780657811796,1897.6120471315535,5,0,0
547,0.3511066842041623,3514.1274800519486,6,1,0
746,0.329678693639422,1739.6062741145304,6,0,0
529,0.354399632453077,957.8768449058863,4,1,0
419,0.3669476854497966,2313.617179774876,9,1,0
915,0.19449155080021957,664.2087987974548,4,1,0
833,0.22930243983617093,2100.877318749116,6,0,0
621,0.29117872753198293,271.39279040335384,8,0,0
587,0.07339036081789618,4921.399331275075,3,0,0
107,0.12325816220485752,91.04445035064543,3,1,0
273,0.14250895462978413,3702.27018450432,3,0,0
686,0.3182353542750485,3313.1666601093034,9,1,0
532,0.22237794910100628,4730.998018641317,7,0,0
566,0.22307462822858476,2337.468867373674,8,1,0
42,0.1530743254592874,2004.2758400230975,7,0,0
498,0.3976439245238421,1292.9461073473458,0,1,0
439,0.1804847068242701,2216.7335959974216,5,1,0
515,0.08622319448692956,2394.328917398688,9,0,0
229,0.08451875818127552,3761.242033954299,9,0,0
481,0.24664041366928002,4824.350434457894,7,1,0
873,0.12522170087680184,4446.3961184995405,8,0,0
578,0.3408927488942273,2986.2991999118317,4,1,0
5,0.3530611392459285,2856.7733179769225,1,0,0
373,0.2664135187006971,3272.6148251157783,5,0,0
525,0.03195047102418691,1711.7466348061805,6,1,0
904,0.15954998161842782,3369.6387694325554,2,1,0
68,0.22411400726304448,3426.3093802754347,3,0,0
30,0.01682516606752832,2651.4414954756126,3,1,0
606,0.30574566719117163,783.0875740159655,0,1,0
763,0.38212579903469773,4975.491180868193,4,1,0
145,0.3184107321421764,1145.7743694851702,6,0,0
43,0.06236805661083955,4633.911701233935,7,0,0
728,0.22511814333630864,2721.2540984550897,8,0,0
254,0.023098241600814418,1996.7541664643152,4,0,0
214,0.15822728826672883,2552.4523929424126,5,0,0
630,0.24422040335675005,4008.825369906481,5,1,0
799,0.166323817667073,4628.377337834384,8,0,0
675,0.10062518227558481,4154.799833026266,9,0,0
462,0.36967216647765244,2666.0813910365882,6,0,0
165,0.01940226201547257,3512.0722497689994,4,1,0
569,0.12539916755598135,3892.737732244296,5,1,0
994,0.34002843742744865,3301.980200097112,3,0,0
822,0.2271139119034346,2714.1900957374864,2,0,0
976,0.1289054370116688,375.5504606811495,1,1,0
532,0.25408189522908736,4695.551033737316,3,0,0
808,0.3124581310930397,1027.8422482312149,7,1,0
317,0.35239349342013265,1752.4420979327856,9,1,0
899,0.20987348745910295,1129.0677313676304,5,0,0
915,0.34763945068370516,1367.1756574272638,6,1,0
602,0.1867598321158706,2074.5841475423326,0,1,0
382,0.24511098732687042,2555.409085313576,0,1,0
825,0.036529323016390725,4106.52293559764,7,0,0
659,0.17215401665997965,3495.9580555732846,2,0,0
488,0.3115808768722899,2556.7359697596958,6,0,0
289,0.06280780657811796,1897.6120471315535,5,0,0
391,0.31646694023552235,4909.244967153033,4,0,0
342,0.007323563636243369,4929.729417481762,5,1,0
386,0.09597771949786288,224.1674465710124,2,1,0
77,0.22933041051899383,2022.3715095581388,8,0,0
578,0.3408927488942273,2986.2991999118317,4,1,0
879,0.08564527733383659,3188.6779553751808,5,0,0
279,0.03716577568017293,3208.15349429262,9,1,0
946,0.21812222418215865,402.6415404508651,3,0,0
216,0.2998595055551387,1377.9431525792854,9,0,0
876,0.24180450337583315,994.7041986647446,0,0,0
128,0.04672695633443896,4185.203161658624,6,1,0
963,0.3652660654349971,291.3267425662066,5,0,0
943,0.02698488071369587,3797.6256142571833,7,0,0
257,0.16885957228110854,2064.328124446527,6,1,0
686,0.3155246966351103,4637.604476416412,4,1,0
456,0.3413224411465657,1227.7854394730007,2,0,0
902,0.1476409852414749,2015.7589767453399,5,1,0
774,0.2510742263184926,2498.096107537753,3,1,0
499,0.18932119170204703,191.5165892015894,1,1,0
827,0.3191750325653654,3444.785072551621,4,1,0
945,0.23976527636064443,2080.0637218655284,1,0,0
628,0.08277039741154363,2262.988131667699,6,0,0
806,0.19839644073282658,4575.622860632866,0,0,0
675,0.13732409643424415,3719.437119969298,5,0,0
571,0.2907652371385553,1640.9998000490384,1,0,0
327,0.18114771629478416,2114.1592595179536,0,1,0
964,0.33572901565018065,2476.0053058922285,4,0,0
521,0.15271638304393542,3565.755240011544,0,0,0
201,0.10488770688955407,2672.736726530369,2,1,0
701,0.007101078085382351,1232.3175750725893,7,1,0
395,0.3560146785272257,3180.0881516278955,8,1,0
576,0.14762352725645955,2402.9501949959367,4,1,0
162,0.14462195140983408,3213.2108628561523,6,0,0
93,0.0030416554574796417,177.23905754282194,5,1,0
159,0.07058301659851485,4639.289141190894,7,1,0
320,0.006031258911200377,1735.309633817518,6,1,0
630,0.24422040335675005,4008.825369906481,5,1,0
936,0.0039033472444451323,2921.319047222727,0,1,0
856,0.043431453993091396,1349.551692704824,7,1,0
124,0.1221150585047921,4360.966739587926,3,0,0
891,0.05047384081802031,3345.573484250906,8,0,0
540,0.1636251539529085,4599.007351278244,6,0,0
620,0.39714035868133724,4604.889427081234,9,0,0
140,0.3444778950855849,2636.721117983745,8,0,0
988,0.09143226337743621,2838.725843216794,1,1,0
435,0.23703210845275607,1071.848273912828,9,1,0
571,0.3979565712100782,2636.452352739453,8,0,0
452,0.11782201971071093,1309.6896327877314,9,1,0
726,0.018103630743692478,4179.432675676397,1,1,0
210,0.00550667916780373,4508.105108244742,8,1,0
373,0.027716494470616915,1836.3803168468196,8,0,0
204,0.15240657232256621,1803.4889832372482,3,1,0
891,0.25818315927426844,2110.6172035708673,7,0,0
395,0.3560146785272257,3180.0881516278955,8,1,0
273,0.14250895462978413,3702.27018450432,3,0,0
770,0.20881950293435136,4539.206637556451,5,0,0
727,0.15266294951663317,779.979494188729,3,0,0
126,0.14296377982699415,1313.1184458527098,9,1,0
609,0.022801361913043106,2823.501939302002,0,0,0
356,0.3952837763455776,3153.312563102795,4,1,0
500,0.30812032466530614,3284.303924156551,8,0,0
613,0.17943434549692938,338.07896214492087,5,1,0
737,0.2186737862162974,1729.5973511557474,9,0,0
509,0.33396837227403264,2662.141196157213,5,0,0
257,0.21116393955149765,4299.130756720623,8,0,0
432,0.16286851122521634,4694.084631356771,2,1,0
217,0.1019391713107996,3305.27643046615,4,0,0
737,0.02351952670737395,305.00218659302084,5,1,0
492,0.3932718279550237,51.64819103128435,1,0,0
969,0.3054300417584252,88.65158089288914,8,0,0
285,0.17238488344993708,3459.2152701513023,2,0,0
313,0.30761410140010176,4075.7568551800023,8,0,0
763,0.38212579903469773,4975.491180868193,4,1,0
495,0.07795946795322795,3996.03138839349,6,0,0
769,0.1273308432162234,1441.2191373104015,0,1,0
508,0.39236755704304965,4994.666416893498,8,0,0
414,0.3120960364481352,903.6477279198812,6,1,0
926,0.19205745562188464,1301.9510959041418,5,1,0
776,0.03314509372327512,1118.4966087878013,3,0,0
749,0.16766911917410515,1054.996842903914,3,0,0
37,0.2846489670673976,3770.5724281579733,0,1,0
312,0.3476292003777168,3880.4376946170373,0,0,0
205,0.1577737368224576,1867.8668993356196,5,0,0
229,0.29332316388746255,189.51105910832862,3,0,0
529,0.3965308604517738,174.91268365467036,3,0,0
611,0.36531846063143875,3778.2086851606437,3,1,0
96,0.10280245951956668,396.18005373304845,7,1,0
305,0.022557939300729746,2219.135941500497,3,0,0
616,0.3733632186005158,3185.967150017559,7,0,0
33,0.22241967967026477,1249.989370280066,8,0,0
509,0.011069976516935698,3529.9298065602443,8,0,0
355,0.010586181867689226,3017.998528187779,1,0,0
134,0.12516728186733656,2660.033583221765,7,1,0
437,0.058735970136429505,1934.5985012909812,9,0,0
987,0.346648734275746,3268.3374488589666,2,0,0
343,0.08592843487523244,938.0658424654232,1,0,0
602,0.30206531442826756,4768.944694308463,0,1,0
546,0.1441013469250194,4787.428667577534,9,0,0
984,0.0789004385128329,429.6611222448425,5,0,0
467,0.24401911214087496,2008.2223505364489,2,1,0
898,0.386574300415745,4370.351574600156,8,0,0
606,0.27047118000246345,902.0780187830746,2,0,0
737,0.12512316263146844,280.50868699484136,1,1,0
937,0.03572569030471118,320.1725374181589,1,0,0
766,0.14804730845668557,3019.2507343899015,9,1,0
573,0.39314644629813894,4761.45152094275,7,0,0
925,0.0272559449554296,4167.965261891557,9,0,0
476,0.13214987638687747,2909.462392654186,9,1,0
673,0.17643892416605927,3213.818960968935,1,0,0
602,0.311719066847056,1064.557043443916,7,0,0
798,0.23842140195772987,4968.817590771614,2,1,0
267,0.21802079145647513,150.8668780471466,7,1,0
836,0.27907074670147114,593.4475790559577,0,1,0
343,0.3479318082993496,565.7385389276536,9,1,0
76,0.372792169111429,3859.46317853844,2,1,0
235,0.02672935630240908,2413.7439778103717,4,1,0
329,0.3291997976885209,4532.431222696771,6,1,0
288,0.31302976572141455,564.8033453607804,3,0,0
352,0.15933757686643285,4810.669884597644,0,0,0
112,0.3888791271164928,4052.349293381093,3,1,0
382,0.36112428904212995,3717.7317795587333,8,1,0
743,0.3093383545344325,3163.700140188674,5,0,0
607,0.028547168953971858,4029.597624650182,0,1,0
32,0.19910498205899757,1658.818419011379,5,0,0
807,0.34501291197032735,79.18985318209445,3,1,0
554,0.0018838472752665258,2275.1875876272707,2,0,0
842,0.31755026874226333,2315.5369158476956,3,0,0
570,0.1457075693380243,1066.8451201465505,2,1,0
644,0.10526957341892146,805.5471670876797,2,0,0
995,0.04000913487883967,4710.925141997503,4,0,0
475,0.24603909326782303,1640.1982725035984,1,0,0
504,0.04734049525239753,3068.861045368961,7,0,0
145,0.11961160683292898,4054.1010156443917,5,1,0
798,0.04083988243317699,3706.940611977197,7,1,0
125,0.10886444984146676,66.69607057524976,6,0,0
921,0.015146613239812812,3510.4320572331517,5,0,0
535,0.09351729284632854,3771.3280994664706,2,1,0
578,0.3408927488942273,2986.2991999118317,4,1,0
732,0.0001203348714511332,3264.975074824249,0,0,0
326,0.21650246505624005,4669.169596108971,9,0,0
828,0.11315214307561727,3042.586191105562,5,0,0
186,0.1781932392615141,489.5970230450574,8,1,0
304,0.2828160963964643,592.8378963893516,9,1,0
607,0.06564343554131963,3395.8790610672527,5,1,0
438,0.25503011427207184,2458.641168660793,1,1,0
619,0.2664451641957994,3516.5937447363626,9,0,0
164,0.03571919150441416,4116.182959650752,2,0,0
284,0.20244859821958222,3487.256553544378,8,0,0
135,0.026706881624774303,3908.9112027089704,4,0,0
854,0.3394231925144307,2432.1938477392814,5,0,0
489,0.02710587210299653,3100.653103117218,4,0,0
389,0.25500968986401584,1694.4354111948562,4,1,0
294,0.21610659379251174,1246.981374233906,7,1,0
641,0.0062982006358934806,4554.15200993722,5,1,0
646,0.16984630923979355,2358.2454689326487,4,1,0
483,0.23605837211662045,3056.8073134310653,4,1,0
183,0.24737861979290215,1501.17160461803,5,1,0
14,0.2633739262150231,3968.7831348594896,5,1,0
942,0.09936833193507838,381.40833280776087,2,1,0
909,0.2622502871094882,3909.2586184524366,6,1,0
696,0.3142339248934001,4200.902400117513,7,0,0
734,0.10405499821025371,3574.5739368287573,2,1,0
427,0.07656740030220194,3593.3068865418327,2,1,0
898,0.12439853187657396,3773.7338316794308,9,0,0
171,0.02878593265139856,4705.421971175335,1,0,0
714,0.04480686199766132,2665.201728713972,1,1,0
701,0.007101078085382351,1232.3175750725893,7,1,0
490,0.30753231492890565,2076.396978294426,5,0,0
145,0.11961160683292898,4054.1010156443917,5,1,0
366,0.20224013375009425,2685.3572062465255,6,0,0
943,0.05988346595544247,3714.9504485389634,2,1,0
899,0.1266264084828581,378.7227871530076,7,1,0
29,0.08840083323203218,547.125204822391,2,0,0
293,0.3529412223408608,2427.9680615282746,4,0,0
803,0.3038549041135023,719.7332056885328,2,0,0
679,0.12627727370430253,2394.640546913332,9,1,0
901,0.18167361673242222,2660.5194323354144,7,1,0
483,0.37083040473815904,2919.660466258876,4,1,0
550,0.10332159244585265,2899.907715838769,3,1,0
229,0.18933710498639178,3641.2531412042185,0,0,0
440,0.09260375582194674,4145.348633774297,9,1,0
201,0.37945612444351484,3298.4289767787172,9,0,0
258,0.1123793889693443,2684.779144275207,3,1,0
445,0.3568531293383536,4122.582953645493,3,0,0
833,0.3673540027868488,1606.8777999576062,6,1,0
908,0.34913629676527325,119.7023632491487,2,0,0
227,0.023899854828874634,2359.130253667735,1,0,0
328,0.06330991452251183,3642.1951330062398,4,1,0
781,0.25535664347251563,3590.7135261944477,3,1,0
588,0.26756025383670246,3640.563918339748,5,1,0
456,0.1516849727860063,445.71641540762687,4,1,0
519,0.07024865743040082,519.4214384050837,6,1,0
811,0.12144311831239452,2767.366401014689,3,1,0
366,0.27549462224811166,939.5479961336547,6,0,0
223,0.34794417883928447,1153.4103352068364,5,1,0
464,0.24177492539518453,1662.5112769430928,3,1,0
627,0.2872688572631029,1580.0639332152227,0,1,0
708,0.22663084169086156,4636.136471018128,0,1,0
139,0.11035629297220934,2519.9559757091197,1,0,0
593,0.03110254576284549,4199.359110792856,6,0,0
927,0.3193630911246098,1361.7143165416778,8,0,0
592,0.14791135929093158,1872.4093935638728,5,1,0
910,0.10031604507328673,4437.761119641556,2,0,0
275,0.22756211551638472,161.11248745082236,0,1,0
553,0.07344708195646638,877.8072276620733,6,1,0
999,0.08404529267648764,3847.217077840996,2,0,0
224,0.31431607995142485,2284.0830824969653,1,0,0
306,0.15047613820579409,1782.0629556888398,3,0,0
496,0.2874853136983609,2128.1359530455243,2,0,0
819,0.2322594324058594,3144.351344575354,3,0,0
947,0.24958491663133087,3606.73980020168,9,0,0
511,0.25456770646079957,1194.7582832631088,3,1,0
271,0.22032680377455338,1464.3120558093142,5,1,0
638,0.30434211030175046,1094.9077347276252,7,1,0
85,0.11051757163364245,1777.752928668066,7,1,0
734,0.10405499821025371,3574.5739368287573,2,1,0
428,0.34347803461389537,1613.049418164594,3,0,0
628,0.176438675252167,2380.752134449173,9,0,0
517,0.16288977187280912,4188.867600454766,8,0,0
304,0.26573962314091043,4600.422195354525,5,0,0
336,0.25704343743963687,3497.6679355826413,0,0,0
809,0.2777625340313598,1787.8273817790293,2,0,0
154,0.28671591267783053,3487.674722669294,2,0,0
563,0.3229174259584482,1686.2760544726136,0,0,0
891,0.07372630023745058,2953.4648756994025,4,0,0
404,0.013540566835025525,411.7096286536979,9,0,0
652,0.3432871460373921,3847.6567505806374,9,0,0
630,0.24422040335675005,4008.825369906481,5,1,0
813,0.006756821153091286,608.9061773514358,6,0,0
106,0.07957954199691492,865.6253694638353,1,1,0
69,0.13571543213802661,2297.0032877473686,5,0,0
572,0.3265683666459277,4364.13296930609,0,0,0
952,0.27616074868713897,3532.7460420439174,3,0,0
847,0.3157767427209788,3684.102405080087,9,1,0
954,0.21166336351126358,1158.546180667842,1,1,0
337,0.2473090075550161,3476.469506130163,8,0,0
378,0.16519046716481878,4254.677211602354,3,1,0
490,0.30753231492890565,2076.396978294426,5,0,0
588,0.18754970265917498,442.17136251055314,5,1,0
290,0.1356795175955685,2159.122055179886,1,0,0
530,0.13916353524931946,1156.541590236248,1,1,0
915,0.13685031474429793,2551.280932800893,5,1,0
867,0.22036952054213177,3032.431120888119,9,0,0
159,0.154864610875665,2494.898229135736,8,1,0
487,0.16517254588249597,4098.354795336592,7,0,0
745,0.01205591966319891,2942.8523931730674,0,0,0
104,0.09341724996720968,2325.466946198379,6,1,0
797,0.3794978812453638,4416.433398081853,6,0,0
81,0.16773197559132375,2232.9735941227277,1,1,0
493,0.15922598340290217,554.0948409190071,3,1,0
785,0.18643516534043025,678.5022399454668,1,1,0
380,0.24438969411483302,3197.6907299945246,6,1,0
664,0.16899077523491807,4633.658092903284,5,1,0
853,0.3554471652302708,3023.3557186282655,5,1,0
43,0.05111208556597224,1566.7215549208283,0,0,0
235,0.02672935630240908,2413.7439778103717,4,1,0
147,0.06965974118902318,988.7557685967059,9,0,0
973,0.08837843371173038,3315.125773953828,7,0,0
722,0.033776441488767184,3815.767878540119,8,0,0
726,0.21466067098381814,992.2866431281263,9,0,0
262,0.32287964613065295,945.8489091496759,4,0,0
449,0.3166516631993357,2955.102121256248,0,0,0
401,0.03501731181589063,3805.5033955089566,6,0,0
806,0.3755736219757205,571.9746994699705,2,1,0
967,0.11680979923902218,3524.7445860552166,5,0,0
971,0.08469824981578927,3509.7648402444274,5,1,0
851,0.24517522052783042,517.8517316828422,9,1,0
630,0.007606547597677704,4463.342341801376,5,0,0
497,0.23280934741898107,118.38660853621474,6,0,0
363,0.38793614477206334,2198.1977883764657,6,0,0
345,0.29226075771909654,2161.957302188579,2,0,0
132,0.14730166647022802,3485.832284541811,0,0,0
924,0.31296651842435347,4327.732394646437,4,0,0
158,0.024792485262001118,3688.830082661815,0,0,0
984,0.3342524505754914,2858.626380490417,5,1,0
398,0.20933230673093634,2725.737935495038,8,0,0
956,0.004441901914413959,443.5427368703833,3,1,0
350,0.28097405499661965,253.4416109974398,8,0,0
654,0.03992821229112825,2346.5385893332227,9,1,0
284,0.20244859821958222,3487.256553544378,8,0,0
286,0.021391640491897068,4321.45709161276,7,1,0
629,0.26402372450189965,222.58623626927658,5,1,0
153,0.3206328546284349,4279.738436308563,6,0,0
692,0.24650910424075156,180.44691553625955,3,0,0
587,0.07339036081789618,4921.399331275075,3,0,0
917,0.2554024435887738,1268.6981350698807,6,0,0
768,0.17873482275087077,3666.8529816457103,1,0,0
783,0.17918126782891425,341.4391849262904,2,1,0
915,0.037391627979541986,2257.494606340337,6,1,0
772,0.031212591841256687,148.96379677510077,1,0,0
413,0.08177751920690907,192.79958143560725,4,1,0
350,0.10895223490769246,2583.5949525314527,4,1,0
471,0.3698749736952428,2263.722862473079,5,0,0
488,0.3242635134121014,316.82785117246385,5,0,0
149,0.2022455322259547,3273.586122345022,2,1,0
276,0.25109057076956376,4786.117295969251,4,0,0
801,0.19169393181599925,4535.232619316275,2,0,0
316,0.09221759529213247,4940.639812097401,5,1,0
658,0.30494687083464966,1131.3568408048634,0,0,0
642,0.10188801709553186,1679.0339069218053,1,1,0
936,0.3871255738503355,4158.582518355191,5,1,0
686,0.1869639348533919,3253.826718882641,7,0,0
251,0.207581793302052,3822.0809289737385,6,1,0
787,0.06958000545398091,4248.734206136602,6,1,0
83,0.04214609421870674,994.2114668887272,5,0,0
635,0.38950269696201884,4035.1071960991076,7,0,0
410,0.15864449188795265,614.7272366735324,9,1,0
253,0.26634284035690786,4826.056597904422,4,1,0
244,0.19696648932312355,144.84219555490984,6,1,0
225,0.14970639012331638,3708.1130808670964,9,1,0
71,0.24699244234604284,4290.789712054541,7,0,0
90,0.2808361035497788,3555.3430178504373,6,1,0
695,0.17010811922766733,806.2970045351622,4,0,0
669,0.06116928798107063,4881.113016601725,3,1,0
602,0.311719066847056,1064.557043443916,7,0,0
805,0.009862873231587743,680.843125072109,6,0,0
481,0.3674914858149477,478.52840702024173,0,0,0
385,0.37826958361312035,708.8526160631396,3,1,0
887,0.2813977676041256,3269.974923344005,0,0,0
917,0.33868767336483946,3933.0805303279653,7,1,0
726,0.1374846832264745,2152.6865751578107,7,1,0
73,0.36580397218426197,1905.4268079569392,5,0,0
369,0.2235307777704118,3226.567002575503,4,1,0
795,0.024812313871762748,1368.4941902858911,4,0,0
141,0.39798254480030376,3756.18199471848,8,0,0
446,0.2235802522653318,248.5477031238293,9,0,0
73,0.36580397218426197,1905.4268079569392,5,0,0
537,0.39329173541575324,4024.9459423818644,6,0,0
477,0.20514640147197327,2595.1442062026294,5,1,0
806,0.16372028147703332,3131.908223169655,6,0,0
608,0.16742810728810598,863.5739597270617,7,0,0
973,0.14771101815688248,4935.625633399146,7,0,0
72,0.2015177444673426,3140.1030151117175,1,0,0
504,0.13736812564815049,2251.7765000581094,0,0,0
518,0.17505240214228185,3126.899066176254,9,1,0
913,0.02699964609051947,2684.869246541817,8,1,0
972,0.39773096061073365,2375.2721292322335,9,0,0
946,0.3165343049325535,3975.669243611807,6,0,0
963,0.3498531778749594,3293.5824152483065,5,0,0
937,0.30192368259063573,4234.293317584018,8,0,0
642,0.2682256280211165,3753.1076983188946,6,1,0
956,0.01518978997723125,1717.796929603042,5,1,0
669,0.030585877582971877,3157.9306112221516,1,1,0
796,0.24350769585013649,3207.6135587941303,3,1,0
732,0.0001203348714511332,3264.975074824249,0,0,0
242,0.3000702416067134,390.7374650071996,6,1,0
931,0.38335261899840745,4611.557939167823,9,0,0
163,0.1497288619671273,724.572659103118,3,1,0
792,0.3616973444274642,991.592485271801,3,0,0
554,0.12888294343111156,407.96922355379155,5,0,0
895,0.03256725072198052,2113.0956082613825,3,0,0
999,0.3633022186659345,1760.0973082608436,6,0,0
549,0.1252567365819457,4968.42996407196,9,0,0
251,0.06601758844499778,2870.6509773505845,2,0,0
946,0.031222137486962065,3494.5549171101143,1,0,0
527,0.2712877262677901,252.9732090391732,2,1,0
267,0.2317388656153339,3370.6327574565394,6,0,0
741,0.2344714217204079,4946.9585586809035,1,0,0
95,0.28783069813585616,354.3837724544023,8,0,0
951,0.05547813051716838,931.7361139231181,3,1,0
875,0.25072370992083637,2094.6302849068406,7,0,0
723,0.2994415473786586,934.7196211463739,0,0,0
315,0.14962420963008022,2973.023553612614,3,1,0
274,0.3257445767648065,4877.29674172205,5,1,0
233,0.19477656781304764,2143.9339145721246,6,0,0
348,0.13019650680551098,1585.9524254695314,9,0,0
223,0.043976504184364495,3171.5906506333954,7,1,0
400,0.39559133369446725,3343.6877852424273,7,1,0
619,0.01838889636654495,4711.58592291701,4,1,0
895,0.3228797857653439,1242.503689342055,7,0,0
68,0.3327547043786067,4520.110693000998,0,0,0
766,0.22361014260118217,972.2205118709667,4,1,0
968,0.17812494730189005,3216.525207687558,4,1,0
28,0.2613468870222685,3867.177571337625,3,0,0
211,0.2150929333892565,3323.4887077444982,1,1,0
178,0.0622171039733776,3877.931738855236,2,0,0
704,0.12960766688599323,786.9916529876455,2,0,0
673,0.08183783186486393,1100.9913500110392,1,0,0
847,0.21344334785458297,4477.122753150673,4,1,0
220,0.1462702142407849,1265.1463303790094,9,0,0
276,0.03760101438140123,2679.205201544338,9,1,0
289,0.08698044384811277,3677.58243710031,3,0,0
10,0.3586317626789636,2800.697718529017,0,0,0
195,0.3109683668783546,2640.6921299813066,0,0,0
537,0.148839379281186,3669.6090174063356,2,1,0
106,0.07957954199691492,865.6253694638353,1,1,0
760,0.385321263507381,1341.4169107278033,1,0,0
277,0.3511692170509309,2520.3311345576817,2,1,0
735,0.1759648853658884,2303.157569304595,9,0,0
314,0.18231999550689149,3307.589479797141,5,1,0
984,0.3342524505754914,2858.626380490417,5,1,0
625,0.20046936799817971,2440.985705193176,7,1,0
293,0.33473500195929956,3639.416401579324,3,0,0
413,0.21171261582341738,4994.760774313842,4,0,0
134,0.12299630003562712,2910.0677020544276,8,1,0
611,0.3010268364635226,2956.2795132826914,5,0,0
659,0.3839381818168557,295.5830464765623,2,1,0
164,0.28249998559095785,1835.2725647067712,1,1,0
535,0.014631054583666092,2607.540665620476,6,1,0
833,0.3507453077646816,2072.610292602534,9,1,0
228,0.16323636490931032,965.8627460894078,2,1,0
481,0.07438521411705884,4752.8347344433305,6,0,0
471,0.21648377349952674,1576.2009380076704,9,0,0
670,0.1414429548931826,1129.9661325759619,0,0,0
74,0.1312039112853725,1440.6917377085183,5,0,0
79,0.37640449725550496,2941.0126135270666,9,1,0
944,0.09394497513625705,1129.393459627571,6,0,0
654,0.3011281511886286,3600.676641050866,5,0,0
251,0.06601758844499778,2870.6509773505845,2,0,0
424,0.28506348741445725,3267.222967714028,3,1,0
631,0.35248516690360293,902.2561957033946,6,0,0
832,0.3203107745288443,971.7422842350572,9,0,0
38,0.05996092946356507,776.7589289246617,6,0,0
706,0.06881949902068213,1263.0291268060275,1,0,0
529,0.23377192484688286,1382.8181038649582,3,1,0
393,0.06230753159456237,1827.9092599998426,5,0,0
690,0.03289910889761949,3106.3873106243655,2,0,0
425,0.3301934191004443,978.6088712683032,6,0,0
762,0.39333347443748135,3472.1643895713087,2,0,0
896,0.018260189690686934,4490.163832169674,5,0,0
216,0.32951734054950066,3759.4466140813183,9,0,0
596,0.10531586113715047,850.0024081186519,2,1,0
407,0.3886667225153081,457.6925524509888,1,1,0
639,0.13362934257353087,4634.561518145281,6,0,0
95,0.2881266475442961,4016.1447634754277,2,1,0
296,0.1416095419048337,2580.473379461883,2,0,0
460,0.2793111684330947,471.939474090962,2,1,0
349,0.13265655349792072,1390.6538659478779,9,0,0
915,0.19449155080021957,664.2087987974548,4,1,0
104,0.37915130860525925,2597.985245080663,3,1,0
563,0.1770770983797475,3546.129629493086,0,1,0
807,0.17271010008839932,4577.948446547195,3,0,0
664,0.027863992850492236,3996.9976804336634,2,1,0
765,0.2711021943596575,3342.7319316444564,7,1,0
576,0.23628792652192782,4064.107735360625,3,1,0
621,0.0022522404901443305,1160.672752954418,3,1,0
225,0.14970639012331638,3708.1130808670964,9,1,0
558,0.11677090096318415,4612.641105777534,1,0,0
859,0.184528079670902,2543.909488667504,3,1,0
476,0.08975013024717532,1836.9463024992651,7,0,0
891,0.0026570845774310237,4972.99226584849,1,0,0
947,0.08722328309547128,1157.2761094937134,9,1,0
122,0.08356620865679387,2382.0045003475943,7,0,0
33,0.36418065136836125,277.2372500290595,6,1,0
521,0.274714306144258,2563.8578599519296,2,1,0
576,0.3764908086480584,736.7526605725491,6,0,0
661,0.17625923050272757,3849.9266842582706,5,0,0
241,0.396946680881036,438.66602902095184,6,1,0
301,0.046733968452221775,4391.30275952199,8,1,0
704,0.1799412988772774,1947.634569718433,3,1,0
770,0.3999740741461912,2185.273082053125,2,0,0
626,0.36036255601333944,4217.938668601116,3,1,0
632,0.39739887741038826,3698.567572886983,5,1,0
223,0.34794417883928447,1153.4103352068364,5,1,0
276,0.27325802250861503,4453.564685212454,7,1,0
449,0.2117702886207541,3368.3607566549267,1,1,0
192,0.27079846139924346,1825.2957120875476,5,1,0
238,0.12079250033541672,3606.319214964836,2,1,0
966,0.009463820255731725,3512.0156819556582,1,1,0
704,0.0936752088312135,1071.176274361575,4,0,0
664,0.005275561225094927,1618.1158187483402,4,0,0
581,0.31527801545459766,1335.0897884359058,1,1,0
730,0.02395693395666687,2032.20387093683,6,1,0
873,0.3577814136661162,3558.0148077086806,3,0,0
493,0.26768543631919717,2482.983511003975,5,1,0
726,0.04287552545555218,1164.7228147149717,1,0,0
24,0.17492618385183184,4092.5525492979864,5,0,0
504,0.21783603306114518,3005.63517727137,0,1,0
268,0.33549773056515797,3224.83253935184,3,1,0
421,0.08965638641240287,4945.987282287726,3,0,0
647,0.1838935427402818,1340.5077630190651,6,1,0
463,0.30125568178736434,3181.2678528904166,4,1,0
612,0.22935255783376912,324.9409356942243,8,0,0
947,0.24958491663133087,3606.73980020168,9,0,0
371,0.0939629789368977,429.99534886765457,7,1,0
300,0.3262423642030788,4205.384134499341,2,0,0
223,0.0654381667288435,2345.214766236794,6,1,0
891,0.07372630023745058,2953.4648756994025,4,0,0
764,0.2334390495615522,3577.4000642561077,3,0,0
448,0.2874347475790354,4686.018653271531,9,0,0
338,0.3986971789538893,3975.411373908523,1,0,0
884,0.11264444593127215,193.72158024428188,9,1,0
30,0.13775400996599763,3122.972482777106,6,1,0
556,0.39410046493335305,159.7204916585282,6,1,0
61,0.21934235144989678,1013.0529978868964,9,0,0
618,0.27164373785674367,72.77149931862634,8,0,0
816,0.1170995298940451,261.87304853712783,7,1,0
711,0.3479407871842425,634.5789469850582,5,1,0
806,0.2828710130354507,2549.2095306808574,7,0,0
984,0.12080123102001994,137.2190135120842,6,0,0
192,0.27079846139924346,1825.2957120875476,5,1,0
986,0.23263928600600364,4247.940469265535,6,1,0
546,0.051208358838879475,375.05445384272724,2,1,0
120,0.22657837215251325,2969.9181320393027,5,0,0
147,0.22313112590494932,406.9565319029418,6,1,0
899,0.20987348745910295,1129.0677313676304,5,0,0
872,0.2865139801158609,1065.4141953863298,3,1,0
348,0.010466014746036756,3591.0841713544783,2,0,0
204,0.15240657232256621,1803.4889832372482,3,1,0
287,0.12622375980492978,3781.499382967614,5,0,0
695,0.29368720006290444,2376.4509396520048,6,1,0
409,0.38872281412670556,3918.9697436912334,5,0,0
911,0.25601580934574486,4025.8007450640066,6,1,0
767,0.20084528428080717,1054.3836879981304,3,0,0
364,0.05463077829542862,2361.1835705442,2,1,0
110,0.03323656510458578,1891.1770408016137,5,1,0
886,0.3477522180077642,4258.446845156897,7,0,0
952,0.2479679172741897,4862.0779409686165,8,0,0
203,0.26124840444529424,3114.7908136079286,6,1,0
43,0.004411294465170579,1503.0491998300856,8,1,0
836,0.24662174796672365,3349.2427086398843,0,0,0
82,0.3064002860680654,4446.636605679767,7,0,0
283,0.2656340024804179,1837.3284301917417,6,1,0
412,0.09400785859814448,374.1328400595846,3,0,0
127,0.287639797427375,1246.3150877505047,4,1,0
606,0.024796754110043062,1951.0345446497456,2,1,0
264,0.022732313602462917,2758.5562562363066,3,0,0
604,0.25375454723466573,4429.5467057991655,8,1,0
362,0.2196052554659373,2465.5017676621333,5,0,0
813,0.0025394064878636047,4699.074734471837,2,1,0
862,0.13081013864533692,4591.937915689315,2,0,0
937,0.18907580664623053,590.1075887186088,2,1,0
553,0.27641517804619975,3861.342203302487,1,0,0
315,0.39348036349270454,4386.287464771342,9,1,0
245,0.0776383015886653,291.1598990029521,5,1,0
793,0.1656041511642608,4508.933766301203,1,1,0
617,0.33216968330284113,2033.4374363842717,9,1,0
324,0.3037358769542846,2511.4233244944644,9,1,0
106,0.1007570627120542,1784.914721968568,9,0,0
641,0.07684206790362341,3602.2059815953335,8,0,0
355,0.2548712250213103,3610.392953754086,7,1,0
921,0.18498324720293474,287.47024108217704,3,0,0
459,0.10761032263318943,4757.388305052548,4,0,0
556,0.11519331969294472,4182.585488899911,8,1,0
853,0.15777673722155544,1193.266871288092,7,1,0
194,0.10113859054533447,1205.4915136246636,1,0,0
352,0.15933757686643285,4810.669884597644,0,0,0
632,0.39739887741038826,3698.567572886983,5,1,0
535,0.014631054583666092,2607.540665620476,6,1,0
237,0.2153526658492026,3897.8418557695545,1,0,0
457,0.19742848276410546,1384.0481352594772,1,0,0
695,0.19414888897426952,2955.3784643558847,6,1,0
295,0.2968242925536804,4347.325911206851,6,0,0
819,0.167921743519658,3238.5460097181613,0,1,0
509,0.10174399727765626,491.2265647400161,0,0,0
659,0.11218458784924301,4516.293773681085,8,1,0
725,0.04617291947271612,742.2797874631983,7,0,0
648,0.05087726425050787,4410.9978626015145,6,0,0
966,0.052698467414570016,3997.69707004711,8,1,0
979,0.2570213948391021,1699.4029793034451,4,1,0
815,0.09809030346898934,3414.5225258373516,8,1,0
828,0.281406305476815,4244.344512553427,3,0,0
99,0.3611080493368231,1552.5274945866297,2,1,0
847,0.3157767427209788,3684.102405080087,9,1,0
728,0.3348935015887094,1747.1770868320189,0,1,0
147,0.08108536356859403,2278.883440179477,2,1,0
198,0.12380944359945284,3709.8201451066748,8,0,0
819,0.2015156556413683,2834.8773873728965,4,1,0
696,0.2602852721495867,2391.0622245314885,7,1,0
792,0.3616973444274642,991.592485271801,3,0,0
792,0.0653601594750482,4808.740910176288,6,0,0
357,0.11796005523669184,1898.2612175093418,7,0,0
249,0.2747613737613793,2417.8818132686574,1,0,0
700,0.1583735916287175,2909.593159066267,6,1,0
17,0.2963480333214389,4308.421960832017,3,1,0
711,0.3479407871842425,634.5789469850582,5,1,0
319,0.1309646224241145,3143.683918867873,4,0,0
485,0.21698792456014754,822.7944364746407,1,1,0
727,0.3218599031624729,1728.8696756595061,2,0,0
979,0.35672868021702203,4605.214956327889,5,1,0
37,0.26357419081263234,2547.6611143412833,7,1,0
66,0.2192199224807626,3972.43938606114,6,0,0
47,0.0673602225453318,126.53083478781973,8,0,0
418,0.07750433370837728,2330.7032682221407,3,0,0
164,0.28249998559095785,1835.2725647067712,1,1,0
974,0.18708554679579004,3886.43526138881,6,1,0
270,0.00784746767122324,2817.584206909858,5,1,0
364,0.011064337210790809,2954.547576704593,8,1,0
939,0.33923430825231166,1452.533944823085,5,1,0
327,0.25131505781062674,3738.109442227868,5,1,0
654,0.059435552799098124,2665.2667259445248,9,1,0
221,0.32593247383359375,4495.076628632847,6,1,0
588,0.19092239946170786,1007.451329661328,7,1,0
854,0.3394231925144307,2432.1938477392814,5,0,0
387,0.2663558110194926,247.3744303746821,7,1,0
451,0.3412465168685744,3800.4371860260485,9,0,0
593,0.028352325685023327,1203.1397577727255,9,1,0
587,0.07339036081789618,4921.399331275075,3,0,0
804,0.040103853906862996,620.3219781877573,5,0,0
293,0.3017906235615313,4856.775868931127,2,1,0
697,0.1196661432736793,4487.12994602583,5,1,0
690,0.03289910889761949,3106.3873106243655,2,0,0
239,0.0861559186487248,1205.1312651700575,0,0,0
806,0.16372028147703332,3131.908223169655,6,0,0
89,0.36199213262407565,1924.7488789391723,9,0,0
219,0.33240002193354246,1634.852838575722,5,0,0
901,0.18167361673242222,2660.5194323354144,7,1,0
365,0.1885038559793723,376.4073958934701,7,0,0
854,0.21599468573172043,2658.5817807158187,4,1,0
3,0.3570355880711675,2683.4882046041,4,0,0
792,0.1786882017239812,109.64737573643109,2,1,0
135,0.32722994641293734,1958.8980040820963,5,0,0
247,0.3931609030680385,1873.5669825940563,7,0,0
909,0.33899751877944745,1167.2301988270433,5,1,0
588,0.18754970265917498,442.17136251055314,5,1,0
156,0.28741951892993745,4991.561112200436,8,1,0
376,0.13416303448216932,2465.3735304763677,0,0,0
404,0.013540566835025525,411.7096286536979,9,0,0
521,0.015448561285657691,1888.4014999470428,8,1,0
692,0.01566089261107989,4808.557354675273,2,1,0
43,0.004411294465170579,1503.0491998300856,8,1,0
550,0.2848597032667428,1286.6249047762785,1,0,0
673,0.3192718637009567,4160.77497262534,0,0,0
111,0.31127940166082213,3045.8255559437557,5,0,0
475,0.019059122594245803,2647.7501679136544,6,0,0
303,0.022172106281169612,1893.1671396125557,3,0,0
400,0.39559133369446725,3343.6877852424273,7,1,0
258,0.21087749014209806,2314.4173060860535,3,1,0
966,0.10413883757677289,1268.7136041184688,6,0,0
205,0.1577737368224576,1867.8668993356196,5,0,0
118,0.20774669834795717,1709.207504101641,5,1,0
691,0.08770564582770551,4115.269023649515,2,1,0
463,0.30125568178736434,3181.2678528904166,4,1,0
85,0.11051757163364245,1777.752928668066,7,1,0
537,0.29072697396431213,3829.5216887023626,5,0,0
537,0.1377289550690851,3454.018678840514,8,1,0
415,0.1605067219643168,2555.7048364672355,4,0,0
752,0.035700600543453476,3797.809299005942,2,0,0
533,0.3787010991655137,4451.5474173814555,5,0,0
652,0.2779355481982526,2443.1262229979143,5,0,0
546,0.1441013469250194,4787.428667577534,9,0,0
732,0.09910313261775983,1667.8911507970427,2,0,0
118,0.14408226144197567,1763.2149429812623,1,0,0
606,0.02845074024881078,1858.4623543827179,2,0,0
852,0.18401073471961282,2959.1596982617275,0,0,0
476,0.08975013024717532,1836.9463024992651,7,0,0
785,0.20982692133550523,4235.714514873625,9,0,0
497,0.23280934741898107,118.38660853621474,6,0,0
613,0.28695715447313125,3283.0252335497107,3,1,0
320,0.06735786543486288,4472.7360896832,5,1,0
691,0.09496638311517958,819.3948544324089,9,1,0
652,0.3398349866257613,4932.789452325408,5,1,0
466,0.15147258394504198,720.9471738769985,7,0,0
333,0.027977930207313317,819.0810748987927,7,0,0
588,0.05734465890537932,2730.6851095119987,7,1,0
43,0.3215064900923831,4790.6318955543165,8,0,0
976,0.12694042306201597,884.8469986661025,1,0,0
128,0.04672695633443896,4185.203161658624,6,1,0
30,0.32121328650428865,4246.913384321415,3,1,0
939,0.17143436976370746,3645.2511909998834,5,1,0
945,0.12628053563476271,4873.184873825676,2,1,0
160,0.10211931028493221,4150.001073582825,6,0,0
648,0.39488088686731726,4955.886367851998,3,1,0
451,0.10651765992163209,3640.4868159070897,0,0,0
343,0.3479318082993496,565.7385389276536,9,1,0
425,0.31251339390516447,2669.7297660566946,8,1,0
870,0.25267683411891306,3543.153849939293,5,1,0
913,0.02699964609051947,2684.869246541817,8,1,0
154,0.010823951293623957,2673.960664200094,2,0,0
972,0.39773096061073365,2375.2721292322335,9,0,0
426,0.2127816828591758,1965.7206165323164,3,0,0
381,0.13592296699210116,4360.062399446923,2,0,0
504,0.13736812564815049,2251.7765000581094,0,0,0
136,0.3089076398794446,3473.9319184829624,7,0,0
375,0.1580023614331969,1355.4842253779107,0,1,0
82,0.2691646646299115,4037.682031162701,7,0,0
878,0.38562655618977454,4361.852216547216,7,0,0
8,0.15802564758443544,874.8689293740028,0,1,0
327,0.301702106110123,4854.1841679710105,0,1,0
794,0.07981637838672007,487.4723175064745,8,0,0
847,0.3157767427209788,3684.102405080087,9,1,0
684,0.3276630356913263,4944.32941511654,6,0,0
972,0.08526902444911294,3122.518775492947,7,0,0
476,0.254345970364688,1023.8276888194927,6,1,0
776,0.3389365602343326,1024.4923975034958,4,1,0
945,0.08180824437127754,854.9003548225485,1,0,0
118,0.13069865828019744,2646.49312504193,8,0,0
726,0.054594498201757324,2171.946773269775,4,0,0
780,0.06533631520663119,2492.909084287623,2,0,0
529,0.2859232998931598,4097.868673837525,8,1,0
362,0.010246023438987228,2342.8195959289687,0,0,0
58,0.28374293889179814,1985.161033301942,0,0,0
181,0.27362302105014363,3750.6431060276727,4,0,0
61,0.21934235144989678,1013.0529978868964,9,0,0
828,0.20547091661032374,4567.513540438018,8,0,0
467,0.354952522889804,1343.1445879135358,3,0,0
661,0.06038976121628936,3222.693543778687,8,1,0
343,0.3479318082993496,565.7385389276536,9,1,0
619,0.01838889636654495,4711.58592291701,4,1,0
901,0.15428324879445848,869.5282880285648,4,1,0
741,0.1621254369259853,176.18237569734885,1,1,0
691,0.2592657166583542,651.2381973853635,2,1,0
688,0.05254877510681916,2495.2369638791947,9,1,0
234,0.18219315506989248,2682.449643751403,8,1,0
900,0.10528889101459338,3549.7362972827304,3,0,0
555,0.05110565746031126,2569.0340469780504,7,1,0
408,0.22367527450281283,4416.323120414264,7,0,0
124,0.1221150585047921,4360.966739587926,3,0,0
99,0.3611080493368231,1552.5274945866297,2,1,0
646,0.3267167096239001,2230.6773942260666,3,1,0
800,0.2825761523386445,3441.6386448221506,9,0,0
537,0.39329173541575324,4024.9459423818644,6,0,0
657,0.04273340074374066,1211.5267530502203,0,0,0
884,0.0038833210769843585,381.5201423116917,3,0,0
568,0.0364496363545736,345.60352639329824,3,0,0
920,0.3298725092033161,4358.867769687578,3,1,0
920,0.32623797775361607,1195.4924797768858,0,1,0
740,0.3823093670068092,4386.221846650516,6,1,0
166,0.2515895835256723,3956.4442295746094,9,0,0
927,0.3193630911246098,1361.7143165416778,8,0,0
829,0.2020402647466547,3753.5456742997417,4,0,0
844,0.22820671985621216,3954.9070435994972,7,1,0
883,0.1060224246914872,80.60560727046078,2,1,0
987,0.19900321875190752,979.6363183381176,1,0,0
678,0.289359005295119,1370.693042792722,0,1,0
542,0.26968965901407155,3957.2423821894354,8,0,0
199,0.37487643934851905,1522.7127884054037,4,1,0
321,0.32298213124958064,4713.5104030996445,3,1,0
955,0.3576820576144448,4969.161709604596,9,1,0
470,0.3495887157307864,3117.574680899369,3,0,0
435,0.02361243824737741,1745.4913614654745,8,0,0
463,0.30125568178736434,3181.2678528904166,4,1,0
959,0.35376771887272185,3226.629108414616,1,1,0
421,0.2845534901814019,1597.1655821777993,0,1,0
940,0.16564838465199994,3978.791159995032,6,0,0
227,0.17305425008220382,3335.9409840414387,6,1,0
288,0.1881007066475991,1734.3734377358421,3,0,0
701,0.08229963684978736,3228.7880891540594,5,0,0
511,0.25456770646079957,1194.7582832631088,3,1,0
150,0.08079375087903412,3144.2180648788626,4,1,0
781,0.34216432522763335,4087.3241023386804,0,0,0
54,0.20439650863558628,3279.871934015397,8,0,0
996,0.05911919623607026,2351.06455929139,3,1,0
880,0.2434141059706184,1938.2718667694714,0,1,0
714,0.08870473506059118,3974.3774970929085,8,0,0
303,0.13133486766524227,2816.219971896346,0,1,0
837,0.2068530159550152,2764.9434348182112,2,1,0
797,0.12481235220529169,4981.54426062586,7,1,0
736,0.18324678958058171,3021.1157837594556,6,1,0
440,0.09260375582194674,4145.348633774297,9,1,0
269,0.3876490091987515,4847.278545743313,5,1,0
550,0.31493620009158946,1802.1601524953758,1,0,0
195,0.16613953519599833,2109.5983619857216,4,0,0
529,0.354399632453077,957.8768449058863,4,1,0
112,0.3888791271164928,4052.349293381093,3,1,0
275,0.24678639663449053,4061.542435047885,1,0,0
407,0.16461530767069726,1907.5640816650264,6,1,0
392,0.38808574602011187,383.1789974507123,2,0,0
362,0.05771378035213387,3456.456508532081,9,1,0
903,0.17168889478728627,736.8618286582918,4,1,0
575,0.39446351197443974,1423.7675203258914,3,0,0
343,0.23929186621638676,4954.010735831444,2,0,0
768,0.17873482275087077,3666.8529816457103,1,0,0
902,0.09146766064210626,4440.582152858948,4,0,0
147,0.36167930585940644,3974.9386390155996,6,0,0
86,0.13118479264448735,2298.621641909518,0,0,0
977,0.10235697379755065,928.3584299702806,6,1,0
732,0.22639331834767118,3919.3057104421355,3,1,0
94,0.2010042358254307,2264.2589535026013,1,1,0
87,0.11110360349799098,767.4582848180771,5,1,0
604,0.2566302522852211,1201.2723494258382,5,0,0
440,0.12275090551373591,4125.578343999234,2,1,0
977,0.08744196809743132,4833.350497337936,3,0,0
72,0.21813443055778137,450.21756354611057,7,1,0
866,0.24784538511435694,764.2721412626332,8,1,0
893,0.0966893049395276,2889.2016343724795,4,0,0
314,0.07554552380269292,4364.595744417892,0,0,0
691,0.08770564582770551,4115.269023649515,2,1,0
320,0.36378151771610034,4636.081448521445,2,0,0
485,0.15582555030482587,592.5784495934522,3,1,0
424,0.3436861834680667,3433.1893424463024,7,1,0
676,0.034754385724293124,3251.838381157796,5,1,0
1,0.10524141814632937,1932.3111491359386,3,1,0
366,0.3965360166617287,626.7776990923132,5,0,0
326,0.03446393906732431,220.74445289953965,2,0,0
649,0.1960699625580749,4671.260859460255,1,0,0
716,0.1569093901635808,228.86597208603294,5,0,0
37,0.2846489670673976,3770.5724281579733,0,1,0
448,0.2874347475790354,4686.018653271531,9,0,0
345,0.3658397993937409,422.2835122423594,3,1,0
321,0.32740565001517885,2421.88264815326,9,0,0
523,0.19215009378026,2227.481250026634,1,0,0
571,0.3529952014809967,3596.6103312317255,1,1,0
241,0.2078977196847846,2201.31970584957,2,1,0
348,0.38212783701207065,2696.3327377673345,1,0,0
548,0.014584946145371647,3428.2580762941243,9,0,0
654,0.059435552799098124,2665.2667259445248,9,1,0
352,0.23425502495991224,2771.0556908270196,5,0,0
556,0.14494033976692983,3208.3794684989466,5,0,0
583,0.3396577699830017,2540.9972805767,8,1,0
609,0.3413762886699796,2249.7459787941966,5,0,0
93,0.2668178156185213,1622.4170369128847,8,1,0
457,0.10235972697499945,1185.1401443740574,5,0,0
321,0.32298213124958064,4713.5104030996445,3,1,0
720,0.13255662520757439,4654.615248340758,5,0,0
749,0.3213139676054658,2555.113154946497,9,0,0
542,0.12013129224946573,1795.4521686443804,4,1,0
809,0.333680898745904,4761.5953053132025,8,0,0
646,0.16984630923979355,2358.2454689326487,4,1,0
630,0.007606547597677704,4463.342341801376,5,0,0
275,0.22756211551638472,161.11248745082236,0,1,0
756,0.1205158689518055,866.0106449940204,9,1,0
621,0.0022522404901443305,1160.672752954418,3,1,0
951,0.21174100462466638,2711.776225376845,1,1,0
401,0.000634038457745123,4359.63012622336,5,1,0
457,0.17586005567282614,4373.157193315652,1,0,0
714,0.025298426838290866,1222.1687617992309,8,1,0
714,0.025298426838290866,1222.1687617992309,8,1,0
922,0.10953330815618945,2747.9895619381386,8,1,0
630,0.3427362925226705,3403.2563201038042,2,0,0
698,0.25454091428323555,3108.6226495538476,2,1,0
382,0.371449407049216,3484.998683514946,6,0,0
743,0.355841029677543,1039.5255213379544,1,0,0
553,0.37759363712413024,512.9026282233981,0,0,0
9,0.30775142669124955,2601.1036262997623,5,1,0
784,0.38658384587347944,1657.3651297045553,4,1,0
638,0.2122860509201785,1270.1351744450942,2,1,0
915,0.19449155080021957,664.2087987974548,4,1,0
588,0.18754970265917498,442.17136251055314,5,1,0
348,0.16877862678022498,4769.5822338691105,3,1,0
988,0.22803496505200638,3946.106872379122,3,1,0
844,0.1037347190294386,1057.3007476745408,4,0,0
171,0.3637178687077408,171.67898830784193,6,1,0
246,0.17208594158390966,1802.676455871044,0,0,0
540,0.39508319344673115,1871.170899832815,8,1,0
279,0.03716577568017293,3208.15349429262,9,1,0
602,0.1867598321158706,2074.5841475423326,0,1,0
891,0.20633912418957462,4945.7747997512015,6,0,0
929,0.2313051516284892,1474.3834907835067,1,0,0
546,0.14539597211092375,3838.751974308395,8,0,0
432,0.26224459379576165,1536.2825951542793,5,0,0
897,0.33858143823623654,3193.9367473325956,7,1,0
964,0.207887156790787,1778.140387214047,2,1,0
324,0.034652253009374356,2108.656555400366,4,1,0
406,0.2352366598385784,546.9597993116622,5,1,0
276,0.35521235819339,2825.391155352848,1,1,0
970,0.32391115241221785,949.6505343110135,2,0,0
931,0.3610487231339404,4096.7789707623,3,1,0
33,0.22241967967026477,1249.989370280066,8,0,0
696,0.17282846777092964,4322.18658145478,7,0,0
59,0.2529827815100015,1098.169992967441,4,0,0
852,0.009265616797166643,4501.430023054849,2,0,0
929,0.2721256886377869,4647.423506640212,2,1,0
732,0.20790820629761309,4643.162370977257,5,0,0
540,0.07129843933179664,3133.8875488414365,6,0,0
914,0.10392186070982451,3863.5376017208023,1,0,0
828,0.20547091661032374,4567.513540438018,8,0,0
69,0.31048254813859616,1241.668633672318,1,0,0
840,0.3713303593282107,3737.3107113937613,0,1,0
338,0.3081086981470696,2852.9417959664343,3,0,0
94,0.2010042358254307,2264.2589535026013,1,1,0
382,0.2972741913058286,4759.04282541361,8,1,0
602,0.3539310517271021,2712.2669703034494,1,1,0
127,0.2135662655241956,998.8666946987825,1,0,0
656,0.20399718112407617,2502.0774936401767,2,1,0
284,0.15231791614678836,915.2990741871713,3,1,0
573,0.061641963726206395,4222.556167392445,5,0,0
303,0.15559680123447223,1121.6882446186205,3,0,0
71,0.28642937580926975,2855.4269298083723,2,0,0
518,0.22474007933745777,1655.1471669065338,6,1,0
95,0.28783069813585616,354.3837724544023,8,0,0
919,0.38363958875781506,923.6810514643755,8,1,0
571,0.3529952014809967,3596.6103312317255,1,1,0
850,0.24747127095098442,2440.5848461885425,2,1,0
162,0.14462195140983408,3213.2108628561523,6,0,0
946,0.0858504182751545,2884.6991921858685,0,0,0
495,0.30417502326583934,4738.655588592313,6,0,0
345,0.29226075771909654,2161.957302188579,2,0,0
532,0.09209826483161809,2393.0340993713653,2,0,0
21,0.3105931610970416,872.765744257692,5,0,0
195,0.14646260170156145,2190.7760020885403,4,0,0
271,0.22032680377455338,1464.3120558093142,5,1,0
405,0.28924117986542947,2600.8158626622044,3,1,0
776,0.3649966123224818,2886.3167273534505,5,0,0
624,0.3623521375742791,4312.632019310302,1,1,0
47,0.17936350977304938,1742.0855208669625,6,0,0
741,0.1621254369259853,176.18237569734885,1,1,0
659,0.11218458784924301,4516.293773681085,8,1,0
846,0.1723800936346478,966.3233860462163,2,1,0
552,0.3280895181113435,3456.728808779571,5,1,0
948,0.002434203827751613,257.2208388184545,6,1,0
96,0.05027847718652473,3520.8346558536405,5,0,0
336,0.25704343743963687,3497.6679355826413,0,0,0
206,0.2810722272542878,1511.6431112373912,2,1,0
816,0.2734405868937165,2158.9788056046364,2,1,0
424,0.3436861834680667,3433.1893424463024,7,1,0
942,0.34303657771135976,4571.113177797707,0,1,0
498,0.0792262200903815,2799.4344470820906,7,1,0
242,0.24150592777418933,2884.4553643059553,8,1,0
47,0.0673602225453318,126.53083478781973,8,0,0
815,0.12043903185274135,4893.146301898539,1,1,0
109,0.32968759370974643,2164.656527941311,4,1,0
350,0.29429304867462713,1157.723058776234,5,1,0
268,0.008715272751022962,2181.2693467009726,5,1,0
547,0.3910171349424595,921.0085273718789,6,1,0
339,0.370539402271398,1777.7510316407358,8,1,0
707,0.19153140606723368,817.4200889191184,5,1,0
631,0.34741378966406294,4716.1081367421175,2,0,0
622,0.07077605473855303,4689.945227761467,9,0,0
487,0.27994307806336866,622.1797089368789,6,1,0
468,0.29825800034931543,2691.2652499324904,7,1,0
814,0.3677391941666238,634.0366812057565,8,1,0
380,0.12759111438711535,2831.180685203023,8,0,0
699,0.3228824753464684,87.99876448026401,9,0,0
417,0.3614717121947235,4488.0653016802125,6,1,0
823,0.09043726221266818,2062.8435253341095,5,0,0
268,0.2885320226128513,585.2069061155044,6,1,0
106,0.13699439077150904,4397.782109214723,0,0,0
116,0.08177284341206964,2750.394669083945,4,0,0
127,0.2135662655241956,998.8666946987825,1,0,0
662,0.017375040867023017,339.53231998411724,2,1,0
380,0.04321231622361871,3415.380330139652,4,1,0
296,0.1416095419048337,2580.473379461883,2,0,0
272,0.11313866707190351,1146.2694860077565,2,0,0
844,0.34719866373995667,934.3065484138737,9,0,0
614,0.15867704180012832,1356.878616591053,1,0,0
565,0.3328252503129799,3900.612397710833,3,1,0
210,0.38358966420183077,4730.397190571659,0,1,0
137,0.012085176066751746,1987.4638226400632,4,1,0
855,0.20769671498439918,633.5197828550034,9,0,0
300,0.3262423642030788,4205.384134499341,2,0,0
782,0.07331540751379079,910.3173702788899,7,1,0
607,0.13014159858251173,3556.816836790602,8,1,0
658,0.20017779713497924,1851.1488800804775,8,1,0
822,0.26009146786619686,2950.1671113126545,5,1,0
504,0.2536019683839092,4596.057855972298,3,0,0
191,0.3298640702024421,4499.750267191369,4,1,0
946,0.13971758515678157,4524.58101337201,0,1,0
401,0.06413838623128293,3704.9927959837496,9,1,0
771,0.18687671021147662,1759.9732131670876,9,1,0
798,0.22678640480758738,4648.901028466467,6,0,0
566,0.3746181653012336,3435.081878924279,3,0,0
267,0.3213882750299325,1040.2437040745558,8,0,0
587,0.06516418229484616,280.5188758190644,9,1,0
905,0.047787223831300574,3807.324278067458,9,0,0
973,0.04892850135822502,1793.7913494937056,1,1,0
721,0.18555304554976948,1214.0859043303485,2,1,0
308,0.2768226089996174,3951.667622902795,0,1,0
205,0.3471134080208522,100.3585133777332,6,1,0
251,0.2886558165841787,574.8904802016208,3,1,0
535,0.21339548508725975,3901.9884592430985,6,1,0
879,0.2539743459532041,4943.522871180343,9,1,0
414,0.34395504572766217,748.651917304931,2,0,0
533,0.35572712093211456,1332.594587841876,6,0,0
708,0.21624036520906048,3877.1407614489003,9,0,0
435,0.02361243824737741,1745.4913614654745,8,0,0
589,0.22360687039689253,720.7774823494527,8,1,0
596,0.34431365114749907,394.7253795160273,1,0,0
693,0.2327977524189621,3514.8632308739507,7,1,0
512,0.2970607332495941,4548.650400868349,5,0,0
173,0.03975985664824938,94.56658212096308,4,1,0
114,0.014550725661488295,3669.4676336002003,8,0,0
742,0.39692164643393063,2327.5113309224985,4,1,0
103,0.08487960069641326,922.8377261517982,7,1,0
42,0.22296197997567135,2358.7656838671783,9,1,0
813,0.008898998360474641,3640.4029627228824,2,0,0
120,0.02097507574502505,1047.9860540276773,1,1,0
364,0.3149602520306298,462.1908624749664,7,1,0
624,0.3623521375742791,4312.632019310302,1,1,0
321,0.007478997296717749,1283.0284268087305,7,0,0
484,0.020985251703033503,1839.1023348761876,8,1,0
154,0.1629177197520727,2302.776189023637,9,1,0
343,0.06250684505790488,1013.4050906926308,0,1,0
175,0.07402987974441483,1585.6774141316353,8,0,0
896,0.018260189690686934,4490.163832169674,5,0,0
825,0.17844994358737742,4093.6882149681946,6,0,0
454,0.21667781010894066,3517.633972180387,8,1,0
368,0.2394852807267357,3120.6721369468078,0,0,0
805,0.035335482347552793,2366.533013097371,1,0,0
764,0.05849152319262879,3694.709829105508,6,0,0
664,0.39988137139761987,4195.069688912322,5,1,0
902,0.010026354892004263,1445.9412670266274,3,0,0
991,0.0917081475878882,4093.8628934166036,2,1,0
282,0.16316012866079632,4831.586157680696,7,0,0
642,0.020297992651186703,369.22730128046135,4,1,0
412,0.09400785859814448,374.1328400595846,3,0,0
888,0.3684981558635112,198.8575260356324,9,1,0
613,0.1693216357239316,4193.492750657499,8,1,0
397,0.22399772733443407,389.67043028968396,9,0,0
69,0.08123010691841653,3497.355905917336,4,1,0
699,0.18909734154054014,971.8494135828587,9,1,0
349,0.2801047013704725,1449.9679670654657,0,1,0
940,0.250148937196996,910.3147249659112,0,1,0
135,0.31912549269849444,3046.965649537702,6,0,0
795,0.2709349715265761,808.5984684260845,3,1,0
924,0.24104675939735715,1937.1141690026639,7,0,0
875,0.253780124555263,4829.0372714688165,9,1,0
587,0.06516418229484616,280.5188758190644,9,1,0
562,0.29519048260193037,4750.495226674961,3,0,0
161,0.1715881935161656,373.172091508856,9,0,0
527,0.16230439904847233,1997.0846114901299,7,1,0
281,0.027135592694686794,2652.8142285519443,2,0,0
72,0.017802613258254385,2079.8091199689243,1,0,0
21,0.3105931610970416,872.765744257692,5,0,0
315,0.05200622714254016,3319.752420775999,9,0,0
729,0.07275865019371247,952.4509517885156,8,1,0
801,0.20722396751773975,1695.0857720751437,3,0,0
96,0.05027847718652473,3520.8346558536405,5,0,0
256,0.27040614124121765,4516.727752763077,3,0,0
119,0.32515357865362804,349.95859748934265,5,1,0
279,0.13414109776974392,3671.2986142602517,7,1,0
937,0.158422471825165,3128.659181561821,4,1,0
852,0.07832368918181676,300.17120218290216,0,1,0
894,0.2029060461001358,1539.8832208458284,7,0,0
257,0.23554186474196265,1069.808898423959,3,0,0
427,0.1140444323849697,4958.3150341589235,9,0,0
813,0.2801759870099809,3759.626551735893,2,0,0
768,0.17873482275087077,3666.8529816457103,1,0,0
688,0.05254877510681916,2495.2369638791947,9,1,0
260,0.23708008725906266,3803.006395837326,6,1,0
344,0.3898557625901925,3412.977127202181,7,1,0
912,0.14977815980744863,555.2058364322428,4,1,0
257,0.351395510688923,623.2471760621381,8,1,0
634,0.17634556008486735,1105.2337196552517,3,0,0
853,0.18356641765513254,2219.8604849255657,7,1,0
429,0.3947275445160842,929.5305223387959,3,1,0
257,0.23554186474196265,1069.808898423959,3,0,0
528,0.09488944671561211,88.23944920417976,0,1,0
341,0.2901660951289545,758.6886358539293,2,0,0
946,0.031222137486962065,3494.5549171101143,1,0,0
408,0.31821437187642454,2455.5497549458546,8,0,0
292,0.10763638664483571,3556.3544737576995,8,1,0
111,0.21619121047814444,4772.635832651678,5,1,0
791,0.164538708445016,4986.918875890318,7,0,0
303,0.06378407568214212,2049.8327842470026,8,1,0
771,0.013301281798281939,715.6143864617484,3,0,0
484,0.24012700054307734,3216.2424716023665,6,1,0
602,0.3539310517271021,2712.2669703034494,1,1,0
148,0.3847183308005481,160.29801895179955,5,0,0
113,0.19599902194457425,2975.5687415668426,5,0,0
185,0.08979061425456508,4786.500640176412,8,0,0
39,0.3722073570177837,3871.504013516913,8,0,0
841,0.060282247911000175,4509.449332226155,8,0,0
26,0.2601063443784146,4522.104408587196,3,0,0
950,0.3293112544815472,2619.5412467228093,8,1,0
889,0.1873521849835948,4760.46100943113,2,0,0
849,0.3349166694081443,2339.211021847073,6,1,0
375,0.0018580501359919954,775.7398533264957,7,0,0
120,0.3296640639920007,3170.6509185536343,3,1,0
495,0.24777784518796497,4006.2318468387507,6,1,0
918,0.26365983979992985,3053.5005702542444,5,0,0
290,0.05392788807675725,1878.572625464444,7,1,0
947,0.24958491663133087,3606.73980020168,9,0,0
986,0.3895337571797348,2082.6661785045635,6,0,0
2,0.046134502281381384,4664.700123653043,2,1,0
676,0.27049311776404183,3326.9473448395306,5,1,0
967,0.12365089941386143,4182.394135142274,8,0,0
48,0.046211458452535104,113.87577513770307,9,1,0
351,0.06272089222526,4268.907405226005,8,1,0
548,0.014584946145371647,3428.2580762941243,9,0,0
982,0.26516637803481713,1944.4746941151152,5,1,0
567,0.14912857818824232,965.3791297103861,8,0,0
654,0.3011281511886286,3600.676641050866,5,0,0
726,0.06232371449640667,4872.783657830427,6,0,0
697,0.1196661432736793,4487.12994602583,5,1,0
522,0.34379122170384374,2253.4889429192763,8,0,0
225,0.10650654201628801,2552.7726819956733,9,1,0
3,0.3570355880711675,2683.4882046041,4,0,0
940,0.2773468428235289,3775.5466424778865,9,0,0
709,0.19281029869304595,1566.8739950702238,0,1,0
577,0.13151808876946514,2053.7183918866444,7,0,0
49,0.2773495882916579,903.8994875752201,0,1,0
421,0.26762636731465456,4587.999138201079,0,1,0
224,0.31431607995142485,2284.0830824969653,1,0,0
40,0.3329288831081386,4699.019515090783,6,0,0
260,0.22992554045021607,3054.0989746486775,8,1,0
394,0.38897226373516053,312.1312122340564,0,0,0
41,0.2565949458549149,4773.473306690428,0,1,0
994,0.21952074441057395,4560.358767071776,7,1,0
909,0.09538707600835983,3749.258891749169,1,0,0
355,0.25262769512545513,1864.2331900165827,1,1,0
730,0.02395693395666687,2032.20387093683,6,1,0
926,0.07278375491661787,4761.078889670908,5,0,0
501,0.06451839390521835,3265.28858456069,6,1,0
903,0.002053101448724226,3498.8679510377715,0,0,0
421,0.2845534901814019,1597.1655821777993,0,1,0
245,0.11527532453518341,1140.3174582597526,5,1,0
283,0.009548827801602211,2334.9765174455983,2,1,0
201,0.32703877647787377,863.7751624655314,7,1,0
455,0.1588652733088199,3560.9700230726658,9,0,0
868,0.032461811489920556,1281.0449063016733,7,0,0
764,0.014738176062223829,4004.5664583611638,2,1,0
48,0.039820803144511585,3435.043680251854,1,1,0
637,0.28663834437660174,666.2658718356822,0,0,0
291,0.35650841786688947,1398.5314844814302,3,1,0
116,0.2884416374884729,886.5566648111903,8,1,0
50,0.3609884808992654,248.29978813988555,4,0,0
362,0.31377801193532323,2737.4243512045337,1,0,0
995,0.16766450372946773,1395.827014051284,1,1,0
104,0.07345445451146349,450.00484653155246,7,1,0
189,0.16067555009486062,2736.9848228715055,5,1,0
284,0.010822780673491794,408.86804032502,8,1,0
210,0.3803032906950309,3446.669109443505,1,0,0
720,0.244946872192087,395.27975233567906,4,1,0
329,0.3291997976885209,4532.431222696771,6,1,0
495,0.009274097862203734,2925.8723150804444,0,1,0
444,0.34223755093923885,2936.6504715969922,9,0,0
318,0.06317245101410002,688.3858770655885,6,0,0
559,0.3768841010225262,4224.348242259754,4,1,0
332,0.2566192860482296,281.49451285152657,1,1,0
909,0.33899751877944745,1167.2301988270433,5,1,0
707,0.2518099689868007,2955.671584928881,0,1,0
213,0.08145829650080955,1678.082990772636,6,0,0
613,0.28955713493780266,3577.6741097528306,3,1,0
379,0.2898899212847079,3126.0832473509017,3,0,0
751,0.3041066361897876,3360.142086692382,2,0,0
830,0.14986474236046243,3877.171778493421,2,0,0
881,0.0660334053845204,4751.310983828631,3,1,0
834,0.021501082722285958,1707.093392301681,6,0,0
847,0.3157767427209788,3684.102405080087,9,1,0
944,0.32138683080914626,2808.5239384093015,7,0,0
622,0.15226159457569166,1487.0869894711525,4,0,0
332,0.07096660537969929,2199.7651114801492,0,0,0
221,0.32593247383359375,4495.076628632847,6,1,0
490,0.31294332216524207,4089.9609332185155,9,1,0
366,0.3965360166617287,626.7776990923132,5,0,0
311,0.07880567453143406,835.454343710081,7,1,0
597,0.26925443650705677,2917.023236368111,6,0,0
532,0.22237794910100628,4730.998018641317,7,0,0
517,0.029963324115227452,3417.1691716014,3,1,0
630,0.20260756164963933,1912.0998629054614,0,1,0
320,0.06735786543486288,4472.7360896832,5,1,0
571,0.2907652371385553,1640.9998000490384,1,0,0
120,0.3296640639920007,3170.6509185536343,3,1,0
944,0.09394497513625705,1129.393459627571,6,0,0
507,0.08955964207847755,244.5242744825775,7,1,0
757,0.2658003745089467,169.9180189433567,8,0,0
679,0.08365068999657505,1953.6897746580798,7,0,0
73,0.19915518393178566,2318.4879945645253,7,1,0
634,0.05181836324039779,1444.4965528993937,6,1,0
98,0.32559615407543036,3536.3544365162356,7,1,0
247,0.2992308791240331,4870.826708500275,8,1,0
495,0.24777784518796497,4006.2318468387507,6,1,0
500,0.1130757999010592,1963.989556169919,5,1,0
843,0.36561055493662314,1537.791231304259,1,1,0
943,0.02698488071369587,3797.6256142571833,7,0,0
206,0.1686964156243832,1536.5402267666855,5,0,0
435,0.2924963668029109,794.4714494357376,9,0,0
445,0.3958475496008733,1617.53137453822,8,1,0
377,0.028870539733517997,2589.00195456685,2,0,0
978,0.27061910721691507,1799.3218493678896,8,0,0
944,0.35717413770110235,1927.106402800843,1,0,0
641,0.32115982548787214,470.88967095897954,1,1,0
448,0.035590118159043116,2080.3133594569263,3,1,0
8,0.30061802897945256,1062.3062513256614,5,0,0
261,0.07891536309056152,1313.5172958753926,7,0,0
649,0.2064764480501723,2270.8304063147293,8,0,0
226,0.208958842415719,2916.7454785315244,3,1,0
672,0.3661520961097329,1786.649245897548,8,1,0
919,0.3345918260995715,4677.565881549193,7,1,0
25,0.08299361080193818,895.3756459716161,2,1,0
862,0.26505778251765766,3694.5007004993186,7,0,0
315,0.32312625882859525,1582.5281582582684,5,1,0
632,0.20469456559170923,4711.553946254848,8,0,0
660,0.019539343000977594,3062.4789094844436,2,0,0
13,0.07261250995762453,935.6961322261377,2,0,0
644,0.17305549354705757,2097.4606696437777,7,0,0
565,0.2856819848345786,3139.016465563531,3,1,0
667,0.26426993017814393,2105.972943128405,1,1,0
606,0.015228904035248403,2381.5939663166646,7,1,0
58,0.13311575074940513,1656.2986640690472,9,0,0
811,0.12144311831239452,2767.366401014689,3,1,0
16,0.10187774292497187,3513.1916016567316,2,0,0
564,0.12849586765547377,1259.363665244978,8,0,0
5,0.10104046804326039,4060.260989619655,5,1,0
889,0.20257883600847043,2249.7182814801045,6,0,0
553,0.27641517804619975,3861.342203302487,1,0,0
536,0.37075862616349514,994.4629681699336,3,0,0
528,0.09488944671561211,88.23944920417976,0,1,0
40,0.20119678240721506,4454.137467949848,1,1,0
858,0.009099796075526356,525.4609619682938,7,0,0
495,0.009274097862203734,2925.8723150804444,0,1,0
348,0.38212783701207065,2696.3327377673345,1,0,0
664,0.026888452666526008,2215.418225120994,6,0,0
729,0.07275865019371247,952.4509517885156,8,1,0
67,0.19084415287449796,2071.9015849442576,3,0,0
200,0.0006777622489744228,764.2972879386732,1,1,0
388,0.07532986910383427,1390.826573838953,9,0,0
30,0.13775400996599763,3122.972482777106,6,1,0
454,0.19811776226865174,1113.1580266081805,3,0,0
971,0.16162265852973584,455.3680145900238,6,1,0
289,0.27834102634087676,3227.048926548387,8,1,0
696,0.3142339248934001,4200.902400117513,7,0,0
43,0.05111208556597224,1566.7215549208283,0,0,0
246,0.13266333367134236,3393.917692694854,6,1,0
137,0.10314590753618175,2771.2244686248555,9,1,0
604,0.25375454723466573,4429.5467057991655,8,1,0
973,0.378008291232591,4649.395852768503,9,1,0
658,0.16833691712684623,2756.184166909334,7,0,0
750,0.13232475249938075,2349.6441068492545,9,0,0
639,0.13362934257353087,4634.561518145281,6,0,0
356,0.360900210774928,1698.7196641447267,3,0,0
19,0.2605744527525452,1509.7711028273063,0,1,0
634,0.05181836324039779,1444.4965528993937,6,1,0
547,0.32891132993634775,4204.657723980029,3,0,0
630,0.3668442296379284,4744.580867959851,2,1,0
57,0.19886448781136118,3954.3099210562928,0,0,0
165,0.36419309305036623,3852.460442085005,4,1,0
640,0.0889398977303143,3900.556204841267,0,1,0
140,0.3444778950855849,2636.721117983745,8,0,0
989,0.1466330428714151,1230.1406463848461,4,1,0
957,0.14887707683612217,2067.97189310983,0,1,0
255,0.02981979231438575,4966.661592319096,8,0,0
618,0.08101120818221985,3171.996343850492,8,1,0
525,0.02666503410337312,1978.2601937997433,9,1,0
890,0.36707502822817734,2607.7578320277253,1,0,0
494,0.20700052584066653,4963.00954229692,4,1,0
95,0.25387607593133216,2336.8917968300448,9,1,0
414,0.3120960364481352,903.6477279198812,6,1,0
938,0.1986036521534486,2889.971141919841,2,0,0
161,0.36355222452925345,2622.903507372986,5,1,0
393,0.06243503845296133,869.5393996725026,8,1,0
625,0.3306910389224945,417.7777642678745,1,1,0
687,0.028200678880395236,431.30962836111735,3,1,0
840,0.39236170758967914,2871.6870544874782,0,1,0
254,0.09767948042430419,4448.909566652903,7,1,0
184,0.36460547425042655,3339.3414932622272,5,0,0
511,0.2682351955942366,4785.228678111101,9,1,0
915,0.1977400140158284,367.581416617806,0,1,0
761,0.05576667017583825,3010.602014100567,0,1,0
605,0.08637837812310495,1429.5395287989866,3,0,0
828,0.33390310999330847,1706.7634878698839,4,0,0
249,0.04828829035283205,329.91220986727427,5,1,0
721,0.34999491727607934,3892.5748870470375,3,0,0
113,0.2751756394193755,3982.113672190061,5,1,0
540,0.39508319344673115,1871.170899832815,8,1,0
899,0.20987348745910295,1129.0677313676304,5,0,0
766,0.14804730845668557,3019.2507343899015,9,1,0
868,0.1428324944233615,4127.1793440640395,4,0,0
825,0.17844994358737742,4093.6882149681946,6,0,0
661,0.06038976121628936,3222.693543778687,8,1,0
504,0.2627748350751148,966.9296004492181,9,1,0
239,0.09537716487163195,2341.393057603347,4,1,0
425,0.15063169892668127,3770.251635865065,4,0,0
729,0.07275865019371247,952.4509517885156,8,1,0
890,0.3527044369867419,3723.557288841956,6,1,0
233,0.3084505645198687,3682.0736346122108,9,1,0
203,0.22564258858881997,830.4199455140333,5,0,0
33,0.22241967967026477,1249.989370280066,8,0,0
508,0.39236755704304965,4994.666416893498,8,0,0
451,0.10651765992163209,3640.4868159070897,0,0,0
637,0.3357483350162308,818.3460676059576,7,1,0
370,0.07821345941080954,263.2508015293278,4,0,0
701,0.3517540720441704,3324.5204449643975,5,1,0
104,0.09341724996720968,2325.466946198379,6,1,0
678,0.2647892082571252,1800.6792432550862,6,0,0
946,0.3686096117856524,657.3932117196697,3,0,0
447,0.132947621013631,291.2870340010886,1,1,0
5,0.22852982963288815,1777.5010346700797,0,0,0
650,0.22185072351483393,4770.336670366432,1,0,0
962,0.3969478275972584,2070.219414329288,3,0,0
781,0.34216432522763335,4087.3241023386804,0,0,0
348,0.16877862678022498,4769.5822338691105,3,1,0
978,0.3104094017529459,2572.5293496818317,6,0,0
76,0.04372454218444333,3367.3047588194468,0,0,0
607,0.39220283280420004,2709.1572586258612,0,1,0
742,0.20738217952309962,4654.984086394835,7,1,0
496,0.2874853136983609,2128.1359530455243,2,0,0
42,0.1530743254592874,2004.2758400230975,7,0,0
894,0.2029060461001358,1539.8832208458284,7,0,0
974,0.30801926416997855,1379.63530412548,4,0,0
931,0.3610487231339404,4096.7789707623,3,1,0
274,0.04979432416416946,4549.32168543664,3,1,0
757,0.2470788017759022,857.5423873280206,0,0,0
25,0.08683581847716992,654.4574757616703,3,1,0
491,0.07767165125500847,1105.4407278965043,0,0,0
156,0.3021027399316521,856.7127141226653,8,0,0
18,0.2066113387458856,3338.5920805566134,5,0,0
499,0.3526781681777103,1194.943350390594,8,0,0
227,0.1226523585295406,3952.808990925342,1,0,0
808,0.3014738153453021,3699.999486020951,1,0,0
479,0.18316426234937921,2262.180204427362,7,0,0
700,0.3334679926019533,468.50132693141853,2,0,0
443,0.19806098252582638,2127.2576530759147,3,0,0
436,0.1266037408211787,1610.7592559850655,0,0,0
808,0.3399387436115441,2172.7408390095334,0,1,0
825,0.3446371912308072,1298.64765199065,4,1,0
997,0.05142448603090238,1250.1215069901527,1,1,0
430,0.24617879726474484,2063.765593858805,4,0,0
783,0.10700002471805742,3437.4892509823267,6,0,0
318,0.03851599999205696,4216.365975010737,0,1,0
686,0.3983543337712862,4159.609281562937,1,1,0
277,0.20138806717416657,616.3823667723124,8,1,0
400,0.05063259049370483,1010.202049924727,8,0,0
554,0.08860752843939601,4761.447628856371,6,1,0
131,0.39250341810413103,500.716559031849,4,1,0
661,0.21933388601578774,4017.1924877290344,7,1,0
425,0.15063169892668127,3770.251635865065,4,0,0
217,0.1567386799232252,2284.9836034196333,6,0,0
141,0.3454756831339779,4715.374652870808,8,1,0
86,0.3031930584915264,4728.331767992314,0,0,0
174,0.06965116935395715,2158.5665094885712,2,1,0
12,0.23580428537054615,4728.4312937574605,4,0,0
242,0.2158301070718917,4319.743052604211,4,0,0
218,0.31421141445883644,2559.058197959405,6,0,0
694,0.19078795952609084,4913.603699658053,9,1,0
941,0.29110045037864374,2532.022608797107,4,0,0
270,0.3508568170330476,903.0629300672958,9,0,0
243,0.23611321287810216,2357.2668984504053,6,1,0
639,0.26510970340855006,256.07205763678144,9,0,0
251,0.2886558165841787,574.8904802016208,3,1,0
732,0.20790820629761309,4643.162370977257,5,0,0
477,0.115758534123028,2717.8050286645284,0,1,0
808,0.06400803260171817,4685.0712428477245,3,1,0
442,0.2626091258154503,4356.434202840704,5,0,0
405,0.14257951475503367,2456.5141054545647,0,1,0
265,0.3232152889960016,4031.3936100988994,9,0,0
495,0.24777784518796497,4006.2318468387507,6,1,0
538,0.1238651428870794,2329.038113126497,0,0,0
196,0.3417080661468546,2751.791286683946,3,0,0
532,0.25408189522908736,4695.551033737316,3,0,0
638,0.30434211030175046,1094.9077347276252,7,1,0
425,0.10790212552984668,3298.3554898534776,7,1,0
145,0.1062073662616076,2352.289333367858,0,1,0
359,0.06666340817128757,3642.4947834296195,2,1,0
385,0.059765434773538906,297.0244085089463,7,1,0
681,0.2696741024204399,658.1972547731377,7,1,0
459,0.24916235482412513,3375.399588051507,7,1,0
749,0.06552931540214518,4896.47098451411,6,1,0
762,0.2813347703421543,849.630226699384,8,1,0
314,0.3348772256091239,1898.6694313160922,4,0,0
490,0.3921428858702344,626.7085700225679,8,1,0
704,0.13937789973431458,2312.2260778987843,4,1,0
141,0.15136468859485358,2456.0075153986036,8,0,0
154,0.19475801297270434,4424.611994230192,2,1,0
877,0.07048966849505706,1558.7055483842203,8,1,0
478,0.2815471389362464,1003.1297040057622,4,1,0
720,0.29635031891894964,4129.947154638205,7,1,0
910,0.3944725619674634,2025.9447866950109,4,0,0
800,0.10546366805325597,3698.764160426314,1,1,0
64,0.315224057828995,4846.256517012618,0,1,0
79,0.010453177200134334,4302.511014324583,8,0,0
332,0.3363866573645537,2005.416479769926,5,1,0
508,0.10963285079629004,2720.076833335933,1,1,0
120,0.07433628184809105,1137.7472373091202,8,1,0
384,0.2626306733589694,4625.418636970764,2,0,0
246,0.07757988946917477,595.260515919153,0,1,0
244,0.19696648932312355,144.84219555490984,6,1,0
728,0.34834201675755067,640.9843474652563,1,1,0
166,0.04734268736396141,1299.1903246403222,5,1,0
19,0.21311572913238214,3577.197135497958,4,0,0
740,0.053378165247206566,1287.2083688618688,0,0,0
927,0.012103022211264913,989.9158318180451,1,1,0
948,0.2973881073954175,4653.156781234733,3,0,0
944,0.32069662436165824,4489.552510953828,3,1,0
992,0.21231870319517537,681.6789297101282,3,1,0
962,0.1911186600072457,4896.195329154439,3,1,0
188,0.10419260162822591,2688.951323507253,1,1,0
728,0.34834201675755067,640.9843474652563,1,1,0
990,0.24461495010230644,3094.9043148260866,0,1,0
458,0.23816305695943168,2671.182825523817,1,0,0
819,0.2015156556413683,2834.8773873728965,4,1,0
103,0.08487960069641326,922.8377261517982,7,1,0
764,0.3152605711240867,1001.7001472986951,5,1,0
850,0.23466164852173504,1161.6223533688033,7,0,0
912,0.17615117718837997,1262.792876441809,4,1,0
491,0.35022743271217893,1696.3506177600389,2,0,0
41,0.2565949458549149,4773.473306690428,0,1,0
491,0.3799034535501599,4606.5604758436875,6,1,0
573,0.15550516924463004,877.3271064624652,1,1,0
486,0.22418346771578823,4773.373243331799,9,0,0
364,0.33520144550818204,959.0370568485673,0,1,0
365,0.337702218567647,2151.8287108941786,9,0,0
687,0.028200678880395236,431.30962836111735,3,1,0
149,0.24033505615253836,4770.646982622317,9,1,0
375,0.3212899579022704,2900.1160233857318,0,0,0
237,0.18704037364410164,695.2285729792956,9,1,0
554,0.2664124306563051,1029.2818502483178,5,0,0
609,0.3413762886699796,2249.7459787941966,5,0,0
843,0.2602635564045818,3558.212602101953,5,1,0
734,0.34028342068035755,1868.1050406950822,5,0,0
440,0.12275090551373591,4125.578343999234,2,1,0
518,0.02156389410941434,680.7380483900531,5,0,0
211,0.2150929333892565,3323.4887077444982,1,1,0
523,0.18544515611921253,3751.070495186753,4,0,0
833,0.3673540027868488,1606.8777999576062,6,1,0
182,0.001957052867695319,2403.216990726221,0,1,0
532,0.24031036680832196,4397.007878909449,9,1,0
597,0.26925443650705677,2917.023236368111,6,0,0
68,0.3327547043786067,4520.110693000998,0,0,0
184,0.06418030644759892,4289.588126896857,0,0,0
695,0.29368720006290444,2376.4509396520048,6,1,0
492,0.3932718279550237,51.64819103128435,1,0,0
909,0.01725193824916299,469.2363473541512,2,0,0
376,0.3963387438973134,1817.1229109233198,4,0,0
874,0.3304475269694639,2180.2300147556157,1,1,0
607,0.028547168953971858,4029.597624650182,0,1,0
871,0.3895469716908852,3324.304272887909,5,0,0
834,0.021501082722285958,1707.093392301681,6,0,0
738,0.207054541061998,2842.0805330517514,4,1,0
780,0.06533631520663119,2492.909084287623,2,0,0
97,0.23736056356410645,1113.4877575994565,7,1,0
903,0.24285768969800353,2384.258943655395,7,1,0
97,0.3007132926124004,4729.349602896434,6,0,0
607,0.2221760980487475,4366.36225128581,1,1,0
637,0.3357483350162308,818.3460676059576,7,1,0
718,0.35605902816706764,964.7011696169944,8,1,0
146,0.37296105974613686,4168.927101464541,2,1,0
902,0.13847730906230493,419.3894010245594,6,0,0
212,0.05312285423478025,2173.5257976688144,7,0,0
477,0.11722442440401976,4458.669571779532,1,1,0
859,0.20829611389209934,4953.840513792386,7,0,0
320,0.19146869114580856,4345.572651021033,1,0,0
925,0.15729077327311364,2031.7053651710578,2,1,0
990,0.15635664757072903,2092.947799060999,7,0,0
103,0.15649385709022734,1310.9732538903577,6,1,0
653,0.04189548627413081,1112.2798763157618,9,1,0
959,0.39665642319995087,2562.918028986942,2,0,0
811,0.2627225631810898,2054.3226638806414,9,1,0
652,0.04421879366775122,4398.9745274966035,0,0,0
371,0.0028315002628983565,899.4821123474294,3,0,0
406,0.16252882169590765,3375.6531038382877,7,0,0
423,0.04621055022658932,241.51675977617973,0,1,0
711,0.20917290374687902,3529.0912005254036,3,1,0
734,0.289798363706337,3621.494618509802,1,1,0
765,0.3766012825702479,3153.5925779753097,7,0,0
829,0.2695955397568165,545.0612827649567,8,1,0
283,0.3621931779990223,1117.6722714657842,1,1,0
279,0.13414109776974392,3671.2986142602517,7,1,0
540,0.20906534148546557,376.7318439931658,1,1,0
47,0.0673602225453318,126.53083478781973,8,0,0
928,0.02783640747698779,210.60856018983603,1,1,0
797,0.3794978812453638,4416.433398081853,6,0,0
675,0.13732409643424415,3719.437119969298,5,0,0
234,0.33772780901162525,3809.086662090062,3,0,0
726,0.04604871389526155,4533.132660565585,8,1,0
871,0.303662296128863,3934.6403647876637,9,0,0
926,0.2252204977129666,3899.4076210409157,7,1,0
984,0.022046108198766068,1907.2161992509998,0,1,0
601,0.22149576932815912,2638.399721609606,9,1,0
39,0.24136419373839169,4572.3597182116655,2,1,0
902,0.15909373972819435,192.26150001200708,1,1,0
806,0.19839644073282658,4575.622860632866,0,0,0
973,0.04892850135822502,1793.7913494937056,1,1,0
380,0.0053459950567507075,728.6447366542233,6,1,0
658,0.08014673691041435,2636.814911592268,2,0,0
265,0.08395159830104443,4163.159912483468,2,1,0
915,0.20077086900264124,1305.419837213247,0,0,0
766,0.0036364038470046434,925.5705537892843,4,1,0
683,0.08655751296442243,208.93025658422877,3,0,0
570,0.3863720722732061,4360.65570254284,2,0,0
349,0.27847420931413147,103.91804572711266,0,1,0
177,0.3073786943703243,1027.0590623184057,5,0,0
144,0.06247828304200903,422.47768750576773,6,0,0
317,0.35239349342013265,1752.4420979327856,9,1,0
419,0.0059522344239251734,1943.4454111378734,0,0,0
136,0.383584070172176,1700.1648584771715,8,1,0
258,0.1123793889693443,2684.779144275207,3,1,0
825,0.036529323016390725,4106.52293559764,7,0,0
283,0.3151420197481715,3790.6956948344055,1,0,0
235,0.3978533425474188,575.2190357912677,7,1,0
419,0.03586586890745419,447.13138545264337,8,1,0
29,0.08840083323203218,547.125204822391,2,0,0
659,0.17215401665997965,3495.9580555732846,2,0,0
825,0.17844994358737742,4093.6882149681946,6,0,0
93,0.15568772108166057,4315.98377887429,5,0,0
441,0.008403639910571248,4413.426100195014,6,1,0
593,0.029108756037669825,4519.418815235507,3,1,0
694,0.2293949326451789,4559.419314602223,2,0,0
43,0.33655567406226433,1629.2679552006302,4,0,0
739,0.15486662447300603,3797.762928687187,1,1,0
871,0.11938294700198665,215.26160402484157,4,0,0
980,0.154646531861515,1423.7180132118112,3,0,0
652,0.1983946627072921,3542.737529753491,7,1,0
853,0.3347403731929657,2319.8644873387275,2,0,0
46,0.01085004763777081,1970.2561613916166,4,0,0
223,0.043976504184364495,3171.5906506333954,7,1,0
816,0.2886080365044751,4527.960214219,4,1,0
339,0.0014813602801984072,4800.288268818822,9,0,0
588,0.19092239946170786,1007.451329661328,7,1,0
560,0.32079866467243245,1417.1221351315166,8,1,0
490,0.3921428858702344,626.7085700225679,8,1,0
525,0.3727262067535102,4611.8365135996055,7,1,0
6,0.10000813063291325,253.3845256887548,0,0,0
909,0.33899751877944745,1167.2301988270433,5,1,0
827,0.0660492008643701,987.2178786359397,4,1,0
93,0.16362997258476614,244.1315813360722,0,0,0
929,0.24156732278274973,1852.9084719461941,9,1,0
524,0.0027218545958452856,3748.5910994730634,3,0,0
457,0.14763031504298696,1829.968390903649,4,1,0
936,0.3922040583091019,4268.928707947037,6,1,0
491,0.35022743271217893,1696.3506177600389,2,0,0
222,0.04015822397262253,4171.945642615924,3,1,0
629,0.024122061568270847,1468.4365015752521,3,0,0
736,0.23526896739513742,378.3117761234345,2,1,0
106,0.2604428913503396,2593.9099048621315,1,1,0
913,0.15018161178555683,397.9078821707289,6,0,0
154,0.1212886014489683,1593.265397709796,4,0,0
899,0.2653475948817607,2280.8474589911675,2,1,0
143,0.03469765747027104,2104.044585902472,8,1,0
519,0.25871627990648155,4734.268880787604,4,0,0
955,0.22095392248946294,3976.924948105527,3,1,0
451,0.3412465168685744,3800.4371860260485,9,0,0
576,0.3764908086480584,736.7526605725491,6,0,0
915,0.037391627979541986,2257.494606340337,6,1,0
351,0.007805311128864623,1656.104181805755,2,0,0
270,0.07253269732021178,1258.590298341578,0,0,0
516,0.06628470167256734,3061.623910856342,6,0,0
218,0.17379990722932548,2220.4182885546807,0,0,0
532,0.3560272668456136,1889.3281173659202,0,0,0
134,0.3659520995065159,4650.285096214322,6,1,0
364,0.0798214339075915,4998.883664147367,1,0,0
916,0.35149586307340974,3797.3136318589495,3,2,1
192,0.4418792641692443,61.25441704537402,8,1,1
303,0.33175103470262857,717.0417614630884,7,2,1
634,0.027346587288133828,2876.339379866086,7,2,1
806,0.06733740899599822,227.65928307566608,9,2,1
152,0.48645098559835315,4448.043017378555,8,0,1
425,0.22018711151260534,1960.3110807432918,9,2,1
678,0.13739890538395028,4046.3189950630504,4,2,1
74,0.06080262967402855,4731.975010119382,1,2,1
308,0.4798130768948656,1262.538951767576,6,0,1
520,0.44329330053017174,4814.204392094309,7,2,1
720,0.2258662924380208,4564.770067074426,4,2,1
848,0.004930364168569734,2039.8808800238544,2,2,1
594,0.4827053496843058,3715.579132945991,9,2,1
828,0.009392163043590918,3047.6669041803616,6,2,1
482,0.11775861389576775,2823.65144244539,9,2,1
950,0.43541631064267505,990.6637451859558,5,2,1
791,0.054989617882708564,4214.779199482873,6,2,1
601,0.49182126551640587,3663.131758893708,3,0,1
845,0.17509470286542217,1213.5519747997046,0,2,1
466,0.36980398450006857,677.4431683458046,0,2,1
156,0.400504121598958,1507.7389392675232,2,2,1
471,0.440644003750818,2736.585984613629,1,1,1
330,0.4503629050619917,4574.635087631387,9,0,1
366,0.29603215387745835,3616.3181696928673,1,2,1
270,0.43719351865140477,4356.257172386275,9,1,1
647,0.367036765502939,1581.36599232474,5,2,1
620,0.06042022566697958,1591.7484467729923,3,2,1
354,0.06688034753850108,3875.7628658565395,9,2,1
797,0.1037296007399392,1522.1363986223043,1,2,1
58,0.2715591525986293,3730.324328206277,5,2,1
366,0.29603215387745835,3616.3181696928673,1,2,1
123,0.24340353849162172,396.9865793534793,5,2,1
907,0.13429958075054294,3642.3688923472023,6,2,1
999,0.4862892088297379,971.7969668325209,6,1,1
565,0.012334977270243574,2493.769732098283,6,2,1
997,0.2703787509436782,4214.0698116427675,0,2,1
927,0.0557911565666207,4088.828705558783,3,2,1
74,0.42913986142797755,3978.4294212329078,2,0,1
81,0.4694298882178289,4645.956851427425,7,0,1
132,0.007186475888888821,1142.9501889831843,9,2,1
644,0.4566498558000169,1869.2831422441789,7,1,1
725,0.1282065138494709,4883.710591988098,1,2,1
220,0.2755706680973669,2506.670603619394,3,2,1
997,0.04627772293051413,3905.5416230311835,3,2,1
819,0.2322561252520387,3107.645795903631,3,2,1
977,0.4185110653241653,1711.3583864540165,0,2,1
365,0.43425323534269555,266.7304073158808,8,0,1
318,0.3356107781731588,4315.8349903616345,7,2,1
274,0.35282966693697326,3677.290563203752,6,2,1
124,0.11420448078371931,4184.359811479465,3,2,1
731,0.42147499656955356,1309.028050928308,5,2,1
408,0.4844840651609979,3863.088623461758,1,1,1
217,0.07599628072233866,1326.1577315125671,1,2,1
686,0.4760386649727177,1536.2759223382436,7,2,1
360,0.004099160565481097,2647.5319961988844,9,2,1
450,0.0642934064656367,2150.0962249614463,9,2,1
978,0.17054715829370087,1317.7299492792574,9,2,1
579,0.13734374699370838,1839.195609000638,8,2,1
161,0.47248353182003805,3888.6148278794276,1,1,1
916,0.4553324976919442,3501.70697446881,0,1,1
828,0.06427297880225524,3657.506491015564,8,2,1
321,0.4649292502502805,3833.221797594221,6,2,1
138,0.45831314098898956,4439.480042957659,3,2,1
151,0.38885874453627534,961.6932843489008,8,2,1
494,0.45892371141017607,1492.1944033857285,3,0,1
497,0.16823058128860613,1275.7061253516747,7,2,1
646,0.425214743839464,3127.546745778965,1,0,1
560,0.2825729852784719,4604.155908424093,2,2,1
554,0.279893428535696,3152.263618600084,6,2,1
205,0.21538057918086756,667.9703740535326,7,2,1
25,0.07541471883051432,2180.454219794046,9,0,1
942,0.12196628190510811,1773.3793287132269,2,2,1
402,0.25753017287893476,4304.428583205627,5,2,1
220,0.44849703909283695,179.02970431636444,0,1,1
494,0.23645702226706927,337.7860698318721,1,2,1
819,0.2322561252520387,3107.645795903631,3,2,1
836,0.10017542572420296,3320.6681417325276,2,2,1
616,0.323182556061828,3126.075424166548,7,2,1
480,0.4750345776367031,4363.995738364346,4,0,1
685,0.39530148238487767,2207.273563490313,0,2,1
942,0.43720727709823926,2983.4482674108244,1,0,1
676,0.4265879061289002,1334.4657150275154,6,0,1
261,0.2209245172388663,3602.410100381651,3,2,1
815,0.38974150844226424,794.0421787754267,2,2,1
443,0.45137023054600073,3004.5825709120227,0,0,1
882,0.2033620519870492,4010.3320274423963,9,2,1
821,0.4782769836664256,4002.47518055098,2,2,1
429,0.3172750704308135,2146.928492720285,9,2,1
192,0.10633214325567142,4559.77436990566,0,2,1
831,0.41213399296143727,911.5530012569218,3,0,1
386,0.43480822886613085,2460.269584179596,0,0,1
929,0.1484459146997144,3496.2810677488997,6,2,1
708,0.33089535690726046,1714.8167310358656,8,2,1
437,0.154392829176293,1330.4424393834968,8,2,1
10,0.35299263302540923,4762.239730401845,8,1,1
829,0.3571077184286569,2543.869849343116,3,2,1
730,0.462154783526279,1358.0863953557955,2,2,1
438,0.15236140302648932,1314.2863111144052,3,2,1
869,0.39498737978491666,1124.8030432952376,1,2,1
759,0.19971613951542722,4804.164654495857,5,2,1
222,0.3594071333471194,1924.6489882380833,3,2,1
374,0.4185809820975128,1171.9041292236982,2,2,1
69,0.3545635957429687,2584.0828492703235,3,2,1
868,0.07387316221898055,1271.1917660113913,3,2,1
833,0.19381231260122966,4499.451250867658,4,2,1
601,0.24704035910206013,3251.517879638922,7,2,1
946,0.34459070521375834,1360.4110051948464,1,2,1
172,0.28057557333597805,3668.984405554926,5,2,1
998,0.42293345310241753,1452.4454610537673,3,1,1
44,0.4814311670928711,1298.9123789479258,0,1,1
529,0.4615004196949417,2767.9531172353404,1,0,1
457,0.041735972270702415,3988.206556085798,8,2,1
869,0.08894202936724982,4540.841384698094,5,2,1
485,0.06425198925060482,1982.5541775595054,9,2,1
461,0.31157368366797844,4227.101990383465,6,2,1
910,0.4809324371739993,3095.5823437007584,9,0,1
606,0.4446132968317108,3192.986806534674,4,1,1
724,0.4250199274965968,914.429407305296,0,1,1
92,0.42105431106463764,1219.653350645675,4,0,1
399,0.37789562144265115,4567.515091313565,1,2,1
875,0.4111119998483953,2972.066855669961,1,0,1
836,0.47329928638916935,4091.417808279029,6,2,1
118,0.10043859007011413,3384.808272903331,6,2,1
361,0.41345177201348426,2176.5270001298527,1,0,1
756,0.03294356965761641,606.0692986180007,6,2,1
805,0.4007697303595377,3115.3380582492214,4,1,1
77,0.419250495221573,1055.6246165404516,5,0,1
923,0.1683963055410534,1843.7145802636312,8,2,1
900,0.46580404773296197,1350.6819876755576,0,0,1
581,0.11240644975509229,2408.0042472263985,7,2,1
170,0.41167373847307015,3938.0629666316504,1,1,1
864,0.4008028383065215,4199.582788354061,3,1,1
381,0.023841572124881638,4412.553601026275,3,2,1
416,0.17313302076737425,4816.752227923094,3,2,1
986,0.4273181034093274,4456.399823928048,8,0,1
798,0.44936305680526484,735.0348471263263,9,1,1
562,0.46070966743816383,1387.2280484458422,5,1,1
392,0.43127841626192537,256.23185212831225,8,0,1
2,0.13180271990344072,4269.026948602939,4,2,1
475,0.10451851869296114,4841.043867175372,2,2,1
210,0.24246951529138167,3176.1466184079427,5,2,1
125,0.4582110945837668,4717.908669841172,5,2,1
685,0.304844530624784,756.0850149147227,4,2,1
514,0.1293408869007142,4272.100293980797,2,2,1
281,0.1537162662739186,4393.601930761665,3,2,1
180,0.37140234362992325,347.7468745148575,4,2,1
670,0.34438375797957577,1528.2107634860192,9,2,1
336,0.40691295004935213,3949.996603431105,3,1,1
955,0.44519939454027596,3096.6106067963483,0,2,1
355,0.4703226716802619,4000.970895385885,3,2,1
781,0.32738535680104414,2456.515207845561,0,2,1
957,0.45912908397065316,1415.062543050322,0,0,1
178,0.28613389443222426,2594.4923036020878,8,2,1
868,0.4330643761461581,4826.225911215186,6,0,1
535,0.4092013237489117,2828.6550170103433,6,2,1
125,0.4479271285042652,1717.1110734147353,5,2,1
990,0.3742921735017664,2423.9739609065473,0,2,1
700,0.3268413328285677,496.69452245371497,0,2,1
938,0.021882923599159276,4258.013947723373,9,2,1
625,0.2769897436100403,4341.806413944585,6,2,1
373,0.4251884596498528,3852.0029648655086,7,1,1
7,0.3619999370597813,3288.187827218597,2,2,1
558,0.14089867519824623,883.649828685448,9,2,1
172,0.28057557333597805,3668.984405554926,5,2,1
154,0.03627818771458308,345.630280411124,1,2,1
677,0.48425677844159903,4619.693656898479,6,1,1
458,0.4678746307622752,2561.0644886886416,5,1,1
732,0.4316517574225622,277.6129592315424,3,1,1
628,0.026359883167250575,2814.436012279807,5,2,1
78,0.43339344324487883,379.8034566742849,6,0,1
716,0.44552759692091043,1866.8043193268497,2,2,1
559,0.47633271404918326,1411.8806764276983,2,0,1
471,0.45888632624721976,2205.904404924874,4,1,1
792,0.04281461536426778,3897.722232931217,5,2,1
596,0.42607387390000584,4300.2950624542955,2,0,1
414,0.10476731197506284,535.1763877900878,8,2,1
330,0.12684714754425597,1366.5611216329185,8,2,1
169,0.4735845958528798,3552.215936753544,7,2,1
121,0.3642112436497191,1599.3956350246217,9,2,1
758,0.423033210037711,2201.426625995284,5,2,1
953,0.4012091435893516,562.4662216693124,1,1,1
160,0.0010382588000406034,3121.320292954813,9,2,1
897,0.49585711439371843,4049.4105672806154,5,2,1
588,0.41779758180386517,4349.293629083236,6,0,1
22,0.25940415604217676,1998.841843498572,2,2,1
921,0.21322039764621598,3534.1521882511006,3,2,1
629,0.08352783473439285,1785.4436277668658,4,2,1
434,0.4793773081074518,4780.438694107591,9,2,1
303,0.411794912085315,3181.795538790912,1,1,1
279,0.17363861743813497,4452.829047406113,0,2,1
154,0.4753563749986812,1262.1982209110517,1,2,1
946,0.23099975368210407,77.91118632691848,3,2,1
534,0.4963127742264351,1193.927567304394,1,2,1
428,0.3662207295652246,1514.0709118438338,8,2,1
494,0.3671867393383869,3945.4791852389094,0,2,1
919,0.005057215830417905,2557.663546108124,0,2,1
817,0.46790048802731043,131.2118221983963,6,2,1
376,0.463079165262934,4510.884401096021,8,2,1
311,0.12425685461075542,621.5111209835014,6,2,1
